  lwtr.01t    0.999167  5.1704E-08   03/26/26
lwtr                                                                     mat 125
   1001         0.      0         0.      0         0.      0         0.
      0         0.      0         0.      0         0.      0         0.
      0         0.      0         0.      0         0.      0         0.
      0         0.      0         0.      0         0.      0         0.
     6514        3       21       64        0        0        2        0
        0        0        0        0        0        0        0        0
        1        3        4        0        0        0        0        0
        0        0        0        0        0        0        0        0
        0        0        0        0        0        0        0        0
        0        0        0        0        0        0        0        0
                   1   1.00000000000E-11   0.00000000000E+00                   5
                 283   4.70506880000E-14   4.08952809032E+07   1.27900137042E-06
  -9.48166936000E-01  -8.44831856000E-01  -7.41988040000E-01  -6.39628549000E-01
  -5.37766394000E-01  -4.36302147000E-01  -3.35224197000E-01  -2.34493157000E-01
  -1.34105479000E-01  -3.40566168000E-02   6.56756654000E-02   1.65118893000E-01
   2.64285075000E-01   3.63176515000E-01   4.61816317000E-01   5.60160286000E-01
   6.58292216000E-01   7.56200757000E-01   8.53887426000E-01   9.51210711000E-01
   9.41013750000E-14   5.78440512776E+07   3.61778662315E-06  -9.47251918000E-01
  -8.42251119000E-01  -7.37981745000E-01  -6.34428719000E-01  -5.31577306000E-01
  -4.29384043000E-01  -3.27774312000E-01  -2.26730311000E-01  -1.26242694000E-01
  -2.63018247000E-02   7.31480422000E-02   1.72196142000E-01   2.70855603000E-01
   3.69130964000E-01   4.67070623000E-01   5.64581987000E-01   6.61835346000E-01
   7.58804018000E-01   8.55490488000E-01   9.51812400000E-01   1.25468500000E-13
   6.68050214755E+07   5.57272814624E-06  -9.46751919000E-01  -8.40845821000E-01
  -7.35808515000E-01  -6.31618964000E-01  -5.28256732000E-01  -4.25674271000E-01
  -3.23800058000E-01  -2.22613456000E-01  -1.22100727000E-01  -2.22475092000E-02
   7.70260887000E-02   1.75835189000E-01   2.74195462000E-01   3.72112970000E-01
   4.69649052000E-01   5.66698313000E-01   6.63490616000E-01   7.59992901000E-01
   8.56207759000E-01   9.52031669000E-01   1.88202750000E-13   8.18808418085E+07
   1.02365762056E-05  -9.45865912000E-01  -8.38360896000E-01  -7.31973902000E-01
  -6.26670756000E-01  -5.22418669000E-01  -4.19163673000E-01  -3.16839879000E-01
  -2.15419024000E-01  -1.14877618000E-01  -1.51904466000E-02   8.37701835000E-02
   1.82157887000E-01   2.79991750000E-01   3.77281022000E-01   4.74035284000E-01
   5.70305414000E-01   6.66167982000E-01   7.61684453000E-01   8.57066150000E-01
   9.52247861000E-01   2.50937000000E-13   9.46114520896E+07   1.57726320498E-05
  -9.45088844000E-01  -8.36190415000E-01  -7.28639349000E-01  -6.22386837000E-01
  -5.17386646000E-01  -4.13580563000E-01  -3.10907378000E-01  -2.09329134000E-01
  -1.08811529000E-01  -9.31692757000E-03   8.93282419000E-02   1.87304155000E-01
   2.84632579000E-01   3.81326183000E-01   4.77398582000E-01   5.72937003000E-01
   6.68063709000E-01   7.62829339000E-01   8.57575100000E-01   9.52486967000E-01
   3.76405500000E-13   1.16031402563E+08   2.89871535543E-05  -9.43698907000E-01
  -8.32326120000E-01  -7.22731448000E-01  -6.14832345000E-01  -5.08552766000E-01
  -4.03830987000E-01  -3.00610770000E-01  -1.98829880000E-01  -9.84297317000E-02
   6.56255945000E-04   9.86860761000E-02   1.95869690000E-01   2.92234343000E-01
   3.87800397000E-01   4.82592418000E-01   5.76828605000E-01   6.70780882000E-01
   7.64514535000E-01   8.58425299000E-01   9.52720876000E-01   5.01874000000E-13
   1.34215702964E+08   4.46862180342E-05  -9.42358700000E-01  -8.28623247000E-01
  -7.17107113000E-01  -6.07685224000E-01  -5.00245505000E-01  -3.94717853000E-01
  -2.91034842000E-01  -1.89104172000E-01  -8.88398808000E-02   9.85882881000E-03
   1.07323786000E-01   2.03773103000E-01   2.99241037000E-01   3.93756952000E-01
   4.87443418000E-01   5.80418707000E-01   6.73295021000E-01   7.66079690000E-01
   8.59221959000E-01   9.52793545000E-01   7.98674650000E-13   1.70004903755E+08
   8.98326549431E-05  -9.39483905000E-01  -8.20718439000E-01  -7.05148571000E-01
  -5.92529388000E-01  -4.82657238000E-01  -3.75461606000E-01  -2.70828011000E-01
  -1.68582080000E-01  -6.85674323000E-02   2.94046676000E-02   1.25750832000E-01
   2.20661490000E-01   3.14199189000E-01   4.06421847000E-01   4.97387702000E-01
   5.87745273000E-01   6.78176005000E-01   7.68859358000E-01   8.60047118000E-01
   9.53212825000E-01   1.09547530000E-12   2.00068004419E+08   1.44751594790E-04
  -9.36765001000E-01  -8.13271612000E-01  -6.93909764000E-01  -5.78290475000E-01
  -4.66122677000E-01  -3.57375222000E-01  -2.51855834000E-01  -1.49293290000E-01
  -4.94520727000E-02   4.79046318000E-02   1.43057753000E-01   2.36177457000E-01
   3.27559645000E-01   4.17505243000E-01   5.06139552000E-01   5.94256938000E-01
   6.82391901000E-01   7.70754230000E-01   8.60419382000E-01   9.52817017000E-01
   1.68907650000E-12   2.51090105546E+08   2.78655592522E-04  -9.31391167000E-01
  -7.98315440000E-01  -6.71043584000E-01  -5.49317593000E-01  -4.32721477000E-01
  -3.21159717000E-01  -2.14117122000E-01  -1.11085066000E-01  -1.16467478000E-02
   8.44581544000E-02   1.77440232000E-01   2.67613633000E-01   3.55485912000E-01
   4.41351981000E-01   5.25479565000E-01   6.08790178000E-01   6.91594000000E-01
   7.75287517000E-01   8.61405392000E-01   9.51964509000E-01   2.87627900000E-12
   3.37327707450E+08   6.27941141839E-04  -9.20780790000E-01  -7.68985134000E-01
  -6.26509721000E-01  -4.92673399000E-01  -3.67097738000E-01  -2.49176080000E-01
  -1.38300634000E-01  -3.38529720000E-02   6.48847001000E-02   1.58227301000E-01
   2.46910471000E-01   3.31569729000E-01   4.12707973000E-01   4.90745605000E-01
   5.66363056000E-01   6.40236128000E-01   7.13402629000E-01   7.87434345000E-01
   8.64793830000E-01   9.50905448000E-01   4.65714600000E-12   4.56270810077E+08
   1.33458784740E-03  -9.03607311000E-01  -7.21741456000E-01  -5.55684918000E-01
  -4.03712083000E-01  -2.64546359000E-01  -1.37104539000E-01  -2.02693382000E-02
   8.69434763000E-02   1.85317545000E-01   2.75687948000E-01   3.59009566000E-01
   4.36225483000E-01   5.08144751000E-01   5.75530936000E-01   6.39106195000E-01
   6.99794995000E-01   7.58634026000E-01   8.17352859000E-01   8.78799069000E-01
   9.51856757000E-01   5.99298600000E-12   5.53374112222E+08   2.00894988390E-03
  -8.87581459000E-01  -6.78210783000E-01  -4.90214461000E-01  -3.22312889000E-01
  -1.72212219000E-01  -3.79021257000E-02   8.24130645000E-02   1.90423991000E-01
   2.87472502000E-01   3.74870628000E-01   4.53767298000E-01   5.24896073000E-01
   5.89344490000E-01   6.48426263000E-01   7.02882317000E-01   7.53633451000E-01
   8.01843829000E-01   8.48851886000E-01   8.97325179000E-01   9.56232820000E-01
   6.99461300000E-12   6.39717314129E+08   2.60646617695E-03  -8.72656130000E-01
  -6.38657008000E-01  -4.32063812000E-01  -2.50387206000E-01  -9.08494915000E-02
   4.90848819000E-02   1.71958939000E-01   2.80032600000E-01   3.75163825000E-01
   4.59120376000E-01   5.33365820000E-01   5.99135667000E-01   6.57471279000E-01
   7.09573320000E-01   7.56588746000E-01   7.99496203000E-01   8.39304453000E-01
   8.77296718000E-01   9.15751636000E-01   9.62325000000E-01   7.74602300000E-12
   7.19053415881E+08   3.11696313407E-03  -8.58642461000E-01  -6.01914967000E-01
  -3.78907461000E-01  -1.85790143000E-01  -1.89986443000E-02   1.24992680000E-01
   2.49504033000E-01   3.56870328000E-01   4.49563904000E-01   5.29756651000E-01
   5.99356038000E-01   6.59892933000E-01   7.12795180000E-01   7.59024927000E-01
   7.99744679000E-01   8.36195776000E-01   8.69280611000E-01   9.00193263000E-01
   9.30684026000E-01   9.66429717000E-01   8.30952990000E-12   7.93872917534E+08
   3.54323534810E-03  -8.45313888000E-01  -5.67379793000E-01  -3.29455840000E-01
  -1.26644936000E-01   4.58713037000E-02   1.92624184000E-01   3.17476277000E-01
   4.23480614000E-01   5.13480538000E-01   5.89912795000E-01   6.55070261000E-01
   7.10826844000E-01   7.58638572000E-01   7.99746907000E-01   8.35249561000E-01
   8.66311556000E-01   8.93960632000E-01   9.19213909000E-01   9.43528807000E-01
   9.70930393000E-01   8.73214110000E-12   8.65345019112E+08   3.89383738974E-03
  -8.32567275000E-01  -5.34717364000E-01  -2.83456707000E-01  -7.23858110000E-02
   1.04604458000E-01   2.52823164000E-01   3.77143675000E-01   4.81210648000E-01
   5.68238808000E-01   6.41140776000E-01   7.02140859000E-01   7.53315598000E-01
   7.96455638000E-01   8.33026398000E-01   8.64064822000E-01   8.90598520000E-01
   9.13779780000E-01   9.34516172000E-01   9.53957824000E-01   9.74960164000E-01
   9.04909950000E-12   9.32980220606E+08   4.17883453507E-03  -8.20601750000E-01
  -5.04293450000E-01  -2.41118784000E-01  -2.30584647000E-02   1.57166426000E-01
   3.06197954000E-01   4.29341649000E-01   5.30938720000E-01   6.14862376000E-01
   6.84082397000E-01   7.41139856000E-01   7.88213562000E-01   8.27255486000E-01
   8.59791979000E-01   8.87000135000E-01   9.09861349000E-01   9.29393374000E-01
   9.46490761000E-01   9.62122267000E-01   9.78221611000E-01   9.28681830000E-12
   9.96367722006E+08   4.40815567392E-03  -8.09139900000E-01  -4.75806671000E-01
  -2.02154091000E-01   2.15996761000E-02   2.04125375000E-01   3.53184680000E-01
   4.74672843000E-01   5.73620911000E-01   6.54299986000E-01   7.19932585000E-01
   7.73312963000E-01   8.16759430000E-01   8.52220266000E-01   8.81258224000E-01
   9.05195086000E-01   9.24989644000E-01   9.41539797000E-01   9.55739181000E-01
   9.68384073000E-01   9.80789230000E-01   9.46513270000E-12   1.05719002335E+09
   4.59124513253E-03  -7.98508580000E-01  -4.49278749000E-01  -1.66065330000E-01
   6.25649527000E-02   2.46760457000E-01   3.95340168000E-01   5.14851671000E-01
   6.11065644000E-01   6.88437402000E-01   7.50589815000E-01   8.00520957000E-01
   8.40683817000E-01   8.72949719000E-01   8.98954681000E-01   9.20076340000E-01
   9.37311018000E-01   9.51458979000E-01   9.63328233000E-01   9.73632171000E-01
   9.83494595000E-01   9.59884320000E-12   1.12307902480E+09   4.73700756481E-03
  -7.87592198000E-01  -4.21584272000E-01  -1.28495093000E-01   1.04833513000E-01
   2.90364996000E-01   4.37938508000E-01   5.55029575000E-01   6.48041454000E-01
   7.21769655000E-01   7.80189549000E-01   8.26517462000E-01   8.63253158000E-01
   8.92341288000E-01   9.15445223000E-01   9.33877408000E-01   9.48681598000E-01
   9.60642530000E-01   9.70489477000E-01   9.78879522000E-01   9.87223746000E-01
   9.69913240000E-12   1.19919802649E+09   4.85345721864E-03  -7.74464025000E-01
  -3.89839464000E-01  -8.65884644000E-02   1.51358912000E-01   3.37768977000E-01
   4.83586870000E-01   5.97537402000E-01   6.86584680000E-01   7.56047588000E-01
   8.10236613000E-01   8.52560190000E-01   8.85546125000E-01   9.11293971000E-01
   9.31387518000E-01   9.47120574000E-01   9.59548241000E-01   9.69445564000E-01
   9.77442384000E-01   9.84166490000E-01   9.91495048000E-01   9.77434930000E-12
   1.28555302839E+09   4.94690485445E-03  -7.59688944000E-01  -3.54242308000E-01
  -4.09870224000E-02   2.01080495000E-01   3.87629059000E-01   5.30850658000E-01
   6.40719245000E-01   7.25118420000E-01   7.89792439000E-01   8.39393527000E-01
   8.77394247000E-01   9.06508452000E-01   9.28830019000E-01   9.45919794000E-01
   9.59053402000E-01   9.69249788000E-01   9.77226345000E-01   9.83583083000E-01
   9.89034429000E-01   9.95062171000E-01   9.83076070000E-12   1.37293903032E+09
   5.02188948391E-03  -7.44887751000E-01  -3.19140930000E-01   4.01526041000E-03
   2.49241415000E-01   4.34481787000E-01   5.74439483000E-01   6.79831568000E-01
   7.59378799000E-01   8.19275126000E-01   8.64391006000E-01   8.98314317000E-01
   9.23863796000E-01   9.43071175000E-01   9.57526595000E-01   9.68425177000E-01
   9.76719226000E-01   9.83102892000E-01   9.88155953000E-01   9.92630349000E-01
   9.97244356000E-01   9.87306990000E-12   1.44659103195E+09   5.08153551457E-03
  -7.32539141000E-01  -2.90295300000E-01   4.04593566000E-02   2.87573572000E-01
   4.71527606000E-01   6.08264268000E-01   7.09744723000E-01   7.85143125000E-01
   8.41071249000E-01   8.82513315000E-01   9.13234847000E-01   9.35997967000E-01
   9.52860369000E-01   9.65348794000E-01   9.74606684000E-01   9.81541462000E-01
   9.86796632000E-01   9.91038095000E-01   9.94755819000E-01   9.98250720000E-01
   9.93653450000E-12   1.55056703425E+09   5.17664223347E-03  -7.18187196000E-01
  -2.54645395000E-01   8.67377776000E-02   3.36192470000E-01   5.17527977000E-01
   6.49828589000E-01   7.46073960000E-01   8.15922445000E-01   8.66638124000E-01
   9.03444220000E-01   9.30156537000E-01   9.49513846000E-01   9.63544068000E-01
   9.73671570000E-01   9.81023589000E-01   9.86400057000E-01   9.90496842000E-01
   9.93886036000E-01   9.96621935000E-01   9.98894237000E-01   9.99999900000E-12
   1.59725503528E+09   5.27652971034E-03  -7.10665275000E-01  -2.37395698000E-01
   1.07849580000E-01   3.57579927000E-01   5.37489517000E-01   6.67446384000E-01
   7.61069110000E-01   8.28332124000E-01   8.76717485000E-01   9.11493615000E-01
   9.36474287000E-01   9.54410906000E-01   9.67281818000E-01   9.76514890000E-01
   9.83146190000E-01   9.87936964000E-01   9.91697449000E-01   9.94749673000E-01
   9.97109853000E-01   9.99047546000E-01   1.00634660000E-11   1.55214603428E+09
   5.37647127429E-03  -7.18028894000E-01  -2.54166207000E-01   8.73697231000E-02
   3.36852457000E-01   5.18172025000E-01   6.50413527000E-01   7.46581309000E-01
   8.16346099000E-01   8.66991033000E-01   9.03730314000E-01   9.30384517000E-01
   9.49694795000E-01   9.63686265000E-01   9.73783191000E-01   9.81110059000E-01
   9.86466581000E-01   9.90545633000E-01   9.93918455000E-01   9.96640386000E-01
   9.98900110000E-01   1.01269300000E-11   1.44988803202E+09   5.47173181928E-03
  -7.32049486000E-01  -2.89058461000E-01   4.20082917000E-02   2.89175607000E-01
   4.73062995000E-01   6.09669353000E-01   7.10985889000E-01   7.86196066000E-01
   8.41877736000E-01   8.83182787000E-01   9.13785382000E-01   9.36443753000E-01
   9.53220614000E-01   9.65635733000E-01   9.74830726000E-01   9.81709670000E-01
   9.86923492000E-01   9.91124834000E-01   9.94805965000E-01   9.98268106000E-01
   1.01692390000E-11   1.37677803041E+09   5.53152852650E-03  -7.44323252000E-01
  -3.17682275000E-01   5.87439790000E-03   2.51336718000E-01   4.36873353000E-01
   5.76573664000E-01   6.81691787000E-01   7.60963306000E-01   8.20596320000E-01
   8.65489207000E-01   8.99215045000E-01   9.24594000000E-01   9.43658777000E-01
   9.57997795000E-01   9.68797701000E-01   9.77009842000E-01   9.83324694000E-01
   9.88318989000E-01   9.92733684000E-01   9.97282807000E-01   1.02256510000E-11
   1.29034302850E+09   5.60675734308E-03  -7.58985023000E-01  -3.52387312000E-01
  -3.76451159000E-02   2.04574226000E-01   3.90901983000E-01   5.33809733000E-01
   6.43350436000E-01   7.27400897000E-01   7.91724868000E-01   8.41023471000E-01
   8.78754912000E-01   9.07634473000E-01   9.29750339000E-01   9.46668015000E-01
   9.59670203000E-01   9.69739637000E-01   9.77605358000E-01   9.83865134000E-01
   9.89249786000E-01   9.95162638000E-01   1.03008680000E-11   1.20667902665E+09
   5.70066659704E-03  -7.73328246000E-01  -3.86880763000E-01  -8.26666712000E-02
   1.55640676000E-01   3.42108329000E-01   4.87745862000E-01   6.01280075000E-01
   6.89923056000E-01   7.59016151000E-01   8.12886762000E-01   8.54848362000E-01
   8.87490768000E-01   9.12932408000E-01   9.32750984000E-01   9.48242337000E-01
   9.60459488000E-01   9.70171885000E-01   9.78005731000E-01   9.84578994000E-01
   9.91718645000E-01   1.04011570000E-11   1.13295802502E+09   5.81798652718E-03
  -7.85405918000E-01  -4.17155622000E-01  -1.23295436000E-01   1.10639197000E-01
   2.96362049000E-01   4.43804384000E-01   5.60512397000E-01   6.52962857000E-01
   7.26211584000E-01   7.84154537000E-01   8.30028610000E-01   8.66288547000E-01
   8.94940133000E-01   9.17644923000E-01   9.35712285000E-01   9.50191247000E-01
   9.61868177000E-01   9.71457104000E-01   9.79605124000E-01   9.87682768000E-01
   1.05348670000E-11   1.07010602363E+09   5.96527237415E-03  -7.96418985000E-01
  -4.43902383000E-01  -1.59029738000E-01   7.05112310000E-02   2.55045515000E-01
   4.03553529000E-01   5.22680024000E-01   6.18205647000E-01   6.94932625000E-01
   7.56429756000E-01   8.05749121000E-01   8.45273285000E-01   8.76920869000E-01
   9.02352149000E-01   9.22941040000E-01   9.39689354000E-01   9.53399527000E-01
   9.64874158000E-01   9.74825790000E-01   9.84279471000E-01   1.07131820000E-11
   1.01364102239E+09   6.15105405141E-03  -8.06344047000E-01  -4.67974359000E-01
  -1.92067804000E-01   3.29887410000E-02   2.16250443000E-01   3.65302947000E-01
   4.86271413000E-01   5.84411984000E-01   6.64141988000E-01   7.28846640000E-01
   7.81299434000E-01   8.23873324000E-01   8.58422198000E-01   8.86592426000E-01
   9.09704837000E-01   9.28782494000E-01   9.44654249000E-01   9.58210141000E-01
   9.70237120000E-01   9.81972860000E-01   1.09509010000E-11   9.56190021119E+08
   6.38518718433E-03  -8.16562016000E-01  -4.93362863000E-01  -2.27012882000E-01
  -6.98705937000E-03   1.74258448000E-01   3.23488576000E-01   4.46095360000E-01
   5.46806350000E-01   6.29484306000E-01   6.97456809000E-01   7.53224742000E-01
   7.99044382000E-01   8.36804291000E-01   8.68070743000E-01   8.94091414000E-01
   9.15826395000E-01   9.34289546000E-01   9.50365475000E-01   9.64963622000E-01
   9.79911162000E-01   1.12678590000E-11   8.96640019804E+08   6.67882183638E-03
  -8.27554877000E-01  -5.20490362000E-01  -2.64435605000E-01  -5.00126520000E-02
   1.28546213000E-01   2.77448249000E-01   4.01346776000E-01   5.04355502000E-01
   5.89961504000E-01   6.61219156000E-01   7.20463147000E-01   7.69803084000E-01
   8.11064731000E-01   8.45779918000E-01   8.75071854000E-01   8.99916855000E-01
   9.21435394000E-01   9.40534862000E-01   9.58308801000E-01   9.77363113000E-01
   1.16904700000E-11   8.35177718446E+08   7.04476444947E-03  -8.38488584000E-01
  -5.48735908000E-01  -3.04091739000E-01  -9.67212602000E-02   7.84881360000E-02
   2.26507416000E-01   3.51260717000E-01   4.56344196000E-01   5.44813564000E-01
   6.19281698000E-01   6.82205304000E-01   7.35437763000E-01   7.80651592000E-01
   8.19194096000E-01   8.52147872000E-01   8.80676468000E-01   9.05863690000E-01
   9.28636980000E-01   9.50197768000E-01   9.74258837000E-01   1.22539770000E-11
   7.74308117102E+08   7.49824271684E-03  -8.49543707000E-01  -5.76648467000E-01
  -3.43500243000E-01  -1.43779177000E-01   2.73214871000E-02   1.73554644000E-01
   2.98512792000E-01   4.05163626000E-01   4.96059321000E-01   5.73654691000E-01
   6.40142563000E-01   6.97346755000E-01   7.46648932000E-01   7.89217799000E-01
   8.26180584000E-01   8.58750407000E-01   8.87929943000E-01   9.14616286000E-01
   9.40730659000E-01   9.70905996000E-01   1.30053870000E-11   7.14338015777E+08
   8.05753451219E-03  -8.60398465000E-01  -6.04940504000E-01  -3.83527482000E-01
  -1.92088363000E-01  -2.58580219000E-02   1.17959436000E-01   2.42598239000E-01
   3.50232875000E-01   4.43318216000E-01   5.23970473000E-01   5.94082167000E-01
   6.55264668000E-01   7.08736645000E-01   7.55495657000E-01   7.96753204000E-01
   8.33773796000E-01   8.67454311000E-01   8.98965065000E-01   9.30174620000E-01
   9.67301413000E-01   1.40070140000E-11   6.55682414482E+08   8.74365923894E-03
  -8.70905737000E-01  -6.33002716000E-01  -4.23598631000E-01  -2.40614590000E-01
  -8.01022063000E-02   6.08076528000E-02   1.84083113000E-01   2.92247954000E-01
   3.87262855000E-01   4.70858833000E-01   5.44546511000E-01   6.09624606000E-01
   6.67139254000E-01   7.18299157000E-01   7.64318652000E-01   8.06163441000E-01
   8.44821979000E-01   8.81552837000E-01   9.18567088000E-01   9.63345122000E-01
   1.53428540000E-11   5.98526313219E+08   9.58137033235E-03  -8.80965129000E-01
  -6.60526272000E-01  -4.63796473000E-01  -2.89205729000E-01  -1.34809467000E-01
   2.43460323000E-03   1.24391675000E-01   2.32733331000E-01   3.29375282000E-01
   4.15565959000E-01   4.92558775000E-01   5.61348424000E-01   6.23026969000E-01
   6.78656305000E-01   7.29434228000E-01   7.76430418000E-01   8.20500661000E-01
   8.62926777000E-01   9.06287195000E-01   9.58966144000E-01   1.71237210000E-11
   5.43862912012E+08   1.05985919685E-02  -8.90330333000E-01  -6.86138740000E-01
  -5.02392816000E-01  -3.36511801000E-01  -1.87776111000E-01  -5.43724306000E-02
   6.57345542000E-02   1.74041524000E-01   2.71783266000E-01   3.60209307000E-01
   4.40036245000E-01   5.12231009000E-01   5.77855343000E-01   6.38185949000E-01
   6.94035497000E-01   7.46210539000E-01   7.95850199000E-01   8.44340347000E-01
   8.94521491000E-01   9.55371864000E-01   1.94981260000E-11   4.92341510874E+08
   1.18287764499E-02  -8.98807583000E-01  -7.09382542000E-01  -5.37697849000E-01
  -3.81241752000E-01  -2.38655838000E-01  -1.08952703000E-01   9.14367157000E-03
   1.17035935000E-01   2.15611086000E-01   3.05594607000E-01   3.87841178000E-01
   4.63397635000E-01   5.33283165000E-01   5.98233590000E-01   6.59059078000E-01
   7.16589057000E-01   7.71960815000E-01   8.26753210000E-01   8.83979721000E-01
   9.52726536000E-01   2.26641680000E-11   4.42942609783E+08   1.33093508539E-02
  -9.06577297000E-01  -7.30384820000E-01  -5.68972504000E-01  -4.20624967000E-01
  -2.84121752000E-01  -1.57926232000E-01  -4.16667536000E-02   6.52512630000E-02
   1.63794048000E-01   2.54862812000E-01   3.39350294000E-01   4.18076455000E-01
   4.91691917000E-01   5.60929746000E-01   6.26437369000E-01   6.89221002000E-01
   7.50349661000E-01   8.11478383000E-01   8.75534858000E-01   9.51178911000E-01
   2.68857260000E-11   3.97287208775E+08   1.50828903100E-02  -9.13831302000E-01
  -7.49831482000E-01  -5.97804918000E-01  -4.56799861000E-01  -3.26011170000E-01
  -2.04191232000E-01  -9.08285551000E-02   1.52247067000E-02   1.14433028000E-01
   2.07215801000E-01   2.94179088000E-01   3.75873390000E-01   4.53083484000E-01
   5.26460961000E-01   5.96635140000E-01   6.64619995000E-01   7.31311007000E-01
   7.98515268000E-01   8.69101984000E-01   9.50391416000E-01   3.25142170000E-11
   3.54148907822E+08   1.71976160197E-02  -9.20136866000E-01  -7.67077237000E-01
  -6.23397615000E-01  -4.88423157000E-01  -3.61814680000E-01  -2.42939599000E-01
  -1.31316845000E-01  -2.63107012000E-02   7.27873302000E-02   1.66345366000E-01
   2.55131229000E-01   3.39553876000E-01   4.20032309000E-01   4.97097487000E-01
   5.71615827000E-01   6.44309980000E-01   7.16160214000E-01   7.88842855000E-01
   8.64950870000E-01   9.50475343000E-01   4.00184500000E-11   3.15215006962E+08
   1.97091474089E-02  -9.25089120000E-01  -7.80889263000E-01  -6.44632530000E-01
  -5.15922012000E-01  -3.94146447000E-01  -2.78839616000E-01  -1.69354341000E-01
  -6.53102507000E-02   3.39017486000E-02   1.28449339000E-01   2.18794378000E-01
   3.05573795000E-01   3.89425950000E-01   4.70659649000E-01   5.49620522000E-01
   6.26813237000E-01   7.03629302000E-01   7.81335726000E-01   8.62147011000E-01
   9.50717389000E-01   5.00246000000E-11   2.79466106172E+08   2.26843816190E-02
  -9.29801913000E-01  -7.93904778000E-01  -6.64311590000E-01  -5.40723795000E-01
  -4.22648414000E-01  -3.09853513000E-01  -2.01832295000E-01  -9.83557016000E-02
   1.02267656000E-03   9.67106751000E-02   1.89056014000E-01   2.78385348000E-01
   3.64976283000E-01   4.49066274000E-01   5.31141022000E-01   6.12555131000E-01
   6.94002010000E-01   7.76008506000E-01   8.60517658000E-01   9.51172560000E-01
   6.33678200000E-11   2.47089405457E+08   2.61973546359E-02  -9.33540866000E-01
  -8.04219070000E-01  -6.79962791000E-01  -5.60605397000E-01  -4.45787093000E-01
  -3.35427508000E-01  -2.29138706000E-01  -1.26500751000E-01  -2.71619650000E-02
   6.91173043000E-02   1.62499934000E-01   2.53259561000E-01   3.42134570000E-01
   4.29632429000E-01   5.15862207000E-01   6.01176086000E-01   6.85886902000E-01
   7.71219655000E-01   8.59301686000E-01   9.51644887000E-01   7.22620350000E-11
   2.31235405107E+08   2.83245164884E-02  -9.35383916000E-01  -8.09496097000E-01
  -6.88215374000E-01  -5.71069971000E-01  -4.57748564000E-01  -3.48336025000E-01
  -2.42592703000E-01  -1.40172467000E-01  -4.07803059000E-02   5.58540826000E-02
   1.49991242000E-01   2.41824342000E-01   3.31576549000E-01   4.19656832000E-01
   5.06985397000E-01   5.94199203000E-01   6.81611443000E-01   7.69294392000E-01
   8.58250754000E-01   9.51336210000E-01   8.11562500000E-11   2.18522304826E+08
   3.03246373734E-02  -9.36680477000E-01  -8.13082217000E-01  -6.93698113000E-01
  -5.78124286000E-01  -4.66066194000E-01  -3.57533484000E-01  -2.52335464000E-01
  -1.50182715000E-01  -5.08251091000E-02   4.60353227000E-02   1.40856856000E-01
   2.33826490000E-01   3.25048681000E-01   4.14618419000E-01   5.02690787000E-01
   5.90292596000E-01   6.78367514000E-01   7.67507283000E-01   8.58335926000E-01
   9.51709563000E-01   9.30156250000E-11   2.04406004515E+08   3.28324700827E-02
  -9.38174397000E-01  -8.17198610000E-01  -6.99959165000E-01  -5.86129780000E-01
  -4.75444654000E-01  -3.67787784000E-01  -2.62988540000E-01  -1.60831250000E-01
  -6.11256049000E-02   3.62943041000E-02   1.31566375000E-01   2.24826791000E-01
   3.16498292000E-01   4.07169200000E-01   4.96932384000E-01   5.86014092000E-01
   6.74952786000E-01   7.64765757000E-01   8.56535016000E-01   9.51325114000E-01
   1.04875000000E-10   1.93140104266E+08   3.51897942747E-02  -9.39326772000E-01
  -8.20335480000E-01  -7.04657130000E-01  -5.92029451000E-01  -4.82234779000E-01
  -3.75191378000E-01  -2.70773851000E-01  -1.68798895000E-01  -6.91026899000E-02
   2.84903089000E-02   1.24289765000E-01   2.18461978000E-01   3.11219082000E-01
   4.02889816000E-01   4.93432897000E-01   5.83826493000E-01   6.74259422000E-01
   7.64916932000E-01   8.56604445000E-01   9.51541674000E-01   1.36500000000E-10
   1.70490303766E+08   4.09397001016E-02  -9.41464030000E-01  -8.26250226000E-01
  -7.13680515000E-01  -6.03580774000E-01  -4.95793441000E-01  -3.90149094000E-01
  -2.86500413000E-01  -1.84737639000E-01  -8.47614168000E-02   1.35230001000E-02
   1.10238579000E-01   2.05488973000E-01   2.99490503000E-01   3.92813118000E-01
   4.85557373000E-01   5.77939050000E-01   6.70372730000E-01   7.63013837000E-01
   8.56418168000E-01   9.51832640000E-01   1.68125000000E-10   1.53307303386E+08
   4.60597497647E-02  -9.43018807000E-01  -8.30487887000E-01  -7.20016157000E-01
  -6.11494539000E-01  -5.04824442000E-01  -3.99943705000E-01  -2.96795608000E-01
  -1.95298435000E-01  -9.53753585000E-02   3.06394891000E-03   1.00387691000E-01
   1.96875828000E-01   2.92556349000E-01   3.87449203000E-01   4.81576188000E-01
   5.75064948000E-01   6.68260802000E-01   7.61795560000E-01   8.56222090000E-01
   9.51812958000E-01   1.99750000000E-10   1.41484203125E+08   5.07211404614E-02
  -9.43913952000E-01  -8.33077517000E-01  -7.24166596000E-01  -6.17084182000E-01
  -5.11737466000E-01  -4.07913969000E-01  -3.05387705000E-01  -2.04101088000E-01
  -1.04010209000E-01  -5.07154415000E-03   9.28025087000E-02   1.89693651000E-01
   2.85687776000E-01   3.81070949000E-01   4.75898471000E-01   5.70520005000E-01
   6.65208583000E-01   7.60064647000E-01   8.55462097000E-01   9.51709156000E-01
   2.63000000000E-10   1.25679302776E+08   5.91701863355E-02  -9.45311651000E-01
  -8.36834514000E-01  -7.29670087000E-01  -6.23771836000E-01  -5.19096030000E-01
  -4.15608011000E-01  -3.13278284000E-01  -2.12069632000E-01  -1.11945996000E-01
  -1.28718074000E-02   8.52329534000E-02   1.82454172000E-01   2.78888286000E-01
   3.74969994000E-01   4.70846625000E-01   5.66437266000E-01   6.62203541000E-01
   7.58322702000E-01   8.54585772000E-01   9.52049260000E-01   2.94625000000E-10
   1.18966302628E+08   6.30386449710E-02  -9.45764100000E-01  -8.38180355000E-01
  -7.31892690000E-01  -6.26855360000E-01  -5.23024043000E-01  -4.20267183000E-01
  -3.18400316000E-01  -2.17386227000E-01  -1.17203851000E-01  -1.78321137000E-02
   8.07879977000E-02   1.78728409000E-01   2.76007074000E-01   3.72637228000E-01
   4.68634401000E-01   5.64338652000E-01   6.60394428000E-01   7.56880512000E-01
   8.53802740000E-01   9.51167145000E-01   3.26250000000E-10   1.13619002509E+08
   6.67164001085E-02  -9.45997678000E-01  -8.38872557000E-01  -7.33031253000E-01
  -6.28428684000E-01  -5.25021054000E-01  -4.22652771000E-01  -3.21089077000E-01
  -2.20290363000E-01  -1.20239599000E-01  -2.09186257000E-02   7.77882152000E-02
   1.76043768000E-01   2.73866872000E-01   3.71263187000E-01   4.68281336000E-01
   5.64855910000E-01   6.61198601000E-01   7.57337161000E-01   8.53848300000E-01
   9.51032508000E-01   3.89500000000E-10   1.04889002317E+08   7.36267157611E-02
  -9.46584141000E-01  -8.40411058000E-01  -7.35205713000E-01  -6.30942116000E-01
  -5.27595460000E-01  -4.25146616000E-01  -3.23581340000E-01  -2.22878131000E-01
  -1.23015402000E-01  -2.39714238000E-02   7.43477294000E-02   1.72079773000E-01
   2.69298730000E-01   3.66342344000E-01   4.63309449000E-01   5.60397710000E-01
   6.57677996000E-01   7.55192477000E-01   8.52942852000E-01   9.50876379000E-01
   4.52750000000E-10   9.79116521625E+07   8.00402864590E-02  -9.47338944000E-01
  -8.42496473000E-01  -7.38362540000E-01  -6.34922970000E-01  -5.32163948000E-01
  -4.30052204000E-01  -3.28532651000E-01  -2.27589519000E-01  -1.27213098000E-01
  -2.73937046000E-02   7.19010934000E-02   1.70721372000E-01   2.69078263000E-01
   3.66978227000E-01   4.64474670000E-01   5.61454144000E-01   6.58177463000E-01
   7.55145617000E-01   8.52639523000E-01   9.50655194000E-01   5.16000000000E-10
   9.23404220395E+07   8.60570083056E-02  -9.47834498000E-01  -8.43979400000E-01
  -7.40827303000E-01  -6.38364123000E-01  -5.36600883000E-01  -4.35374396000E-01
  -3.34586581000E-01  -2.34176367000E-01  -1.34139541000E-01  -3.44710732000E-02
   6.48776733000E-02   1.63995794000E-01   2.62901015000E-01   3.61594700000E-01
   4.60082809000E-01   5.58577449000E-01   6.56877090000E-01   7.55117130000E-01
   8.53297676000E-01   9.49801661000E-01   5.47625000000E-10   8.98833519852E+07
   8.89384217324E-02  -9.47939116000E-01  -8.44340988000E-01  -7.41515170000E-01
  -6.39444642000E-01  -5.38129362000E-01  -4.37401131000E-01  -3.37048937000E-01
  -2.37008084000E-01  -1.37275690000E-01  -3.78485746000E-02   6.13257245000E-02
   1.60364558000E-01   2.59287576000E-01   3.58095186000E-01   4.56784412000E-01
   5.55193152000E-01   6.53796334000E-01   7.52470405000E-01   8.51215516000E-01
   9.51790261000E-01   5.79250000000E-10   8.76252619353E+07   9.17452766900E-02
  -9.48057191000E-01  -8.44638391000E-01  -7.41909328000E-01  -6.39856385000E-01
  -5.38486951000E-01  -4.37664717000E-01  -3.37301138000E-01  -2.37341744000E-01
  -1.37781691000E-01  -3.86159356000E-02   6.02725278000E-02   1.59103195000E-01
   2.57892491000E-01   3.56640465000E-01   4.55235109000E-01   5.53917019000E-01
   6.52748788000E-01   7.51761789000E-01   8.50957024000E-01   9.49465148000E-01
   6.42500000000E-10   8.38012918509E+07   9.71666414535E-02  -9.48264405000E-01
  -8.45163709000E-01  -7.42612106000E-01  -6.40600913000E-01  -5.39143711000E-01
  -4.38151339000E-01  -3.37664353000E-01  -2.37644973000E-01  -1.38086731000E-01
  -3.89829883000E-02   5.98022216000E-02   1.58517802000E-01   2.57180003000E-01
   3.55788909000E-01   4.54198722000E-01   5.52744550000E-01   6.51569649000E-01
   7.50730592000E-01   8.50230827000E-01   9.48963056000E-01   7.05750000000E-10
   8.04850917776E+07   1.02362198336E-01  -9.48541820000E-01  -8.45917177000E-01
  -7.43725955000E-01  -6.41962708000E-01  -5.40634413000E-01  -4.39677855000E-01
  -3.39079388000E-01  -2.38811895000E-01  -1.38872130000E-01  -3.92565454000E-02
   6.00600809000E-02   1.59126225000E-01   2.57954213000E-01   3.56545757000E-01
   4.54888869000E-01   5.53168801000E-01   6.51761365000E-01   7.50754099000E-01
   8.50151915000E-01   9.49932828000E-01   7.21562500000E-10   7.96728817597E+07
   1.03628447314E-01  -9.48567433000E-01  -8.46005350000E-01  -7.43893361000E-01
  -6.42225591000E-01  -5.41006762000E-01  -4.40168842000E-01  -3.39662362000E-01
  -2.39457644000E-01  -1.39551986000E-01  -3.99424561000E-02   5.93971252000E-02
   1.58521640000E-01   2.57443472000E-01   3.56163859000E-01   4.54672819000E-01
   5.53125484000E-01   6.51840885000E-01   7.50892501000E-01   8.50283789000E-01
   9.49996654000E-01   7.25515630000E-10   7.94763417554E+07   1.03943016099E-01
  -9.48571554000E-01  -8.46021087000E-01  -7.43925672000E-01  -6.42279305000E-01
  -5.41086184000E-01  -4.40276804000E-01  -3.39792727000E-01  -2.39603493000E-01
  -1.39706522000E-01  -4.00990190000E-02   5.92454535000E-02   1.58383356000E-01
   2.57327121000E-01   3.56077885000E-01   4.54626138000E-01   5.53119807000E-01
   6.51864017000E-01   7.50928850000E-01   8.50317450000E-01   9.50012484000E-01
   7.27492190000E-10   7.93790317532E+07   1.04100009688E-01  -9.48573457000E-01
  -8.46028497000E-01  -7.43941092000E-01  -6.42305172000E-01  -5.41124679000E-01
  -4.40329359000E-01  -3.39856341000E-01  -2.39674764000E-01  -1.39782108000E-01
  -4.01756424000E-02   5.91711999000E-02   1.58315667000E-01   2.57270220000E-01
   3.56035946000E-01   4.54603571000E-01   5.53117462000E-01   6.51875842000E-01
   7.50947117000E-01   8.50334278000E-01   9.50020350000E-01   7.27986330000E-10
   7.93548017527E+07   1.04139228056E-01  -9.48573916000E-01  -8.46030303000E-01
  -7.43944872000E-01  -6.42311537000E-01  -5.41134178000E-01  -4.40342351000E-01
  -3.39872082000E-01  -2.39692412000E-01  -1.39800831000E-01  -4.01946274000E-02
   5.91527996000E-02   1.58298895000E-01   2.57256126000E-01   3.56025569000E-01
   4.54598008000E-01   5.53116925000E-01   6.51878824000E-01   7.50951691000E-01
   8.50338483000E-01   9.50022311000E-01   7.28233400000E-10   7.93427017524E+07
   1.04158832752E-01  -9.48574144000E-01  -8.46031199000E-01  -7.43946751000E-01
  -6.42314705000E-01  -5.41138908000E-01  -4.40348825000E-01  -3.39879929000E-01
  -2.39701210000E-01  -1.39810167000E-01  -4.02040944000E-02   5.91436237000E-02
   1.58290530000E-01   2.57249098000E-01   3.56020397000E-01   4.54595238000E-01
   5.53116663000E-01   6.51880318000E-01   7.50953980000E-01   8.50340586000E-01
   9.50023291000E-01   7.28295170000E-10   7.93396817523E+07   1.04163733657E-01
  -9.48574200000E-01  -8.46031422000E-01  -7.43947220000E-01  -6.42315495000E-01
  -5.41140089000E-01  -4.40350441000E-01  -3.39881889000E-01  -2.39703407000E-01
  -1.39812498000E-01  -4.02064586000E-02   5.91413322000E-02   1.58288442000E-01
   2.57247343000E-01   3.56019105000E-01   4.54594547000E-01   5.53116599000E-01
   6.51880692000E-01   7.50954552000E-01   8.50341112000E-01   9.50023536000E-01
   7.28326060000E-10   7.93381717523E+07   1.04166184437E-01  -9.48574229000E-01
  -8.46031534000E-01  -7.43947454000E-01  -6.42315890000E-01  -5.41140679000E-01
  -4.40351249000E-01  -3.39882868000E-01  -2.39704505000E-01  -1.39813663000E-01
  -4.02076405000E-02   5.91401867000E-02   1.58287398000E-01   2.57246466000E-01
   3.56018459000E-01   4.54594201000E-01   5.53116567000E-01   6.51880879000E-01
   7.50954838000E-01   8.50341375000E-01   9.50023658000E-01   7.28341500000E-10
   7.93884017534E+07   1.04167409866E-01  -9.48541243000E-01  -8.45932984000E-01
  -7.43783944000E-01  -6.42088012000E-01  -5.40849541000E-01  -4.39995918000E-01
  -3.39464178000E-01  -2.39222792000E-01  -1.39269260000E-01  -3.96008361000E-02
   5.98095809000E-02   1.59019227000E-01   2.58040529000E-01   3.56874557000E-01
   4.55518194000E-01   5.54053238000E-01   6.52659471000E-01   7.51387921000E-01
   8.50456806000E-01   9.50003256000E-01   7.28356940000E-10   7.93876617534E+07
   1.04168635617E-01  -9.48541246000E-01  -8.45933007000E-01  -7.43784006000E-01
  -6.42088132000E-01  -5.40849737000E-01  -4.39996202000E-01  -3.39464526000E-01
  -2.39223179000E-01  -1.39269659000E-01  -3.96012218000E-02   5.98092345000E-02
   1.59018952000E-01   2.58040359000E-01   3.56874524000E-01   4.55518335000E-01
   5.54053539000E-01   6.52659827000E-01   7.51388209000E-01   8.50456976000E-01
   9.50003310000E-01   7.28480470000E-10   7.93817517533E+07   1.04178442010E-01
  -9.48541269000E-01  -8.45933186000E-01  -7.43784500000E-01  -6.42089096000E-01
  -5.40851311000E-01  -4.39998474000E-01  -3.39467312000E-01  -2.39226269000E-01
  -1.39272847000E-01  -3.96043065000E-02   5.98064651000E-02   1.59016758000E-01
   2.58039002000E-01   3.56874263000E-01   4.55519464000E-01   5.54055946000E-01
   6.52662672000E-01   7.51390512000E-01   8.50458335000E-01   9.50003738000E-01
   7.29468750000E-10   7.93345617522E+07   1.04256870089E-01  -9.48541448000E-01
  -8.45934590000E-01  -7.43788403000E-01  -6.42096739000E-01  -5.40863816000E-01
  -4.40016547000E-01  -3.39489488000E-01  -2.39250878000E-01  -1.39298246000E-01
  -3.96288847000E-02   5.97843964000E-02   1.58999276000E-01   2.58028195000E-01
   3.56872196000E-01   4.55528490000E-01   5.53775437000E-01   6.52286964000E-01
   7.51310611000E-01   8.50370418000E-01   9.50902369000E-01   7.37375000000E-10
   7.89622117440E+07   1.04882637022E-01  -9.48542183000E-01  -8.45943805000E-01
  -7.43816402000E-01  -6.42153549000E-01  -5.40958545000E-01  -4.40154944000E-01
  -3.39660200000E-01  -2.39440878000E-01  -1.39494726000E-01  -3.98192764000E-02
   5.96132983000E-02   1.58863770000E-01   2.57944701000E-01   3.56856956000E-01
   4.55600050000E-01   5.54119995000E-01   6.52722679000E-01   7.51518982000E-01
   8.50520140000E-01   9.50351742000E-01   7.53187500000E-10   7.82369217280E+07
   1.06125492671E-01  -9.48544763000E-01  -8.45965787000E-01  -7.43878699000E-01
  -6.42276489000E-01  -5.41160698000E-01  -4.40448309000E-01  -3.40023904000E-01
  -2.39850648000E-01  -1.39926667000E-01  -4.02499122000E-02   5.92087083000E-02
   1.58516147000E-01   2.57685333000E-01   3.56716841000E-01   4.55613617000E-01
   5.54563036000E-01   6.53330663000E-01   7.51830190000E-01   8.50763393000E-01
   9.49569244000E-01   7.61093750000E-10   7.78715017199E+07   1.06742608783E-01
  -9.48554488000E-01  -8.46002005000E-01  -7.43951747000E-01  -6.42396407000E-01
  -5.41336586000E-01  -4.40686536000E-01  -3.40314804000E-01  -2.40182904000E-01
  -1.40289126000E-01  -4.06316120000E-02   5.88192363000E-02   1.58133513000E-01
   2.57324428000E-01   3.56392441000E-01   4.55339583000E-01   5.54301626000E-01
   6.53135286000E-01   7.51787038000E-01   8.50783551000E-01   9.49765089000E-01
   7.65046880000E-10   7.76919817159E+07   1.07050090119E-01  -9.48558843000E-01
  -8.46018590000E-01  -7.43985725000E-01  -6.42452787000E-01  -5.41419932000E-01
  -4.40800035000E-01  -3.40453869000E-01  -2.40342109000E-01  -1.40463118000E-01
  -4.08151275000E-02   5.86317208000E-02   1.57949079000E-01   2.57150316000E-01
   3.56235838000E-01   4.55207258000E-01   5.54175074000E-01   6.53040608000E-01
   7.51766432000E-01   8.50793605000E-01   9.49860750000E-01   7.65541020000E-10
   7.76696817155E+07   1.07088475325E-01  -9.48559365000E-01  -8.46020595000E-01
  -7.43989857000E-01  -6.42459672000E-01  -5.41430140000E-01  -4.40813965000E-01
  -3.40470959000E-01  -2.40361690000E-01  -1.40484533000E-01  -4.08377280000E-02
   5.86086152000E-02   1.57926343000E-01   2.57128845000E-01   3.56216521000E-01
   4.55190934000E-01   5.54159446000E-01   6.53028911000E-01   7.51763898000E-01
   8.50794857000E-01   9.49872601000E-01   7.65788090000E-10   7.76585517152E+07
   1.07107663799E-01  -9.48559624000E-01  -8.46021592000E-01  -7.43991913000E-01
  -6.42463101000E-01  -5.41435227000E-01  -4.40820909000E-01  -3.40479479000E-01
  -2.40371454000E-01  -1.40495213000E-01  -4.08490001000E-02   5.85970901000E-02
   1.57915002000E-01   2.57118134000E-01   3.56206884000E-01   4.55182789000E-01
   5.54151648000E-01   6.53023073000E-01   7.51762635000E-01   8.50795483000E-01
   9.49878517000E-01   7.65849860000E-10   7.76557717151E+07   1.07112460682E-01
  -9.48559689000E-01  -8.46021841000E-01  -7.43992427000E-01  -6.42463957000E-01
  -5.41436497000E-01  -4.40822643000E-01  -3.40481607000E-01  -2.40373893000E-01
  -1.40497880000E-01  -4.08518154000E-02   5.85942115000E-02   1.57912169000E-01
   2.57115459000E-01   3.56204477000E-01   4.55180755000E-01   5.54149700000E-01
   6.53021615000E-01   7.51762319000E-01   8.50795639000E-01   9.49879995000E-01
   7.65880750000E-10   7.76543717151E+07   1.07114859447E-01  -9.48559721000E-01
  -8.46021965000E-01  -7.43992683000E-01  -6.42464385000E-01  -5.41437132000E-01
  -4.40823510000E-01  -3.40482671000E-01  -2.40375112000E-01  -1.40499213000E-01
  -4.08532228000E-02   5.85927725000E-02   1.57910753000E-01   2.57114121000E-01
   3.56203273000E-01   4.55179738000E-01   5.54148726000E-01   6.53020886000E-01
   7.51762161000E-01   8.50795718000E-01   9.49880734000E-01   7.65896190000E-10
   7.76038417140E+07   1.07116058139E-01  -9.48592695000E-01  -8.46120463000E-01
  -7.44156081000E-01  -6.42692070000E-01  -5.41728106000E-01  -4.41178609000E-01
  -3.40901364000E-01  -2.40857085000E-01  -1.41044157000E-01  -4.14608528000E-02
   5.79222175000E-02   1.57177280000E-01   2.56317902000E-01   3.55344478000E-01
   4.54251881000E-01   5.53121339000E-01   6.52125225000E-01   7.51302007000E-01
   8.50652593000E-01   9.50164481000E-01   7.65911630000E-10   7.76031717140E+07
   1.07117256337E-01  -9.48592697000E-01  -8.46120483000E-01  -7.44156139000E-01
  -6.42692187000E-01  -5.41728299000E-01  -4.41178890000E-01  -3.40901716000E-01
  -2.40857489000E-01  -1.41044591000E-01  -4.14612971000E-02   5.79217841000E-02
   1.57176884000E-01   2.56317572000E-01   3.55344242000E-01   4.54251767000E-01
   5.53121354000E-01   6.52125328000E-01   7.51302145000E-01   8.50652715000E-01
   9.50164535000E-01   7.66035160000E-10   7.75977817139E+07   1.07126842324E-01
  -9.48592713000E-01  -8.46120643000E-01  -7.44156606000E-01  -6.42693118000E-01
  -5.41729842000E-01  -4.41181141000E-01  -3.40904537000E-01  -2.40860715000E-01
  -1.41048061000E-01  -4.14648502000E-02   5.79183178000E-02   1.57173722000E-01
   2.56314937000E-01   3.55342354000E-01   4.54250859000E-01   5.53121474000E-01
   6.52126150000E-01   7.51303253000E-01   8.50653690000E-01   9.50164966000E-01
   7.67023440000E-10   7.75547417129E+07   1.07203509392E-01  -9.48592835000E-01
  -8.46121897000E-01  -7.44160295000E-01  -6.42700508000E-01  -5.41742103000E-01
  -4.41199043000E-01  -3.40926992000E-01  -2.40886408000E-01  -1.41075697000E-01
  -4.14931523000E-02   5.78907041000E-02   1.57148530000E-01   2.56293941000E-01
   3.55327315000E-01   4.54243637000E-01   5.53122455000E-01   6.52132720000E-01
   7.51312102000E-01   8.50661471000E-01   9.50168401000E-01   7.69000000000E-10
   7.74690017110E+07   1.07356716257E-01  -9.48593033000E-01  -8.46124267000E-01
  -7.44167441000E-01  -6.42714957000E-01  -5.41766193000E-01  -4.41234316000E-01
  -3.40971296000E-01  -2.40937144000E-01  -1.41130300000E-01  -4.15490991000E-02
   5.78360980000E-02   1.57098706000E-01   2.56252419000E-01   3.55297596000E-01
   4.54229411000E-01   5.53124494000E-01   6.52145834000E-01   7.51329716000E-01
   8.50676944000E-01   9.50175222000E-01   8.95500000000E-10   7.20080915904E+07
   1.16811142409E-01  -9.48825706000E-01  -8.46728751000E-01  -7.45006133000E-01
  -6.43653764000E-01  -5.42675749000E-01  -4.42033825000E-01  -3.41727575000E-01
  -2.41739590000E-01  -1.42066859000E-01  -4.27063277000E-02   5.64216643000E-02
   1.55507401000E-01   2.54576433000E-01   3.53628770000E-01   4.52616918000E-01
   5.51675563000E-01   6.50921766000E-01   7.50390209000E-01   8.50082390000E-01
   9.49655631000E-01   9.58750000000E-10   6.97443415404E+07   1.21294063106E-01
  -9.49008013000E-01  -8.47226008000E-01  -7.45744942000E-01  -6.44562161000E-01
  -5.43679873000E-01  -4.43068209000E-01  -3.42705368000E-01  -2.42576977000E-01
  -1.42681403000E-01  -4.30169390000E-02   5.64408218000E-02   1.55753595000E-01
   2.54933726000E-01   3.53981746000E-01   4.52891220000E-01   5.51773227000E-01
   6.50881207000E-01   7.50273230000E-01   8.49951750000E-01   9.49914129000E-01
   9.74562500000E-10   6.92227715289E+07   1.22392771844E-01  -9.49052673000E-01
  -8.47349216000E-01  -7.45930746000E-01  -6.44794880000E-01  -5.43943439000E-01
  -4.43348057000E-01  -3.42982067000E-01  -2.42831530000E-01  -1.42895065000E-01
  -4.31712201000E-02   5.63558565000E-02   1.55724086000E-01   2.54941951000E-01
   3.54010132000E-01   4.52922239000E-01   5.51794279000E-01   6.50892586000E-01
   7.50277749000E-01   8.49952274000E-01   9.49914098000E-01   9.90375000000E-10
   6.86859515170E+07   1.23483112686E-01  -9.49119404000E-01  -8.47539146000E-01
  -7.46228671000E-01  -6.45185840000E-01  -5.44411944000E-01  -4.43880574000E-01
  -3.43559777000E-01  -2.43436094000E-01  -1.43508367000E-01  -4.37753877000E-02
   5.57790718000E-02   1.55196038000E-01   2.54484238000E-01   3.53644170000E-01
   4.52670396000E-01   5.51662705000E-01   6.50853411000E-01   7.50295122000E-01
   8.49989755000E-01   9.49936329000E-01   1.02200000000E-09   6.76676214945E+07
   1.25639203559E-01  -9.49241386000E-01  -8.47886724000E-01  -7.46774597000E-01
  -6.45903274000E-01  -5.45273277000E-01  -4.44860870000E-01  -3.44624694000E-01
  -2.44551673000E-01  -1.44641013000E-01  -4.48918935000E-02   5.47590403000E-02
   1.54354352000E-01   2.53861494000E-01   3.53280698000E-01   4.52387414000E-01
   5.51606683000E-01   6.50970571000E-01   7.50516357000E-01   8.50245044000E-01
   9.48391015000E-01   1.05362500000E-09   6.66723914726E+07   1.27763455014E-01
  -9.49333466000E-01  -8.48153168000E-01  -7.47200867000E-01  -6.46475029000E-01
  -5.45975600000E-01  -4.45678307000E-01  -3.45527826000E-01  -2.45509693000E-01
  -1.45623386000E-01  -4.58683667000E-02   5.37991572000E-02   1.53430602000E-01
   2.53012759000E-01   3.52545700000E-01   4.51903434000E-01   5.51327510000E-01
   6.50846956000E-01   7.50485039000E-01   8.50242184000E-01   9.49130899000E-01
   1.08525000000E-09   6.57198314515E+07   1.29856907039E-01  -9.49314137000E-01
  -8.48122651000E-01  -7.47199913000E-01  -6.46543793000E-01  -5.46153273000E-01
  -4.45991650000E-01  -3.45958492000E-01  -2.46030882000E-01  -1.46208485000E-01
  -4.64909608000E-02   5.31484857000E-02   1.52768961000E-01   2.52375230000E-01
   3.51967297000E-01   4.51507983000E-01   5.50848579000E-01   6.50405675000E-01
   7.50038815000E-01   8.49748173000E-01   9.51164409000E-01   1.11687500000E-09
   6.47962914311E+07   1.31920693232E-01  -9.49310532000E-01  -8.48139720000E-01
  -7.47278943000E-01  -6.46725369000E-01  -5.46476954000E-01  -4.46650271000E-01
  -3.46689614000E-01  -2.46812040000E-01  -1.47017344000E-01  -4.73063456000E-02
   5.22528564000E-02   1.51807729000E-01   2.51379561000E-01   3.50968362000E-01
   4.50614986000E-01   5.50277022000E-01   6.50040993000E-01   7.49921644000E-01
   8.49919384000E-01   9.48719887000E-01   1.14850000000E-09   6.39272914119E+07
   1.33956134886E-01  -9.49299878000E-01  -8.48131923000E-01  -7.47309728000E-01
  -6.46829771000E-01  -5.46689153000E-01  -4.46967230000E-01  -3.47146216000E-01
  -2.47393952000E-01  -1.47710298000E-01  -4.80956795000E-02   5.13832445000E-02
   1.50869491000E-01   2.50399917000E-01   3.49974581000E-01   4.49702952000E-01
   5.49434444000E-01   6.49302726000E-01   7.49324435000E-01   8.49500281000E-01
   9.49349331000E-01   1.18012500000E-09   6.30628513928E+07   1.35964166519E-01
  -9.49310166000E-01  -8.48144505000E-01  -7.47297584000E-01  -6.46766407000E-01
  -5.46549059000E-01  -4.46601573000E-01  -3.46799178000E-01  -2.47113647000E-01
  -1.47544570000E-01  -4.80915344000E-02   5.12483874000E-02   1.50597813000E-01
   2.50014634000E-01   3.49498990000E-01   4.49219217000E-01   5.48932481000E-01
   6.48813517000E-01   7.48880767000E-01   8.49135276000E-01   9.50940955000E-01
   1.21175000000E-09   6.22467113748E+07   1.37945623980E-01  -9.49315663000E-01
  -8.48143261000E-01  -7.47263355000E-01  -6.46673422000E-01  -5.46372542000E-01
  -4.46329720000E-01  -3.46470265000E-01  -2.46775132000E-01  -1.47243514000E-01
  -4.78745977000E-02   5.13384206000E-02   1.50562135000E-01   2.49872575000E-01
   3.49269969000E-01   4.48971936000E-01   5.48658948000E-01   6.48540961000E-01
   7.48638179000E-01   8.48951999000E-01   9.51239517000E-01   1.27500000000E-09
   6.07012513407E+07   1.41833853301E-01  -9.49350912000E-01  -8.48215169000E-01
  -7.47321763000E-01  -6.46668962000E-01  -5.46257107000E-01  -4.46071679000E-01
  -3.46097506000E-01  -2.46326576000E-01  -1.46757656000E-01  -4.73895092000E-02
   5.17990251000E-02   1.50986858000E-01   2.50242526000E-01   3.49566168000E-01
   4.49126794000E-01   5.48695887000E-01   6.48496511000E-01   7.48558718000E-01
   8.48884576000E-01   9.50849729000E-01   1.33825000000E-09   5.92036013076E+07
   1.45625844266E-01  -9.49444472000E-01  -8.48463569000E-01  -7.47677052000E-01
  -6.47083802000E-01  -5.46684021000E-01  -4.46464382000E-01  -3.46401502000E-01
  -2.46487484000E-01  -1.46721666000E-01  -4.71033788000E-02   5.24087560000E-02
   1.51888787000E-01   2.51335453000E-01   3.50748789000E-01   4.50041440000E-01
   5.49424582000E-01   6.49052718000E-01   7.48974308000E-01   8.49191960000E-01
   9.49042258000E-01   1.36987500000E-09   5.85122112923E+07   1.47487225553E-01
  -9.49487671000E-01  -8.48578779000E-01  -7.47842863000E-01  -6.47279038000E-01
  -5.46887441000E-01  -4.46655035000E-01  -3.46554548000E-01  -2.46577953000E-01
  -1.46724791000E-01  -4.69945963000E-02   5.26623263000E-02   1.52273422000E-01
   2.51807552000E-01   3.51264894000E-01   4.50449250000E-01   5.49759137000E-01
   6.49316280000E-01   7.49176017000E-01   8.49341124000E-01   9.48276886000E-01
   1.40150000000E-09   5.78061212767E+07   1.49326509186E-01  -9.49570572000E-01
  -8.48814075000E-01  -7.48210590000E-01  -6.47759421000E-01  -5.47460538000E-01
  -4.47301505000E-01  -3.47250943000E-01  -2.47300642000E-01  -1.47499051000E-01
  -4.76497893000E-02   5.20370339000E-02   1.51691837000E-01   2.51297318000E-01
   3.50853552000E-01   4.50234001000E-01   5.49705791000E-01   6.49378200000E-01
   7.49293853000E-01   8.49454537000E-01   9.48377976000E-01   1.46475000000E-09
   5.64972312478E+07   1.52941352710E-01  -9.49718336000E-01  -8.49234100000E-01
  -7.48868187000E-01  -6.48620179000E-01  -5.48489896000E-01  -4.48580535000E-01
  -3.48564635000E-01  -2.48606670000E-01  -1.48706540000E-01  -4.88644371000E-02
   5.08737999000E-02   1.50604645000E-01   2.50337000000E-01   3.50070866000E-01
   4.49808289000E-01   5.49575390000E-01   6.49458166000E-01   7.49476254000E-01
   8.49630205000E-01   9.48797383000E-01   1.49637500000E-09   5.58876512344E+07
   1.54718438664E-01  -9.49783929000E-01  -8.49420958000E-01  -7.49161504000E-01
  -6.49005246000E-01  -5.48951988000E-01  -4.49067093000E-01  -3.49114002000E-01
  -2.49199885000E-01  -1.49324696000E-01  -4.94884672000E-02   5.02701908000E-02
   1.50032321000E-01   2.49819142000E-01   3.49630674000E-01   4.49527798000E-01
   5.49162689000E-01   6.49052423000E-01   7.49030395000E-01   8.49096837000E-01
   9.51186810000E-01   1.51218750000E-09   5.55804412276E+07   1.55599733270E-01
  -9.50261056000E-01  -8.49879723000E-01  -7.49595499000E-01  -6.49408103000E-01
  -5.49077789000E-01  -4.49227360000E-01  -3.49326788000E-01  -2.49456291000E-01
  -1.49615841000E-01  -4.98054222000E-02   4.99398478000E-02   1.49693657000E-01
   2.49483175000E-01   3.49308442000E-01   4.49257961000E-01   5.49205021000E-01
   6.49244017000E-01   7.49385048000E-01   8.49628427000E-01   9.48162892000E-01
   1.51416410000E-09   5.55421812267E+07   1.55709555758E-01  -9.50265041000E-01
  -8.49889830000E-01  -7.49611920000E-01  -6.49431029000E-01  -5.49106905000E-01
  -4.49261174000E-01  -3.49367656000E-01  -2.49503128000E-01  -1.49667564000E-01
  -4.98609424000E-02   4.98820435000E-02   1.49634177000E-01   2.49423370000E-01
   3.49249664000E-01   4.49204956000E-01   5.49157165000E-01   6.49202903000E-01
   7.49352332000E-01   8.49605773000E-01   9.48196854000E-01   1.51614070000E-09
   5.55033912259E+07   1.55819302097E-01  -9.50273804000E-01  -8.49896380000E-01
  -7.49618380000E-01  -6.49439508000E-01  -5.49114303000E-01  -4.49274139000E-01
  -3.49388811000E-01  -2.49531395000E-01  -1.49701865000E-01  -4.99001962000E-02
   4.98393478000E-02   1.49588651000E-01   2.49376358000E-01   3.49202512000E-01
   4.49162386000E-01   5.49118563000E-01   6.49169855000E-01   7.49326484000E-01
   8.49588785000E-01   9.48196963000E-01   1.52009380000E-09   5.54261312242E+07
   1.56038559845E-01  -9.49826744000E-01  -8.49549182000E-01  -7.49374805000E-01
  -6.49303295000E-01  -5.49334397000E-01  -4.49505215000E-01  -3.49636113000E-01
  -2.49792782000E-01  -1.49975204000E-01  -5.01833169000E-02   4.95493881000E-02
   1.49292958000E-01   2.49077598000E-01   3.48903361000E-01   4.48872256000E-01
   5.48836071000E-01   6.48898152000E-01   7.49068850000E-01   8.49348517000E-01
   9.50048866000E-01   1.52800000000E-09   5.52729412208E+07   1.56476164348E-01
  -9.49823539000E-01  -8.49545192000E-01  -7.49378425000E-01  -6.49322867000E-01
  -5.49378198000E-01  -4.49570884000E-01  -3.49733934000E-01  -2.49918552000E-01
  -1.50124726000E-01  -5.03523867000E-02   4.93666762000E-02   1.49098971000E-01
   2.48877603000E-01   3.48702635000E-01   4.48689322000E-01   5.48668514000E-01
   6.48752220000E-01   7.48951034000E-01   8.49265353000E-01   9.50196844000E-01
   1.59125000000E-09   5.40884711946E+07   1.59934719016E-01  -9.49812300000E-01
  -8.49549852000E-01  -7.49456190000E-01  -6.49530466000E-01  -5.49771818000E-01
  -4.50127250000E-01  -3.50530432000E-01  -2.50923368000E-01  -1.51306057000E-01
  -5.16785891000E-02   4.79410274000E-02   1.47591390000E-01   2.47327989000E-01
   3.47151048000E-01   4.47276530000E-01   5.47376220000E-01   6.47628022000E-01
   7.48044393000E-01   8.48626146000E-01   9.51317350000E-01   1.62287500000E-09
   5.35389611825E+07   1.61636577790E-01  -9.49807258000E-01  -8.49551531000E-01
  -7.49489594000E-01  -6.49620328000E-01  -5.49942589000E-01  -4.50369651000E-01
  -3.50877472000E-01  -2.51361642000E-01  -1.51822144000E-01  -5.22592529000E-02
   4.73657470000E-02   1.47082471000E-01   2.46903558000E-01   3.46829335000E-01
   4.46859242000E-01   5.47011337000E-01   6.47337270000E-01   7.47850437000E-01
   8.48551892000E-01   9.49920677000E-01   1.63078130000E-09   5.34055511795E+07
   1.62059345489E-01  -9.49805896000E-01  -8.49551446000E-01  -7.49496733000E-01
  -6.49640570000E-01  -5.49981742000E-01  -4.50425711000E-01  -3.50958094000E-01
  -2.51463737000E-01  -1.51942620000E-01  -5.23950700000E-02   4.72209905000E-02
   1.46932733000E-01   2.46753040000E-01   3.46682268000E-01   4.46719911000E-01
   5.46884115000E-01   6.47227358000E-01   7.47763276000E-01   8.48492983000E-01
   9.49957801000E-01   1.63868750000E-09   5.32666611765E+07   1.62481031412E-01
  -9.49809260000E-01  -8.49558335000E-01  -7.49502388000E-01  -6.49640284000E-01
  -5.49970875000E-01  -4.50416700000E-01  -3.50934142000E-01  -2.51432255000E-01
  -1.51911029000E-01  -5.23707030000E-02   4.72251979000E-02   1.46919057000E-01
   2.46725555000E-01   3.46645076000E-01   4.46677135000E-01   5.46840099000E-01
   6.47187165000E-01   7.47732204000E-01   8.48476390000E-01   9.49811847000E-01
   1.65450000000E-09   5.29930311704E+07   1.63321147105E-01  -9.49815951000E-01
  -8.49571496000E-01  -7.49511736000E-01  -6.49635654000E-01  -5.49942237000E-01
  -4.50389993000E-01  -3.50873980000E-01  -2.51354238000E-01  -1.51830767000E-01
  -5.23036143000E-02   4.72518461000E-02   1.46909459000E-01   2.46687553000E-01
   3.46586565000E-01   4.46606057000E-01   5.46764845000E-01   6.47117574000E-01
   7.47678576000E-01   8.48449154000E-01   9.49507717000E-01   1.71775000000E-09
   5.19569911475E+07   1.66640191560E-01  -9.49834591000E-01  -8.49602721000E-01
  -7.49518778000E-01  -6.49582109000E-01  -5.49792158000E-01  -4.50243112000E-01
  -3.50596684000E-01  -2.51005679000E-01  -1.51470005000E-01  -5.19889366000E-02
   4.74177681000E-02   1.46940670000E-01   2.46611289000E-01   3.46430286000E-01
   4.46397398000E-01   5.46533301000E-01   6.46898552000E-01   7.47509356000E-01
   8.48367525000E-01   9.48366523000E-01   1.78100000000E-09   5.09785911259E+07
   1.69895529350E-01  -9.49858498000E-01  -8.49653921000E-01  -7.49566673000E-01
  -6.49596342000E-01  -5.49742660000E-01  -4.50157078000E-01  -3.50418199000E-01
  -2.50758540000E-01  -1.51177912000E-01  -5.16753477000E-02   4.77084983000E-02
   1.47196323000E-01   2.46821210000E-01   3.46583726000E-01   4.46483374000E-01
   5.46548822000E-01   6.46867555000E-01   7.47462332000E-01   8.48335444000E-01
   9.47906841000E-01   1.84425000000E-09   5.00024711044E+07   1.73089055443E-01
  -9.50309789000E-01  -8.50035401000E-01  -7.49856995000E-01  -6.49774296000E-01
  -5.49549852000E-01  -4.49855796000E-01  -3.50057602000E-01  -2.50314432000E-01
  -1.50626195000E-01  -5.09924666000E-02   4.85217590000E-02   1.48050271000E-01
   2.47643634000E-01   3.47301974000E-01   4.47186657000E-01   5.47086141000E-01
   6.47247604000E-01   7.47708049000E-01   8.48470167000E-01   9.47835904000E-01
   1.87587500000E-09   4.95384610941E+07   1.74663046433E-01  -9.50270160000E-01
  -8.50016872000E-01  -7.49848780000E-01  -6.49765666000E-01  -5.49556557000E-01
  -4.49805761000E-01  -3.49975253000E-01  -2.50187716000E-01  -1.50443096000E-01
  -5.07411387000E-02   4.88743327000E-02   1.48493474000E-01   2.48141148000E-01
   3.47817380000E-01   4.47591729000E-01   5.47408423000E-01   6.47489243000E-01
   7.47877671000E-01   8.48576560000E-01   9.47610750000E-01   1.89168750000E-09
   4.93120410891E+07   1.75444583216E-01  -9.50250463000E-01  -8.50007318000E-01
  -7.49844045000E-01  -6.49760454000E-01  -5.49558656000E-01  -4.49779472000E-01
  -3.49932720000E-01  -2.50122943000E-01  -1.50350102000E-01  -5.06140131000E-02
   4.90519914000E-02   1.48716303000E-01   2.48391143000E-01   3.48076516000E-01
   4.47796696000E-01   5.47572896000E-01   6.47613808000E-01   7.47965955000E-01
   8.48632261000E-01   9.47501297000E-01   1.90750000000E-09   4.90774410840E+07
   1.76222475060E-01  -9.50242873000E-01  -8.50033732000E-01  -7.49899161000E-01
  -6.49838993000E-01  -5.49668294000E-01  -4.49884768000E-01  -3.50045762000E-01
  -2.50237752000E-01  -1.50460707000E-01  -5.07144645000E-02   4.89720154000E-02
   1.48658126000E-01   2.48356137000E-01   3.48066053000E-01   4.47815655000E-01
   5.47617250000E-01   6.47670514000E-01   7.48019214000E-01   8.48665983000E-01
   9.47750866000E-01   2.03400000000E-09   4.73050910448E+07   1.82318670217E-01
  -9.50213130000E-01  -8.50311920000E-01  -7.50445748000E-01  -6.50614578000E-01
  -5.50730776000E-01  -4.50965811000E-01  -3.51238634000E-01  -2.51496581000E-01
  -1.51739644000E-01  -5.19679703000E-02   4.78110223000E-02   1.47614053000E-01
   2.47481729000E-01   3.47414177000E-01   4.47572678000E-01   5.47713575000E-01
   6.47974217000E-01   7.48364873000E-01   8.48886050000E-01   9.50436016000E-01
   2.16050000000E-09   4.56588410084E+07   1.88198638919E-01  -9.50266872000E-01
  -8.50788615000E-01  -7.51311637000E-01  -6.51835937000E-01  -5.52361516000E-01
  -4.52756464000E-01  -3.53284185000E-01  -2.53753251000E-01  -1.54163193000E-01
  -5.45152935000E-02   4.52630194000E-02   1.45151467000E-01   2.45160410000E-01
   3.45290287000E-01   4.45541077000E-01   5.45925577000E-01   6.46483456000E-01
   7.47225179000E-01   8.48151759000E-01   9.50420993000E-01   2.22375000000E-09
   4.49183809921E+07   1.91063143565E-01  -9.50299758000E-01  -8.50971905000E-01
  -7.51636326000E-01  -6.52293018000E-01  -5.52941981000E-01  -4.53437070000E-01
  -3.54067901000E-01  -2.54626325000E-01  -1.55109173000E-01  -5.55162740000E-02
   4.41992350000E-02   1.44086003000E-01   2.44115558000E-01   3.44288512000E-01
   4.44605211000E-01   5.45078780000E-01   6.45753190000E-01   7.46640165000E-01
   8.47741057000E-01   9.51149042000E-01   2.28700000000E-09   4.42149809766E+07
   1.93881986137E-01  -9.50405803000E-01  -8.51062019000E-01  -7.51734764000E-01
  -6.52424030000E-01  -5.53129810000E-01  -4.53625633000E-01  -3.54360904000E-01
  -2.55012318000E-01  -1.55575404000E-01  -5.60499261000E-02   4.36175965000E-02
   1.43480775000E-01   2.43505311000E-01   3.43691989000E-01   4.44041421000E-01
   5.44567397000E-01   6.45317934000E-01   7.46306014000E-01   8.47533326000E-01
   9.50804322000E-01   2.35025000000E-09   4.35509809619E+07   1.96657584683E-01
  -9.50497917000E-01  -8.51124975000E-01  -7.51791265000E-01  -6.52496742000E-01
  -5.53241357000E-01  -4.53729447000E-01  -3.54548244000E-01  -2.55274902000E-01
  -1.55904052000E-01  -5.64354055000E-02   4.31894759000E-02   1.43028908000E-01
   2.43044657000E-01   3.43237661000E-01   4.43608752000E-01   5.44172473000E-01
   6.44980813000E-01   7.46048003000E-01   8.47376048000E-01   9.50431965000E-01
   2.41350000000E-09   4.29050009476E+07   1.99391755111E-01  -9.50460820000E-01
  -8.51086673000E-01  -7.51743997000E-01  -6.52432760000E-01  -5.53152934000E-01
  -4.53671612000E-01  -3.54451720000E-01  -2.55159564000E-01  -1.55791325000E-01
  -5.63468291000E-02   4.32273367000E-02   1.43009853000E-01   2.42979983000E-01
   3.43138791000E-01   4.43487248000E-01   5.44040861000E-01   6.44855404000E-01
   7.45946267000E-01   8.47315736000E-01   9.50086897000E-01   2.54000000000E-09
   4.16842509207E+07   2.04742025292E-01  -9.50342799000E-01  -8.50983602000E-01
  -7.51629171000E-01  -6.52279506000E-01  -5.52934605000E-01  -4.53498283000E-01
  -3.54161680000E-01  -2.54786998000E-01  -1.55372679000E-01  -5.59186760000E-02
   4.36170381000E-02   1.43333922000E-01   2.43236816000E-01   3.43326765000E-01
   4.43604700000E-01   5.44090584000E-01   6.44857083000E-01   7.45923996000E-01
   8.47294024000E-01   9.49845179000E-01   3.17250000000E-09   3.63355808025E+07
   2.29415797074E-01  -9.50278622000E-01  -8.51170781000E-01  -7.52027387000E-01
  -6.52848402000E-01  -5.53633788000E-01  -4.54313778000E-01  -3.55022548000E-01
  -2.55667432000E-01  -1.56242623000E-01  -5.67479765000E-02   4.28670035000E-02
   1.42682799000E-01   2.42682715000E-01   3.42867773000E-01   4.43238941000E-01
   5.43811961000E-01   6.44644500000E-01   7.45752444000E-01   8.47138063000E-01
   9.51446390000E-01   3.33062500000E-09   3.51933007773E+07   2.35071049274E-01
  -9.50226541000E-01  -8.51265952000E-01  -7.52243204000E-01  -6.53158182000E-01
  -5.54010767000E-01  -4.54922853000E-01  -3.55549545000E-01  -2.56074244000E-01
  -1.56496634000E-01  -5.68163996000E-02   4.29728812000E-02   1.42897503000E-01
   2.42964911000E-01   3.43175718000E-01   4.43530434000E-01   5.44053796000E-01
   6.44838490000E-01   7.45908964000E-01   8.47267661000E-01   9.50491377000E-01
   3.40968750000E-09   3.46520107653E+07   2.37832121746E-01  -9.50227445000E-01
  -8.51369221000E-01  -7.52438252000E-01  -6.53434377000E-01  -5.54357435000E-01
  -4.55351270000E-01  -3.56013901000E-01  -2.56561130000E-01  -1.56992553000E-01
  -5.73077647000E-02   4.25000403000E-02   1.42458911000E-01   2.42576977000E-01
   3.42855002000E-01   4.43293682000E-01   5.43910196000E-01   6.44768324000E-01
   7.45885208000E-01   8.47262852000E-01   9.50748308000E-01   3.48875000000E-09
   3.41300407538E+07   2.40551162220E-01  -9.50315880000E-01  -8.51396388000E-01
  -7.52429350000E-01  -6.53414699000E-01  -5.54352366000E-01  -4.55328116000E-01
  -3.56045641000E-01  -2.56636147000E-01  -1.57099146000E-01  -5.74341455000E-02
   4.23661028000E-02   1.42331402000E-01   2.42470494000E-01   3.42784291000E-01
   4.43273642000E-01   5.43949597000E-01   6.44851662000E-01   7.45990812000E-01
   8.47368727000E-01   9.50191099000E-01   3.64687500000E-09   3.31367607319E+07
   2.45869443713E-01  -9.50383107000E-01  -8.51403462000E-01  -7.52396879000E-01
  -6.53363336000E-01  -5.54302809000E-01  -4.55256386000E-01  -3.56024975000E-01
  -2.56674133000E-01  -1.57203428000E-01  -5.76124234000E-02   4.21108093000E-02
   1.42016917000E-01   2.42120581000E-01   3.42422980000E-01   4.42925267000E-01
   5.43637044000E-01   6.44592160000E-01   7.45800425000E-01   8.47263755000E-01
   9.49665287000E-01   3.80500000000E-09   3.22037107113E+07   2.51035424736E-01
  -9.50265267000E-01  -8.51308826000E-01  -7.52298005000E-01  -6.53232714000E-01
  -5.54112862000E-01  -4.54889163000E-01  -3.55651496000E-01  -2.56342247000E-01
  -1.56952361000E-01  -5.74816417000E-02   4.21259792000E-02   1.41957002000E-01
   2.41990347000E-01   3.42227251000E-01   4.42668947000E-01   5.43327921000E-01
   6.44249870000E-01   7.45447858000E-01   8.46924163000E-01   9.52073110000E-01
   3.96312500000E-09   3.12994906913E+07   2.56056146597E-01  -9.50201642000E-01
  -8.51341428000E-01  -7.52403209000E-01  -6.53386800000E-01  -5.54292016000E-01
  -4.55275530000E-01  -3.55916527000E-01  -2.56449369000E-01  -1.56873702000E-01
  -5.71891686000E-02   4.26102243000E-02   1.42549095000E-01   2.42634538000E-01
   3.42867200000E-01   4.43247664000E-01   5.43800816000E-01   6.44621128000E-01
   7.45733688000E-01   8.47141054000E-01   9.50824602000E-01   4.12125000000E-09
   3.04504206725E+07   2.60938248964E-01  -9.50189869000E-01  -8.51491793000E-01
  -7.52696199000E-01  -6.53802797000E-01  -5.54811297000E-01  -4.55919307000E-01
  -3.56601031000E-01  -2.57151249000E-01  -1.57569439000E-01  -5.78550720000E-02
   4.19972270000E-02   1.42009264000E-01   2.42187625000E-01   3.42533142000E-01
   4.43046614000E-01   5.43740285000E-01   6.44659153000E-01   7.45815571000E-01
   8.47211224000E-01   9.51327496000E-01   4.43750000000E-09   2.89305206390E+07
   2.70327860309E-01  -9.50791201000E-01  -8.52290186000E-01  -7.53663686000E-01
  -6.54911220000E-01  -5.56032304000E-01  -4.57020864000E-01  -3.57851034000E-01
  -2.58514872000E-01  -1.59011539000E-01  -5.93401861000E-02   4.05055627000E-02
   1.40551961000E-01   2.40807487000E-01   3.41273457000E-01   4.41951202000E-01
   5.42848372000E-01   6.43991821000E-01   7.45389768000E-01   8.47044144000E-01
   9.48956907000E-01   4.59562500000E-09   2.82445106238E+07   2.74848261219E-01
  -9.50849968000E-01  -8.52460748000E-01  -7.53937384000E-01  -6.55279325000E-01
  -5.56486017000E-01  -4.57550934000E-01  -3.58445981000E-01  -2.59162373000E-01
  -1.59699138000E-01  -6.00552989000E-02   3.97759916000E-02   1.39823270000E-01
   2.40095996000E-01   3.40595700000E-01   4.41323933000E-01   5.42288979000E-01
   6.43520103000E-01   7.45026499000E-01   8.46810426000E-01   9.48874177000E-01
   4.75375000000E-09   2.75984806096E+07   2.79263347713E-01  -9.50356332000E-01
  -8.51999863000E-01  -7.53898012000E-01  -6.55246929000E-01  -5.56496740000E-01
  -4.57634731000E-01  -3.58603271000E-01  -2.59384980000E-01  -1.59978794000E-01
  -6.03836420000E-02   3.94078029000E-02   1.39426306000E-01   2.39682192000E-01
   3.40177161000E-01   4.40912930000E-01   5.41898396000E-01   6.43165155000E-01
   7.44723299000E-01   8.46575356000E-01   9.49721938000E-01   5.07000000000E-09
   2.63912805829E+07   2.87800478701E-01  -9.50754126000E-01  -8.52190560000E-01
  -7.53519002000E-01  -6.54739096000E-01  -5.55850484000E-01  -4.56849016000E-01
  -3.57717217000E-01  -2.58449756000E-01  -1.59046076000E-01  -5.95056135000E-02
   4.01867372000E-02   1.40098890000E-01   2.40251741000E-01   3.40647041000E-01
   4.41286559000E-01   5.42181779000E-01   6.43374554000E-01   7.44877804000E-01
   8.46694405000E-01   9.48827281000E-01   5.38625000000E-09   2.52502905577E+07
   2.95966302138E-01  -9.50815793000E-01  -8.52357813000E-01  -7.53765070000E-01
  -6.55037010000E-01  -5.56173074000E-01  -4.57168296000E-01  -3.58002017000E-01
  -2.58667736000E-01  -1.59164597000E-01  -5.94917354000E-02   4.03560723000E-02
   1.40399798000E-01   2.40646372000E-01   3.41097034000E-01   4.41753035000E-01
   5.42627546000E-01   6.43770316000E-01   7.45195764000E-01   8.46906275000E-01
   9.48904274000E-01   5.70250000000E-09   2.42292905351E+07   3.03790260898E-01
  -9.50893297000E-01  -8.52580850000E-01  -7.54119336000E-01  -6.55508075000E-01
  -5.56746381000E-01  -4.57828681000E-01  -3.58731557000E-01  -2.59447452000E-01
  -1.59975301000E-01  -6.03140338000E-02   3.95422300000E-02   1.39617297000E-01
   2.39919299000E-01   3.40449789000E-01   4.41210334000E-01   5.42208048000E-01
   6.43467358000E-01   7.44996161000E-01   8.46796619000E-01   9.48870929000E-01
   6.01875000000E-09   2.32911905144E+07   3.11304436964E-01  -9.50878405000E-01
  -8.52549853000E-01  -7.54092882000E-01  -6.55506989000E-01  -5.56791666000E-01
  -4.57937369000E-01  -3.58901471000E-01  -2.59670737000E-01  -1.60244012000E-01
  -6.06201285000E-02   3.92072429000E-02   1.39263941000E-01   2.39558884000E-01
   3.40093781000E-01   4.40870365000E-01   5.41896325000E-01   6.43198213000E-01
   7.44784722000E-01   8.46658264000E-01   9.48821289000E-01   6.33500000000E-09
   2.24366004955E+07   3.18535143918E-01  -9.50873414000E-01  -8.52526278000E-01
  -7.54037737000E-01  -6.55407181000E-01  -5.56633993000E-01  -4.57713675000E-01
  -3.58627635000E-01  -2.59369853000E-01  -1.59939433000E-01  -6.03354715000E-02
   3.94517865000E-02   1.39465212000E-01   2.39718733000E-01   3.40214090000E-01
   4.40953040000E-01   5.41944436000E-01   6.43219543000E-01   7.44788381000E-01
   8.46653524000E-01   9.48817581000E-01   7.60000000000E-09   1.96225904334E+07
   3.45137582180E-01  -9.50933074000E-01  -8.52694485000E-01  -7.54298226000E-01
  -6.55743533000E-01  -5.57029641000E-01  -4.58151639000E-01  -3.59089327000E-01
  -2.59835997000E-01  -1.60390538000E-01  -6.07518303000E-02   3.90869501000E-02
   1.39154282000E-01   2.39459902000E-01   3.40005521000E-01   4.40792871000E-01
   5.41829851000E-01   6.43143942000E-01   7.44744109000E-01   8.46632789000E-01
   9.48812458000E-01   8.23250000000E-09   1.84909904084E+07   3.57191002122E-01
  -9.50919069000E-01  -8.52651004000E-01  -7.54223050000E-01  -6.55634423000E-01
  -5.56884335000E-01  -4.57968505000E-01  -3.58869848000E-01  -2.59582613000E-01
  -1.60105719000E-01  -6.04380751000E-02   3.94261508000E-02   1.39510556000E-01
   2.39823248000E-01   3.40365796000E-01   4.41139789000E-01   5.42151977000E-01
   6.43425282000E-01   7.44967211000E-01   8.46779912000E-01   9.48865567000E-01
   8.86500000000E-09   1.75246603871E+07   3.68580951686E-01  -9.50936500000E-01
  -8.52699340000E-01  -7.54296311000E-01  -6.55726569000E-01  -5.56989264000E-01
  -4.58080473000E-01  -3.58984963000E-01  -2.59697478000E-01  -1.60216899000E-01
  -6.05420957000E-02   3.93323682000E-02   1.39428113000E-01   2.39752682000E-01
   3.40307652000E-01   4.41094618000E-01   5.42119872000E-01   6.43404426000E-01
   7.44955272000E-01   8.46774521000E-01   9.48864315000E-01   1.01300000000E-08
   1.59410903521E+07   3.89748039028E-01  -9.50930970000E-01  -8.52684334000E-01
  -7.54274220000E-01  -6.55699810000E-01  -5.56960279000E-01  -4.58050941000E-01
  -3.58952904000E-01  -2.59659825000E-01  -1.60170546000E-01  -6.04838994000E-02
   3.94047036000E-02   1.39512677000E-01   2.39846270000E-01   3.40407015000E-01
   4.41196463000E-01   5.42220175000E-01   6.43496229000E-01   7.45030755000E-01
   8.46825743000E-01   9.48883209000E-01   1.13950000000E-08   1.47071403248E+07
   4.09133044931E-01  -9.50862037000E-01  -8.52483141000E-01  -7.53949245000E-01
  -6.55259612000E-01  -5.56413502000E-01  -4.57407843000E-01  -3.58231186000E-01
  -2.58879584000E-01  -1.59352107000E-01  -5.96478168000E-02   4.02384235000E-02
   1.40327009000E-01   2.40624782000E-01   3.41133060000E-01   4.41853173000E-01
   5.42790993000E-01   6.43966216000E-01   7.45385142000E-01   8.47049541000E-01
   9.48961208000E-01   1.26600000000E-08   1.37221703031E+07   4.27114583903E-01
  -9.50867365000E-01  -8.52498912000E-01  -7.53975134000E-01  -6.55295293000E-01
  -5.56458645000E-01  -4.57460868000E-01  -3.58284750000E-01  -2.58924609000E-01
  -1.59379415000E-01  -5.96481311000E-02   4.02724434000E-02   1.40393345000E-01
   2.40718658000E-01   3.41249641000E-01   4.41987564000E-01   5.42936398000E-01
   6.44108282000E-01   7.45507420000E-01   8.47135351000E-01   9.48993631000E-01
   1.39250000000E-08   1.29304202856E+07   4.43972347451E-01  -9.50830228000E-01
  -8.52388297000E-01  -7.53792245000E-01  -6.55041344000E-01  -5.56134864000E-01
  -4.57070047000E-01  -3.57836952000E-01  -2.58432113000E-01  -1.58854635000E-01
  -5.91036135000E-02   4.08241587000E-02   1.40940075000E-01   2.41248173000E-01
   3.41749562000E-01   4.42445359000E-01   5.43339488000E-01   6.44444120000E-01
   7.45763319000E-01   8.47298455000E-01   9.49050930000E-01   1.51900000000E-08
   1.22850202713E+07   4.59921113603E-01  -9.50774629000E-01  -8.52230750000E-01
  -7.53546720000E-01  -6.54721939000E-01  -5.55755802000E-01  -4.56645169000E-01
  -3.57378037000E-01  -2.57950470000E-01  -1.58361691000E-01  -5.86109106000E-02
   4.13056700000E-02   1.41402352000E-01   2.41683885000E-01   3.42151298000E-01
   4.42805603000E-01   5.43650787000E-01   6.44699165000E-01   7.45954763000E-01
   8.47418861000E-01   9.49092802000E-01   1.64550000000E-08   1.17360702592E+07
   4.75114453364E-01  -9.50729614000E-01  -8.52098223000E-01  -7.53330478000E-01
  -6.54425813000E-01  -5.55383656000E-01  -4.56201608000E-01  -3.56870990000E-01
  -2.57388890000E-01  -1.57754614000E-01  -5.79674610000E-02   4.19751749000E-02
   1.42082369000E-01   2.42357227000E-01   3.42800596000E-01   4.43413254000E-01
   5.44198404000E-01   6.45165018000E-01   7.46316132000E-01   8.47652762000E-01
   9.49176078000E-01   1.77200000000E-08   1.12696302489E+07   4.89665558935E-01
  -9.50679131000E-01  -8.51953923000E-01  -7.53103149000E-01  -6.54126330000E-01
  -5.55022982000E-01  -4.55790666000E-01  -3.56420321000E-01  -2.56909029000E-01
  -1.57256186000E-01  -5.74611887000E-02   4.24785922000E-02   1.42572514000E-01
   2.42823651000E-01   3.43232746000E-01   4.43800433000E-01   5.44530699000E-01
   6.45435156000E-01   7.46517456000E-01   8.47778544000E-01   9.49219605000E-01
   1.89850000000E-08   1.08592102398E+07   5.03662050544E-01  -9.50638391000E-01
  -8.51836032000E-01  -7.52914642000E-01  -6.53873789000E-01  -5.54713038000E-01
  -4.55430179000E-01  -3.56017059000E-01  -2.56471080000E-01  -1.56791707000E-01
  -5.69784020000E-02   4.29710927000E-02   1.43064653000E-01   2.43304851000E-01
   3.43692334000E-01   4.44227589000E-01   5.44913946000E-01   6.45760021000E-01
   7.46768680000E-01   8.47940712000E-01   9.49277243000E-01   2.02500000000E-08
   1.04958902318E+07   5.17169151592E-01  -9.50592825000E-01  -8.51705145000E-01
  -7.52707192000E-01  -6.53598598000E-01  -5.54378989000E-01  -4.55046236000E-01
  -3.55592418000E-01  -2.56015074000E-01  -1.56313743000E-01  -5.64879603000E-02
   4.34643846000E-02   1.43550670000E-01   2.43773244000E-01   3.44132665000E-01
   4.44629280000E-01   5.45266528000E-01   6.46052910000E-01   7.46991237000E-01
   8.48082200000E-01   9.49326929000E-01   2.15150000000E-08   1.01658702245E+07
   5.30237715081E-01  -9.50553098000E-01  -8.51590444000E-01  -7.52524274000E-01
  -6.53354262000E-01  -5.54080081000E-01  -4.54699840000E-01  -3.55206568000E-01
  -2.55598121000E-01  -1.55874097000E-01  -5.60340938000E-02   4.39237898000E-02
   1.44006158000E-01   2.44215077000E-01   3.44551029000E-01   4.45014234000E-01
   5.45607905000E-01   6.46339202000E-01   7.47210593000E-01   8.48222665000E-01
   9.49376541000E-01   2.27800000000E-08   9.86402021786E+06   5.42906620786E-01
  -9.50075108000E-01  -8.51131418000E-01  -7.52091657000E-01  -6.52955545000E-01
  -5.53722802000E-01  -4.54590295000E-01  -3.55057843000E-01  -2.55418987000E-01
  -1.55673385000E-01  -5.58206927000E-02   4.41408019000E-02   1.44217078000E-01
   2.44409977000E-01   3.44719907000E-01   4.45147014000E-01   5.45694480000E-01
   6.46369495000E-01   7.47174471000E-01   8.48109911000E-01   9.51613392000E-01
   2.40450000000E-08   9.58328321166E+06   5.55207040205E-01  -9.50070117000E-01
  -8.51051025000E-01  -7.51942732000E-01  -6.52744997000E-01  -5.53457578000E-01
  -4.54069411000E-01  -3.54594459000E-01  -2.55028907000E-01  -1.55364969000E-01
  -5.56023522000E-02   4.43076165000E-02   1.44377014000E-01   2.44555197000E-01
   3.44842521000E-01   4.45239083000E-01   5.45747849000E-01   6.46375413000E-01
   7.47123985000E-01   8.47994002000E-01   9.53705960000E-01   2.53100000000E-08
   9.31872820582E+06   5.67162562427E-01  -9.50065862000E-01  -8.50975995000E-01
  -7.51803477000E-01  -6.52548099000E-01  -5.53209654000E-01  -4.53777202000E-01
  -3.54266431000E-01  -2.54670621000E-01  -1.54983919000E-01  -5.52060756000E-02
   4.47082885000E-02   1.44771018000E-01   2.44935790000E-01   3.45202918000E-01
   4.45572420000E-01   5.46046977000E-01   6.46631738000E-01   7.47328571000E-01
   8.48137852000E-01   9.53426423000E-01   2.65750000000E-08   9.06765420027E+06
   5.78791949299E-01  -9.50064712000E-01  -8.50915773000E-01  -7.51690165000E-01
  -6.52387711000E-01  -5.53008231000E-01  -4.53536240000E-01  -3.53997902000E-01
  -2.54377740000E-01  -1.54671227000E-01  -5.48802869000E-02   4.50430356000E-02
   1.45009979000E-01   2.45071540000E-01   3.45227986000E-01   4.45715761000E-01
   5.46160743000E-01   6.46707879000E-01   7.47358830000E-01   8.48113919000E-01
   9.54536595000E-01   2.78400000000E-08   8.82747719497E+06   5.90110619906E-01
  -9.50056754000E-01  -8.50849922000E-01  -7.51570840000E-01  -6.52219348000E-01
  -5.52795289000E-01  -4.53286522000E-01  -3.53713872000E-01  -2.54064601000E-01
  -1.54335525000E-01  -5.45282958000E-02   4.54010037000E-02   1.45370690000E-01
   2.45427516000E-01   3.45571710000E-01   4.46020946000E-01   5.46141461000E-01
   6.46549405000E-01   7.47054852000E-01   8.47658085000E-01   9.55965305000E-01
   2.91050000000E-08   8.59611018986E+06   6.01131038927E-01  -9.50055642000E-01
  -8.50793581000E-01  -7.51464868000E-01  -6.52069368000E-01  -5.52606946000E-01
  -4.53064479000E-01  -3.53465853000E-01  -2.53795205000E-01  -1.54050413000E-01
  -5.42329123000E-02   4.56971736000E-02   1.45665458000E-01   2.45716449000E-01
   3.45850351000E-01   4.46273747000E-01   5.46390327000E-01   6.46774432000E-01
   7.47249141000E-01   8.47814701000E-01   9.55561199000E-01   3.03700000000E-08
   8.37237518492E+06   6.11863605926E-01  -9.50051363000E-01  -8.50743791000E-01
  -7.51373469000E-01  -6.51940277000E-01  -5.52444097000E-01  -4.52871388000E-01
  -3.53247678000E-01  -2.53555236000E-01  -1.53792734000E-01  -5.39614350000E-02
   4.59764384000E-02   1.45950087000E-01   2.46000498000E-01   3.46127848000E-01
   4.46523810000E-01   5.46635387000E-01   6.46994847000E-01   7.47438200000E-01
   8.47965656000E-01   9.55199924000E-01   3.16350000000E-08   8.15548718013E+06
   6.22317478872E-01  -9.50049883000E-01  -8.50696256000E-01  -7.51284439000E-01
  -6.51988241000E-01  -5.52245402000E-01  -4.52657820000E-01  -3.53007413000E-01
  -2.53353710000E-01  -1.53484782000E-01  -5.36440565000E-02   4.62641941000E-02
   1.46294717000E-01   2.46305575000E-01   3.46419626000E-01   4.46607658000E-01
   5.47015135000E-01   6.47213360000E-01   7.47627685000E-01   8.48122709000E-01
   9.54479525000E-01   3.29000000000E-08   7.94423817546E+06   6.32500555160E-01
  -9.50050997000E-01  -8.50658778000E-01  -7.51212693000E-01  -6.51712655000E-01
  -5.52225825000E-01  -4.52519073000E-01  -3.52852243000E-01  -2.53124596000E-01
  -1.53363404000E-01  -5.34581654000E-02   4.64540856000E-02   1.46478915000E-01
   2.46495838000E-01   3.46606334000E-01   4.46878723000E-01   5.47045957000E-01
   6.47366266000E-01   7.47843008000E-01   8.48224238000E-01   9.54286675000E-01
   3.41650000000E-08   7.73825817091E+06   6.42419734099E-01  -9.50049436000E-01
  -8.50821304000E-01  -7.51109778000E-01  -6.51581812000E-01  -5.51999847000E-01
  -4.52363796000E-01  -3.52723037000E-01  -2.52904992000E-01  -1.53103331000E-01
  -5.32425966000E-02   4.67059407000E-02   1.46682217000E-01   2.46721084000E-01
   3.46824413000E-01   4.46992328000E-01   5.47360996000E-01   6.47524863000E-01
   7.47890849000E-01   8.48328909000E-01   9.54012392000E-01   3.54300000000E-08
   7.53727616647E+06   6.52081509567E-01  -9.50044801000E-01  -8.50587816000E-01
  -7.51082512000E-01  -6.51528818000E-01  -5.52049135000E-01  -4.52236985000E-01
  -3.52537642000E-01  -2.52782911000E-01  -1.52972701000E-01  -5.31077955000E-02
   4.68407769000E-02   1.46818088000E-01   2.46856558000E-01   3.46956299000E-01
   4.47269907000E-01   5.47355995000E-01   6.47640460000E-01   7.47991955000E-01
   8.48410614000E-01   9.53883444000E-01   3.66950000000E-08   7.34097316214E+06
   6.61492002268E-01  -9.50038269000E-01  -8.50552953000E-01  -7.51020932000E-01
  -6.51442139000E-01  -5.51934810000E-01  -4.52110297000E-01  -3.52390747000E-01
  -2.52619502000E-01  -1.52796484000E-01  -5.29223792000E-02   4.70297292000E-02
   1.47008659000E-01   2.47044487000E-01   3.47137310000E-01   4.47429040000E-01
   5.47503013000E-01   6.47767726000E-01   7.48096961000E-01   8.48490842000E-01
   9.53681087000E-01   3.79600000000E-08   7.14906815790E+06   6.70656953402E-01
  -9.50039644000E-01  -8.50532008000E-01  -7.50980330000E-01  -6.51384550000E-01
  -5.51856098000E-01  -4.52025806000E-01  -3.52297313000E-01  -2.52518766000E-01
  -1.52690090000E-01  -5.28119248000E-02   4.71416279000E-02   1.47121257000E-01
   2.47156197000E-01   3.47246539000E-01   4.47530241000E-01   5.47607974000E-01
   6.47865306000E-01   7.48183287000E-01   8.48562029000E-01   9.53517564000E-01
   3.92250000000E-08   6.96148815376E+06   6.79581880270E-01  -9.50035812000E-01
  -8.50502560000E-01  -7.50927168000E-01  -6.51309583000E-01  -5.51756353000E-01
  -4.51917134000E-01  -3.52172600000E-01  -2.52381402000E-01  -1.52543475000E-01
  -5.26593840000E-02   4.72946236000E-02   1.47273262000E-01   2.47304301000E-01
   3.47387825000E-01   4.47654505000E-01   5.47722062000E-01   6.47963824000E-01
   7.48264459000E-01   8.48624072000E-01   9.53349269000E-01   4.04900000000E-08
   6.77807114970E+06   6.88272151529E-01  -9.50034231000E-01  -8.50486896000E-01
  -7.50898581000E-01  -6.51269234000E-01  -5.51702438000E-01  -4.51856905000E-01
  -3.52104108000E-01  -2.52305619000E-01  -1.52461376000E-01  -5.25719132000E-02
   4.73862196000E-02   1.47368215000E-01   2.47400674000E-01   3.47483673000E-01
   4.47743042000E-01   5.47814489000E-01   6.48049788000E-01   7.48340390000E-01
   8.48686387000E-01   9.53223050000E-01   4.17550000000E-08   6.59885514575E+06
   6.96733057411E-01  -9.50035316000E-01  -8.50464652000E-01  -7.50855718000E-01
  -6.51208471000E-01  -5.51619580000E-01  -4.51769763000E-01  -3.52007256000E-01
  -2.52201742000E-01  -1.52353166000E-01  -5.24620110000E-02   4.74931748000E-02
   1.47471422000E-01   2.47498891000E-01   3.47575654000E-01   4.47824441000E-01
   5.47889026000E-01   6.48114343000E-01   7.48393914000E-01   8.48727828000E-01
   9.53091561000E-01   4.30200000000E-08   6.42354214187E+06   7.04969723695E-01
  -9.50031477000E-01  -8.50448684000E-01  -7.50828092000E-01  -6.51169658000E-01
  -5.51568838000E-01  -4.51711258000E-01  -3.51938985000E-01  -2.52124652000E-01
  -1.52268203000E-01  -5.23700930000E-02   4.75911360000E-02   1.47574359000E-01
   2.47603956000E-01   3.47679992000E-01   4.47918068000E-01   5.47981369000E-01
   6.48197358000E-01   7.48464895000E-01   8.48784058000E-01   9.52976889000E-01
   4.42850000000E-08   6.25233213809E+06   7.12987214177E-01  -9.50034402000E-01
  -8.50438979000E-01  -7.50807724000E-01  -6.51140599000E-01  -5.51528058000E-01
  -4.51668962000E-01  -3.51893927000E-01  -2.52077547000E-01  -1.52219769000E-01
  -5.23210314000E-02   4.76396460000E-02   1.47622039000E-01   2.47650270000E-01
   3.47724401000E-01   4.47958696000E-01   5.48021787000E-01   6.48234218000E-01
   7.48497037000E-01   8.48810319000E-01   9.52902255000E-01   4.55500000000E-08
   6.08503413440E+06   7.20790598345E-01  -9.50030613000E-01  -8.50419530000E-01
  -7.50773473000E-01  -6.51092403000E-01  -5.51464582000E-01  -4.51599495000E-01
  -3.51813120000E-01  -2.51987914000E-01  -1.52123830000E-01  -5.22212630000E-02
   4.77391349000E-02   1.47720258000E-01   2.47745347000E-01   3.47814459000E-01
   4.48037171000E-01   5.48092067000E-01   6.48293877000E-01   7.48545303000E-01
   8.48846420000E-01   9.52800792000E-01   4.68150000000E-08   5.92156213079E+06
   7.28384770483E-01  -9.50029171000E-01  -8.50412787000E-01  -7.50761684000E-01
  -6.51075826000E-01  -5.51442815000E-01  -4.51573870000E-01  -3.51783477000E-01
  -2.51954340000E-01  -1.52086415000E-01  -5.21800864000E-02   4.77842483000E-02
   1.47768919000E-01   2.47796401000E-01   3.47866750000E-01   4.48086664000E-01
   5.48147000000E-01   6.48346483000E-01   7.48592895000E-01   8.48886303000E-01
   9.52732818000E-01   4.80800000000E-08   5.76210312726E+06   7.35774688758E-01
  -9.50032519000E-01  -8.50406524000E-01  -7.50747548000E-01  -6.51055557000E-01
  -5.51413747000E-01  -4.51544594000E-01  -3.51753298000E-01  -2.51923705000E-01
  -1.52055772000E-01  -5.21498739000E-02   4.78132794000E-02   1.47796613000E-01
   2.47822480000E-01   3.47890934000E-01   4.48107978000E-01   5.48165928000E-01
   6.48362683000E-01   7.48606259000E-01   8.48896721000E-01   9.52687928000E-01
   4.93450000000E-08   5.60638512383E+06   7.42965257577E-01  -9.50028660000E-01
  -8.50391089000E-01  -7.50720945000E-01  -6.51018196000E-01  -5.51364986000E-01
  -4.51490894000E-01  -3.51690089000E-01  -2.51853113000E-01  -1.51979927000E-01
  -5.20708724000E-02   4.78919488000E-02   1.47874138000E-01   2.47897359000E-01
   3.47961662000E-01   4.48169293000E-01   5.48220136000E-01   6.48408262000E-01
   7.48642739000E-01   8.48923631000E-01   9.52612066000E-01   5.06100000000E-08
   5.45434912047E+06   7.49961171987E-01  -9.50027300000E-01  -8.50387633000E-01
  -7.50715326000E-01  -6.51010346000E-01  -5.51355004000E-01  -4.51478006000E-01
  -3.51674763000E-01  -2.51835127000E-01  -1.51959057000E-01  -5.20468919000E-02
   4.79197032000E-02   1.47905422000E-01   2.47931327000E-01   3.47997466000E-01
   4.48203980000E-01   5.48260747000E-01   6.48448077000E-01   7.48679429000E-01
   8.48954861000E-01   9.52565968000E-01   5.18750000000E-08   5.30613311719E+06
   7.56767177002E-01  -9.50031092000E-01  -8.50384757000E-01  -7.50707301000E-01
  -6.50998695000E-01  -5.51337400000E-01  -4.51461293000E-01  -3.51658992000E-01
  -2.51820387000E-01  -1.51945438000E-01  -5.20344806000E-02   4.79307164000E-02
   1.47915049000E-01   2.47939633000E-01   3.48004520000E-01   4.48210015000E-01
   5.48265089000E-01   6.48451377000E-01   7.48681911000E-01   8.48956750000E-01
   9.52542100000E-01   5.31400000000E-08   5.16153111400E+06   7.63387974628E-01
  -9.50027124000E-01  -8.50372721000E-01  -7.50687208000E-01  -6.50970556000E-01
  -5.51301185000E-01  -4.51421141000E-01  -3.51610853000E-01  -2.51766119000E-01
  -1.51886906000E-01  -5.19735219000E-02   4.79910023000E-02   1.47974007000E-01
   2.47996130000E-01   3.48057418000E-01   4.48255334000E-01   5.48303828000E-01
   6.48483146000E-01   7.48706626000E-01   8.48974325000E-01   9.52490000000E-01
   5.44050000000E-08   5.02046911088E+06   7.69828089770E-01  -9.50025727000E-01
  -8.50372452000E-01  -7.50687648000E-01  -6.50971287000E-01  -5.51302846000E-01
  -4.51420675000E-01  -3.51609412000E-01  -2.51763141000E-01  -1.51881827000E-01
  -5.19657806000E-02   4.80026224000E-02   1.47989393000E-01   2.48014685000E-01
   3.48078542000E-01   4.48276946000E-01   5.48332130000E-01   6.48512137000E-01
   7.48734217000E-01   8.48998423000E-01   9.52463910000E-01   5.56700000000E-08
   4.88312310785E+06   7.76092111849E-01  -9.50026772000E-01  -8.50375525000E-01
  -7.50692756000E-01  -6.50978438000E-01  -5.51312031000E-01  -4.51431303000E-01
  -3.51622101000E-01  -2.51777609000E-01  -1.51897791000E-01  -5.19829629000E-02
   4.79846168000E-02   1.47970748000E-01   2.47995828000E-01   3.48059902000E-01
   4.48260019000E-01   5.48315032000E-01   6.48496554000E-01   7.48720725000E-01
   8.48987598000E-01   9.52484838000E-01   5.69350000000E-08   4.74925810489E+06
   7.82184592966E-01  -9.50028512000E-01  -8.50364578000E-01  -7.50670846000E-01
  -6.50947289000E-01  -5.51269001000E-01  -4.51387877000E-01  -3.51574633000E-01
  -2.51727902000E-01  -1.51847652000E-01  -5.19341758000E-02   4.80286645000E-02
   1.48009845000E-01   2.48030136000E-01   3.48089584000E-01   4.48285649000E-01
   5.48335628000E-01   6.48513024000E-01   7.48733376000E-01   8.48996742000E-01
   9.52430958000E-01   5.82000000000E-08   4.61866710201E+06   7.88109805659E-01
  -9.50024582000E-01  -8.50360354000E-01  -7.50665520000E-01  -6.50940051000E-01
  -5.51261081000E-01  -4.51375130000E-01  -3.51557543000E-01  -2.51706183000E-01
  -1.51821016000E-01  -5.19023334000E-02   4.80668884000E-02   1.48053778000E-01
   2.48077638000E-01   3.48138509000E-01   4.48328484000E-01   5.48376837000E-01
   6.48549247000E-01   7.48763532000E-01   8.49019746000E-01   9.52397670000E-01
   5.94650000000E-08   4.49146909920E+06   7.93871966806E-01  -9.50024814000E-01
  -8.50366506000E-01  -7.50677012000E-01  -6.50956301000E-01  -5.51282982000E-01
  -4.51398576000E-01  -3.51583993000E-01  -2.51734925000E-01  -1.51851336000E-01
  -5.19335292000E-02   4.80358786000E-02   1.48023343000E-01   2.48048622000E-01
   3.48111759000E-01   4.48306972000E-01   5.48361919000E-01   6.48539064000E-01
   7.48757391000E-01   8.49016950000E-01   9.52423036000E-01   6.07300000000E-08
   4.36781909647E+06   7.99475466590E-01  -9.50025514000E-01  -8.50371841000E-01
  -7.50686636000E-01  -6.50969871000E-01  -5.51301029000E-01  -4.51418545000E-01
  -3.51606868000E-01  -2.51760230000E-01  -1.51878593000E-01  -5.19622684000E-02
   4.80063572000E-02   1.47993313000E-01   2.48018695000E-01   3.48082548000E-01
   4.48280618000E-01   5.48335931000E-01   6.48515647000E-01   7.48737292000E-01
   8.49000919000E-01   9.52459343000E-01   6.19950000000E-08   4.24749409381E+06
   8.04924652183E-01  -9.50030668000E-01  -8.50369515000E-01  -7.50678728000E-01
  -6.50958281000E-01  -5.51282857000E-01  -4.51402239000E-01  -3.51592580000E-01
  -2.51748031000E-01  -1.51868555000E-01  -5.19544622000E-02   4.80116804000E-02
   1.47996272000E-01   2.48019673000E-01   3.48081928000E-01   4.48279740000E-01
   5.48333089000E-01   6.48512368000E-01   7.48734096000E-01   8.48998328000E-01
   9.52438985000E-01   6.32600000000E-08   4.13018609122E+06   8.10223534900E-01
  -9.50025000000E-01  -8.50361088000E-01  -7.50666625000E-01  -6.50941583000E-01
  -5.51262956000E-01  -4.51378013000E-01  -3.51561022000E-01  -2.51710453000E-01
  -1.51826272000E-01  -5.19087689000E-02   4.80588169000E-02   1.48044152000E-01
   2.48066787000E-01   3.48126764000E-01   4.48317001000E-01   5.48363042000E-01
   6.48535585000E-01   7.48750850000E-01   8.49008891000E-01   9.52412324000E-01
   6.45250000000E-08   4.01590308870E+06   8.15375936306E-01  -9.50024191000E-01
  -8.50365327000E-01  -7.50675203000E-01  -6.50953787000E-01  -5.51279876000E-01
  -4.51394717000E-01  -3.51579208000E-01  -2.51729288000E-01  -1.51844919000E-01
  -5.19264031000E-02   4.80436456000E-02   1.48031667000E-01   2.48057283000E-01
   3.48120536000E-01   4.48315095000E-01   5.48370563000E-01   6.48547152000E-01
   7.48764552000E-01   8.49022813000E-01   9.52413578000E-01   6.57900000000E-08
   3.90478008624E+06   8.20385768414E-01  -9.50024900000E-01  -8.50372142000E-01
  -7.50687625000E-01  -6.50971318000E-01  -5.51303285000E-01  -4.51420449000E-01
  -3.51608542000E-01  -2.51761601000E-01  -1.51879588000E-01  -5.19628152000E-02
   4.80064195000E-02   1.47993967000E-01   2.48019857000E-01   3.48084134000E-01
   4.48282333000E-01   5.48338509000E-01   6.48518386000E-01   7.48739949000E-01
   8.49003251000E-01   9.52459398000E-01   6.70550000000E-08   3.79674708386E+06
   8.25256984350E-01  -9.50026141000E-01  -8.50376550000E-01  -7.50695126000E-01
  -6.50981841000E-01  -5.51316944000E-01  -4.51435973000E-01  -3.51626867000E-01
  -2.51782292000E-01  -1.51902210000E-01  -5.19869408000E-02   4.79814271000E-02
   1.47968357000E-01   2.47994188000E-01   3.48058964000E-01   4.48259617000E-01
   5.48315971000E-01   6.48498039000E-01   7.48722477000E-01   8.48989339000E-01
   9.52488213000E-01   6.86413100000E-08   3.66535408095E+06   8.31175587199E-01
  -9.50025774000E-01  -8.50372268000E-01  -7.50687269000E-01  -6.50970747000E-01
  -5.51302092000E-01  -4.51421078000E-01  -3.51609765000E-01  -2.51764003000E-01
  -1.51883756000E-01  -5.19693349000E-02   4.79962311000E-02   1.47980281000E-01
   2.48003451000E-01   3.48065789000E-01   4.48264777000E-01   5.48317804000E-01
   6.48498117000E-01   7.48721342000E-01   8.48987536000E-01   9.52477021000E-01
   7.00910000000E-08   3.54908507839E+06   8.36404937351E-01  -9.50024354000E-01
  -8.50376052000E-01  -7.50695399000E-01  -6.50982365000E-01  -5.51318511000E-01
  -4.51436380000E-01  -3.51625966000E-01  -2.51780112000E-01  -1.51898781000E-01
  -5.19822904000E-02   4.79873478000E-02   1.47975430000E-01   2.48002072000E-01
   3.48067319000E-01   4.48267249000E-01   5.48324196000E-01   6.48505704000E-01
   7.48729191000E-01   8.48994711000E-01   9.52485094000E-01   7.16090000000E-08
   3.43124807578E+06   8.41703010215E-01  -9.50026317000E-01  -8.50382882000E-01
  -7.50706998000E-01  -6.50998632000E-01  -5.51339606000E-01  -4.51460245000E-01
  -3.51654194000E-01  -2.51811965000E-01  -1.51933520000E-01  -5.20191901000E-02
   4.79493921000E-02   1.47936818000E-01   2.47963676000E-01   3.48030014000E-01
   4.48234093000E-01   5.48292531000E-01   6.48477758000E-01   7.48705711000E-01
   8.48976443000E-01   9.52525765000E-01   7.33800000000E-08   3.29863607286E+06
   8.47662322629E-01  -9.50025090000E-01  -8.50380847000E-01  -7.50703978000E-01
  -6.50994452000E-01  -5.51334532000E-01  -4.51455091000E-01  -3.51647359000E-01
  -2.51804172000E-01  -1.51925494000E-01  -5.20116474000E-02   4.79550990000E-02
   1.47940598000E-01   2.47965587000E-01   3.48030111000E-01   4.48232569000E-01
   5.48286849000E-01   6.48470478000E-01   7.48697732000E-01   8.48968667000E-01
   9.52531808000E-01   7.48980000000E-08   3.18894907043E+06   8.52586399753E-01
  -9.50024112000E-01  -8.50387669000E-01  -7.50717561000E-01  -6.51013754000E-01
  -5.51361151000E-01  -4.51481919000E-01  -3.51676770000E-01  -2.51834998000E-01
  -1.51956565000E-01  -5.20418085000E-02   4.79279733000E-02   1.47916722000E-01
   2.47945080000E-01   3.48013096000E-01   4.48219475000E-01   5.48280354000E-01
   6.48467780000E-01   7.48697839000E-01   8.48970585000E-01   9.52556431000E-01
   7.66690000000E-08   3.06568306771E+06   8.58124876511E-01  -9.50025077000E-01
  -8.50399310000E-01  -7.50738949000E-01  -6.51043957000E-01  -5.51401606000E-01
  -4.51526170000E-01  -3.51727026000E-01  -2.51890180000E-01  -1.52015589000E-01
  -5.21036128000E-02   4.78650248000E-02   1.47853196000E-01   2.47882210000E-01
   3.47952118000E-01   4.48164703000E-01   5.48227109000E-01   6.48420158000E-01
   7.48657228000E-01   8.48938377000E-01   9.52633947000E-01   7.86930000000E-08
   2.93061606473E+06   8.64193131233E-01  -9.50026118000E-01  -8.50396605000E-01
  -7.50733118000E-01  -6.51035623000E-01  -5.51389815000E-01  -4.51515904000E-01
  -3.51716137000E-01  -2.51879703000E-01  -1.52006560000E-01  -5.20970598000E-02
   4.78669538000E-02   1.47850602000E-01   2.47875866000E-01   3.47942798000E-01
   4.48155117000E-01   5.48213440000E-01   6.48405869000E-01   7.48643504000E-01
   8.48926403000E-01   9.52636802000E-01   8.04640000000E-08   2.81722706222E+06
   8.69282846322E-01  -9.50024121000E-01  -8.50403724000E-01  -7.50747956000E-01
  -6.51056781000E-01  -5.51419439000E-01  -4.51544513000E-01  -3.51746849000E-01
  -2.51910980000E-01  -1.52036863000E-01  -5.21248641000E-02   4.78446608000E-02
   1.47833869000E-01   2.47864147000E-01   3.47935547000E-01   4.48150422000E-01
   5.48215107000E-01   6.48410321000E-01   7.48649506000E-01   8.48932718000E-01
   9.52659288000E-01   8.24880000000E-08   2.69312605948E+06   8.74859323681E-01
  -9.50025208000E-01  -8.50418543000E-01  -7.50775280000E-01  -6.51095377000E-01
  -5.51471208000E-01  -4.51601015000E-01  -3.51810911000E-01  -2.51981218000E-01
  -1.52111888000E-01  -5.22033164000E-02   4.77648938000E-02   1.47753500000E-01
   2.47784721000E-01   3.47858611000E-01   4.48081380000E-01   5.48148192000E-01
   6.48350567000E-01   7.48598619000E-01   8.48892409000E-01   9.52757531000E-01
   8.45120000000E-08   2.57469905687E+06   8.80190362699E-01  -9.50031139000E-01
  -8.50425977000E-01  -7.50785323000E-01  -6.51109138000E-01  -5.51487001000E-01
  -4.51621420000E-01  -3.51838352000E-01  -2.52014668000E-01  -1.52150318000E-01
  -5.22457146000E-02   4.77200725000E-02   1.47706805000E-01   2.47737351000E-01
   3.47811766000E-01   4.48039259000E-01   5.48106199000E-01   6.48312729000E-01
   7.48566301000E-01   8.48866979000E-01   9.52796956000E-01   8.67890000000E-08
   2.44759905406E+06   8.85908249098E-01  -9.50024775000E-01  -8.50425044000E-01
  -7.50787884000E-01  -6.51113253000E-01  -5.51495636000E-01  -4.51627090000E-01
  -3.51839756000E-01  -2.52012257000E-01  -1.52144545000E-01  -5.22370267000E-02
   4.77311075000E-02   1.47719825000E-01   2.47751475000E-01   3.47826111000E-01
   4.48050729000E-01   5.48115314000E-01   6.48319449000E-01   7.48570653000E-01
   8.48868992000E-01   9.52809598000E-01   8.90660000000E-08   2.32685505139E+06
   8.91343965097E-01  -9.50025584000E-01  -8.50441953000E-01  -7.50819353000E-01
  -6.51157740000E-01  -5.51555524000E-01  -4.51691865000E-01  -3.51912897000E-01
  -2.52092057000E-01  -1.52229293000E-01  -5.23250467000E-02   4.76424289000E-02
   1.47631359000E-01   2.47665098000E-01   3.47743707000E-01   4.47978882000E-01
   5.48050782000E-01   6.48264505000E-01   7.48526012000E-01   8.48835373000E-01
   9.52908608000E-01   9.13430000000E-08   2.21236204886E+06   8.96511863766E-01
  -9.50029417000E-01  -8.50453807000E-01  -7.50839195000E-01  -6.51185534000E-01
  -5.51591340000E-01  -4.51732693000E-01  -3.51961559000E-01  -2.52147262000E-01
  -1.52289744000E-01  -5.23894741000E-02   4.75759931000E-02   1.47563588000E-01
   2.47597457000E-01   3.47677665000E-01   4.47919571000E-01   5.47992668000E-01
   6.48212428000E-01   7.48481614000E-01   8.48800299000E-01   9.52981708000E-01
   9.38730000000E-08   2.09177404620E+06   9.01956595926E-01  -9.50025615000E-01
  -8.50452099000E-01  -7.50838546000E-01  -6.51184908000E-01  -5.51592322000E-01
  -4.51731746000E-01  -3.51957527000E-01  -2.52140596000E-01  -1.52280899000E-01
  -5.23788951000E-02   4.75877275000E-02   1.47576125000E-01   2.47609943000E-01
   3.47689242000E-01   4.47927228000E-01   5.47994445000E-01   6.48210798000E-01
   7.48477491000E-01   8.48794600000E-01   9.52992868000E-01   9.64030000000E-08
   1.97787004368E+06   9.07104695700E-01  -9.50026232000E-01  -8.50470206000E-01
  -7.50872416000E-01  -6.51232809000E-01  -5.51656933000E-01  -4.51801297000E-01
  -3.52035888000E-01  -2.52225868000E-01  -1.52371178000E-01  -5.24723170000E-02
   4.74940793000E-02   1.47483213000E-01   2.47519840000E-01   3.47604029000E-01
   4.47854185000E-01   5.47931980000E-01   6.48159395000E-01   7.48437225000E-01
   8.48765548000E-01   9.53091540000E-01   9.91860000000E-08   1.86011204108E+06
   9.12445247771E-01  -9.50030658000E-01  -8.50485125000E-01  -7.50897658000E-01
  -6.51268204000E-01  -5.51702764000E-01  -4.51853260000E-01  -3.52097475000E-01
  -2.52295472000E-01  -1.52447187000E-01  -5.25531561000E-02   4.74108673000E-02
   1.47398458000E-01   2.47435351000E-01   3.47521619000E-01   4.47780195000E-01
   5.47859608000E-01   6.48094585000E-01   7.48381993000E-01   8.48721915000E-01
   9.53184093000E-01   1.01969000000E-07   1.74945303864E+06   9.17467957579E-01
  -9.50026489000E-01  -8.50485218000E-01  -7.50900670000E-01  -6.51272789000E-01
  -5.51710986000E-01  -4.51859795000E-01  -3.52101540000E-01  -2.52297325000E-01
  -1.52447086000E-01  -5.25513536000E-02   4.74140855000E-02   1.47402846000E-01
   2.47440286000E-01   3.47526477000E-01   4.47782779000E-01   5.47858826000E-01
   6.48091896000E-01   7.48377942000E-01   8.48717049000E-01   9.53202037000E-01
   1.04752000000E-07   1.64557003634E+06   9.22192132188E-01  -9.50027247000E-01
  -8.50503469000E-01  -7.50934717000E-01  -6.51320931000E-01  -5.51775862000E-01
  -4.51929848000E-01  -3.52180559000E-01  -2.52383452000E-01  -1.52538460000E-01
  -5.26461562000E-02   4.73187192000E-02   1.47307850000E-01   2.47347679000E-01
   3.47438286000E-01   4.47706091000E-01   5.47790506000E-01   6.48034037000E-01
   7.48331190000E-01   8.48682053000E-01   9.53307679000E-01   1.07788000000E-07
   1.53969103401E+06   9.27027358493E-01  -9.50031547000E-01  -8.50517768000E-01
  -7.50958871000E-01  -6.51354796000E-01  -5.51819681000E-01  -4.51979578000E-01
  -3.52239550000E-01  -2.52450165000E-01  -1.52611351000E-01  -5.27237161000E-02
   4.72388487000E-02   1.47226463000E-01   2.47266518000E-01   3.47359096000E-01
   4.47634975000E-01   5.47720904000E-01   6.47971685000E-01   7.48278036000E-01
   8.48640050000E-01   9.53396414000E-01   1.11077000000E-07   1.43284203165E+06
   9.31915689119E-01  -9.50027412000E-01  -8.50520728000E-01  -7.50967291000E-01
  -6.51367034000E-01  -5.51838263000E-01  -4.51997055000E-01  -3.52255912000E-01
  -2.52465294000E-01  -1.52625127000E-01  -5.27360248000E-02   4.72282974000E-02
   1.47217618000E-01   2.47259174000E-01   3.47353047000E-01   4.47629501000E-01
   5.47716469000E-01   6.47967931000E-01   7.48274847000E-01   8.48637311000E-01
   9.53422375000E-01   1.14366000000E-07   1.33369702946E+06   9.36465262605E-01
  -9.50028645000E-01  -8.50540404000E-01  -7.51003715000E-01  -6.51418508000E-01
  -5.51907431000E-01  -4.52072294000E-01  -3.52341071000E-01  -2.52558491000E-01
  -1.52724476000E-01  -5.28396852000E-02   4.71232344000E-02   1.47112100000E-01
   2.47155274000E-01   3.47252844000E-01   4.47540257000E-01   5.47631684000E-01
   6.47893103000E-01   7.48211827000E-01   8.48587954000E-01   9.53548510000E-01
   1.17655000000E-07   1.24176202743E+06   9.40700605024E-01  -9.50029930000E-01
  -8.50542755000E-01  -7.51007293000E-01  -6.51423474000E-01  -5.51913540000E-01
  -4.52081302000E-01  -3.52351958000E-01  -2.52571739000E-01  -1.52740568000E-01
  -5.28591070000E-02   4.70992318000E-02   1.47083824000E-01   2.47123914000E-01
   3.47219594000E-01   4.47509294000E-01   5.47597696000E-01   6.47860849000E-01
   7.48182931000E-01   8.48564046000E-01   9.53582904000E-01   1.21450000000E-07
   1.14374402526E+06   9.45227102759E-01  -9.50028758000E-01  -8.50559728000E-01
  -7.51040235000E-01  -6.51470203000E-01  -5.51977443000E-01  -4.52147562000E-01
  -3.52425419000E-01  -2.52650025000E-01  -1.52821294000E-01  -5.29399357000E-02
   4.70225810000E-02   1.47011897000E-01   2.47057295000E-01   3.47158872000E-01
   4.47456514000E-01   5.47552410000E-01   6.47823208000E-01   7.48152964000E-01
   8.48541785000E-01   9.53672598000E-01   1.24992000000E-07   1.05965802340E+06
   9.49129327788E-01  -9.50034442000E-01  -8.50572698000E-01  -7.51060932000E-01
  -6.51499066000E-01  -5.52013817000E-01  -4.52190012000E-01  -3.52477352000E-01
  -2.52709922000E-01  -1.52887631000E-01  -5.30112279000E-02   4.69486729000E-02
   1.46936151000E-01   2.46981421000E-01   3.47084584000E-01   4.47389808000E-01
   5.47486871000E-01   6.47764442000E-01   7.48102878000E-01   8.48502288000E-01
   9.53749385000E-01   1.29040000000E-07   9.71300621453E+05   9.53239988085E-01
  -9.50028491000E-01  -8.50573446000E-01  -7.51066398000E-01  -6.51507266000E-01
  -5.52027809000E-01  -4.52201414000E-01  -3.52485508000E-01  -2.52714981000E-01
  -1.52889743000E-01  -5.30105398000E-02   4.69520405000E-02   1.46942007000E-01
   2.46989254000E-01   3.47093880000E-01   4.47398767000E-01   5.47498289000E-01
   6.47775754000E-01   7.48113202000E-01   8.48510739000E-01   9.53759612000E-01
   1.33088000000E-07   8.90662719672E+05   9.57008601887E-01  -9.50029899000E-01
  -8.50594747000E-01  -7.51105782000E-01  -6.51562919000E-01  -5.52102566000E-01
  -4.52282870000E-01  -3.52577752000E-01  -2.52816015000E-01  -1.52997563000E-01
  -5.31231983000E-02   4.68376531000E-02   1.46826888000E-01   2.46875594000E-01
   3.46983876000E-01   4.47300098000E-01   5.47402892000E-01   6.47690659000E-01
   7.48040796000E-01   8.48453420000E-01   9.53900363000E-01   1.37275150000E-07
   8.14660117993E+05   9.60578823147E-01  -9.50032096000E-01  -8.50588027000E-01
  -7.51091560000E-01  -6.51542612000E-01  -5.52073977000E-01  -4.52256185000E-01
  -3.52549267000E-01  -2.52787534000E-01  -1.52970893000E-01  -5.31001198000E-02
   4.68534587000E-02   1.46835469000E-01   2.46877964000E-01   3.46981053000E-01
   4.47295651000E-01   5.47391598000E-01   6.47677272000E-01   7.48026947000E-01
   8.48440745000E-01   9.53886950000E-01   1.41690000000E-07   7.41631216380E+05
   9.64014219546E-01  -9.50029215000E-01  -8.50600346000E-01  -7.51116854000E-01
  -6.51578647000E-01  -5.52124219000E-01  -4.52305540000E-01  -3.52602620000E-01
  -2.52842482000E-01  -1.53025027000E-01  -5.31510724000E-02   4.68103832000E-02
   1.46800435000E-01   2.46850340000E-01   3.46960207000E-01   4.47279360000E-01
   5.47384380000E-01   6.47674887000E-01   7.48027927000E-01   8.48443620000E-01
   9.53934095000E-01   1.44220000000E-07   7.02932815525E+05   9.65841593046E-01
  -9.50029987000E-01  -8.50611847000E-01  -7.51138111000E-01  -6.51608684000E-01
  -5.52164563000E-01  -4.52349510000E-01  -3.52652423000E-01  -2.52897040000E-01
  -1.53083259000E-01  -5.32119300000E-02   4.67485802000E-02   1.46738224000E-01
   2.46788906000E-01   3.46900740000E-01   4.47226012000E-01   5.47332785000E-01
   6.47628854000E-01   7.47988751000E-01   8.48412600000E-01   9.54010128000E-01
   1.51051000000E-07   6.08809813446E+05   9.70321849996E-01  -9.50035482000E-01
  -8.50616065000E-01  -7.51142358000E-01  -6.51614273000E-01  -5.52169477000E-01
  -4.52359548000E-01  -3.52667755000E-01  -2.52917694000E-01  -1.53109263000E-01
  -5.32433207000E-02   4.67112365000E-02   1.46695473000E-01   2.46742484000E-01
   3.46852387000E-01   4.47181824000E-01   5.47286053000E-01   6.47585463000E-01
   7.47950701000E-01   8.48381899000E-01   9.54046835000E-01   1.56111000000E-07
   5.47455512091E+05   9.73247201269E-01  -9.50029560000E-01  -8.50616332000E-01
  -7.51146896000E-01  -6.51621156000E-01  -5.52181677000E-01  -4.52367524000E-01
  -3.52672270000E-01  -2.52918250000E-01  -1.53105359000E-01  -5.32344581000E-02
   4.67264148000E-02   1.46716596000E-01   2.46768146000E-01   3.46881177000E-01
   4.47208803000E-01   5.47317202000E-01   6.47615462000E-01   7.47977735000E-01
   8.48404145000E-01   9.54037518000E-01   1.61171000000E-07   4.92527910878E+05
   9.75878359329E-01  -9.50030594000E-01  -8.50629251000E-01  -7.51170661000E-01
  -6.51654724000E-01  -5.52226684000E-01  -4.52416721000E-01  -3.52728122000E-01
  -2.52979557000E-01  -1.53170919000E-01  -5.33031061000E-02   4.66565379000E-02
   1.46646101000E-01   2.46698394000E-01   3.46813534000E-01   4.47148042000E-01
   5.47258195000E-01   6.47562697000E-01   7.47932742000E-01   8.48368458000E-01
   9.54123448000E-01   1.66737000000E-07   4.38668109689E+05   9.78469877854E-01
  -9.50030415000E-01  -8.50616411000E-01  -7.51146463000E-01  -6.51620476000E-01
  -5.52180342000E-01  -4.52367591000E-01  -3.52672894000E-01  -2.52919838000E-01
  -1.53108321000E-01  -5.32392013000E-02   4.67190862000E-02   1.46706664000E-01
   2.46755760000E-01   3.46866490000E-01   4.47192334000E-01   5.47292856000E-01
   6.47589351000E-01   7.47952019000E-01   8.48380990000E-01   9.54062706000E-01
   1.72303000000E-07   3.90770808631E+05   9.80778206364E-01  -9.50029843000E-01
  -8.50625313000E-01  -7.51163714000E-01  -6.51644947000E-01  -5.52213792000E-01
  -4.52402245000E-01  -3.52711353000E-01  -2.52960830000E-01  -1.53150570000E-01
  -5.32814587000E-02   4.66789981000E-02   1.46669168000E-01   2.46721572000E-01
   3.46836328000E-01   4.47168718000E-01   5.47278902000E-01   6.47581515000E-01
   7.47949012000E-01   8.48381520000E-01   9.54095901000E-01   1.78122000000E-07
   3.46472707652E+05   9.82923216375E-01  -9.50032147000E-01  -8.50628581000E-01
  -7.51168334000E-01  -6.51651310000E-01  -5.52221302000E-01  -4.52411739000E-01
  -3.52723765000E-01  -2.52975766000E-01  -1.53167633000E-01  -5.33002638000E-02
   4.66590355000E-02   1.46648277000E-01   2.46700284000E-01   3.46815177000E-01
   4.47149570000E-01   5.47259543000E-01   6.47563911000E-01   7.47933834000E-01
   8.48369443000E-01   9.54115209000E-01   1.84447000000E-07   3.04078506716E+05
   9.84980584590E-01  -9.50029262000E-01  -8.50620605000E-01  -7.51155191000E-01
  -6.51632924000E-01  -5.52197775000E-01  -4.52384557000E-01  -3.52691117000E-01
  -2.52938469000E-01  -1.53126506000E-01  -5.32561038000E-02   4.67050049000E-02
   1.46695594000E-01   2.46747886000E-01   3.46861993000E-01   4.47191865000E-01
   5.47301674000E-01   6.47602017000E-01   7.47966599000E-01   8.48395542000E-01
   9.54063953000E-01   1.90772000000E-07   2.66978905897E+05   9.86786553658E-01
  -9.50033181000E-01  -8.50621355000E-01  -7.51153944000E-01  -6.51630855000E-01
  -5.52193071000E-01  -4.52381817000E-01  -3.52691097000E-01  -2.52940913000E-01
  -1.53131161000E-01  -5.32627184000E-02   4.66967753000E-02   1.46685929000E-01
   2.46737221000E-01   3.46850765000E-01   4.47181605000E-01   5.47290527000E-01
   6.47591634000E-01   7.47957541000E-01   8.48388376000E-01   9.54063576000E-01
   1.97603000000E-07   2.32036505125E+05   9.88490940794E-01  -9.50028762000E-01
  -8.50617290000E-01  -7.51149253000E-01  -6.51624555000E-01  -5.52186671000E-01
  -4.52372212000E-01  -3.52676923000E-01  -2.52922716000E-01  -1.53109486000E-01
  -5.32381000000E-02   4.67235598000E-02   1.46714532000E-01   2.46766815000E-01
   3.46880520000E-01   4.47208615000E-01   5.47318278000E-01   6.47617026000E-01
   7.47979518000E-01   8.48405874000E-01   9.54041175000E-01   1.99880000000E-07
   2.21457904891E+05   9.89007244180E-01  -9.50029012000E-01  -8.50620070000E-01
  -7.51154350000E-01  -6.51631753000E-01  -5.52196308000E-01  -4.52382770000E-01
  -3.52688929000E-01  -2.52935914000E-01  -1.53123621000E-01  -5.32529204000E-02
   4.67084479000E-02   1.46699262000E-01   2.46751684000E-01   3.46865827000E-01
   4.47195405000E-01   5.47305411000E-01   6.47605502000E-01   7.47969677000E-01
   8.48398059000E-01   9.54059754000E-01   2.02410000000E-07   2.10280104644E+05
   9.89553392762E-01  -9.50030700000E-01  -8.50619652000E-01  -7.51152407000E-01
  -6.51628871000E-01  -5.52191583000E-01  -4.52378643000E-01  -3.52685627000E-01
  -2.52933378000E-01  -1.53121791000E-01  -5.32517380000E-02   4.67090633000E-02
   1.46699352000E-01   2.46751345000E-01   3.46865159000E-01   4.47194749000E-01
   5.47304322000E-01   6.47604381000E-01   7.47968659000E-01   8.48397280000E-01
   9.54054144000E-01   2.05010840000E-07   1.99384004404E+05   9.90086128163E-01
  -9.50029950000E-01  -8.50609177000E-01  -7.51133078000E-01  -6.51601562000E-01
  -5.52154926000E-01  -4.52340382000E-01  -3.52642030000E-01  -2.52886214000E-01
  -1.53072836000E-01  -5.32027306000E-02   4.67548617000E-02   1.46741601000E-01
   2.46789827000E-01   3.46899651000E-01   4.47224488000E-01   5.47329089000E-01
   6.47624506000E-01   7.47984269000E-01   8.48408499000E-01   9.54006597000E-01
   2.07470000000E-07   1.89591504187E+05   9.90564404668E-01  -9.50027815000E-01
  -8.50606977000E-01  -7.51130366000E-01  -6.51597887000E-01  -5.52150979000E-01
  -4.52333134000E-01  -3.52632460000E-01  -2.52873836000E-01  -1.53057162000E-01
  -5.31832740000E-02   4.67794033000E-02   1.46770883000E-01   2.46822523000E-01
   3.46934432000E-01   4.47256699000E-01   5.47364213000E-01   6.47657683000E-01
   7.48013842000E-01   8.48432807000E-01   9.53974663000E-01   2.09494000000E-07
   1.81899304018E+05   9.90940353366E-01  -9.50027910000E-01  -8.50609123000E-01
  -7.51134365000E-01  -6.51603542000E-01  -5.52158599000E-01  -4.52341351000E-01
  -3.52641735000E-01  -2.52883946000E-01  -1.53067880000E-01  -5.31943810000E-02
   4.67682549000E-02   1.46759808000E-01   2.46811774000E-01   3.46924263000E-01
   4.47247998000E-01   5.47356810000E-01   6.47651617000E-01   7.48009114000E-01
   8.48429419000E-01   9.53986243000E-01   2.11771000000E-07   1.73632903835E+05
   9.91345126785E-01  -9.50028212000E-01  -8.50612971000E-01  -7.51141448000E-01
  -6.51613548000E-01  -5.52172016000E-01  -4.52356012000E-01  -3.52658375000E-01
  -2.52902207000E-01  -1.53087404000E-01  -5.32148188000E-02   4.67474567000E-02
   1.46738831000E-01   2.46791023000E-01   3.46904144000E-01   4.47229929000E-01
   5.47339271000E-01   6.47635938000E-01   7.47995748000E-01   8.48418820000E-01
   9.54011821000E-01   2.19361000000E-07   1.48740603285E+05   9.92568534244E-01
  -9.50028757000E-01  -8.50617317000E-01  -7.51149309000E-01  -6.51624635000E-01
  -5.52186783000E-01  -4.52372328000E-01  -3.52677048000E-01  -2.52922848000E-01
  -1.53109622000E-01  -5.32382360000E-02   4.67234287000E-02   1.46714407000E-01
   2.46766697000E-01   3.46880412000E-01   4.47208521000E-01   5.47318198000E-01
   6.47616959000E-01   7.47979464000E-01   8.48405834000E-01   9.54041337000E-01
   2.27204000000E-07   1.26789302800E+05   9.93649024771E-01  -9.50027508000E-01
  -8.50605182000E-01  -7.51127174000E-01  -6.51593391000E-01  -5.52145033000E-01
  -4.52326446000E-01  -3.52624748000E-01  -2.52865236000E-01  -1.53047809000E-01
  -5.31732973000E-02   4.67898003000E-02   1.46781624000E-01   2.46833430000E-01
   3.46945327000E-01   4.47266958000E-01   5.47375347000E-01   6.47668252000E-01
   7.48023343000E-01   8.48440735000E-01   9.53959761000E-01   2.35300000000E-07
   1.07567802376E+05   9.94597702333E-01  -9.50028134000E-01  -8.50611200000E-01
  -7.51138146000E-01  -6.51608878000E-01  -5.52165723000E-01  -4.52349190000E-01
  -3.52650679000E-01  -2.52893806000E-01  -1.53078467000E-01  -5.32055113000E-02
   4.67568685000E-02   1.46748266000E-01   2.46800307000E-01   3.46913101000E-01
   4.47237945000E-01   5.47346963000E-01   6.47642772000E-01   7.48001543000E-01
   8.48423393000E-01   9.54000236000E-01   2.43902000000E-07   9.03594919957E+04
   9.95448987626E-01  -9.50027177000E-01  -8.50601469000E-01  -7.51120368000E-01
  -6.51583780000E-01  -5.52132164000E-01  -4.52312349000E-01  -3.52608719000E-01
  -2.52847616000E-01  -1.53028942000E-01  -5.31535165000E-02   4.68099683000E-02
   1.46802002000E-01   2.46853620000E-01   3.46964930000E-01   4.47284581000E-01
   5.47392511000E-01   6.47683622000E-01   7.48036466000E-01   8.48451156000E-01
   9.53934964000E-01   2.53010000000E-07   7.51663516602E+04   9.96202792318E-01
  -9.50027747000E-01  -8.50606384000E-01  -7.51129288000E-01  -6.51596366000E-01
  -5.52148950000E-01  -4.52330853000E-01  -3.52629861000E-01  -2.52870953000E-01
  -1.53054028000E-01  -5.31799202000E-02   4.67829199000E-02   1.46774550000E-01
   2.46826315000E-01   3.46938323000E-01   4.47260601000E-01   5.47368969000E-01
   6.47662450000E-01   7.48018323000E-01   8.48436703000E-01   9.53968199000E-01
   2.63130000000E-07   6.12961013538E+04   9.96893292330E-01  -9.50026909000E-01
  -8.50598999000E-01  -7.51115871000E-01  -6.51577434000E-01  -5.52123691000E-01
  -4.52303025000E-01  -3.52598082000E-01  -2.52835889000E-01  -1.53016350000E-01
  -5.31402785000E-02   4.68235108000E-02   1.46815728000E-01   2.46867258000E-01
   3.46978205000E-01   4.47296537000E-01   5.47404221000E-01   6.47694141000E-01
   7.48045470000E-01   8.48458322000E-01   9.53918320000E-01   2.73629500000E-07
   4.96404410964E+04   9.97475681444E-01  -9.50027910000E-01  -8.50591559000E-01
  -7.51101099000E-01  -6.51556442000E-01  -5.52094749000E-01  -4.52273790000E-01
  -3.52565985000E-01  -2.52802188000E-01  -1.52982306000E-01  -5.31071283000E-02
   4.68533884000E-02   1.46842161000E-01   2.46890303000E-01   3.46997921000E-01
   4.47313130000E-01   5.47416455000E-01   6.47703235000E-01   7.48051851000E-01
   8.48462418000E-01   9.53884716000E-01   2.82358000000E-07   4.16745109204E+04
   9.97874202723E-01  -9.50026510000E-01  -8.50593736000E-01  -7.51106175000E-01
  -6.51563738000E-01  -5.52105317000E-01  -4.52282961000E-01  -3.52575320000E-01
  -2.52810921000E-01  -1.52989667000E-01  -5.31123569000E-02   4.68519109000E-02
   1.46844358000E-01   2.46895568000E-01   3.47005642000E-01   4.47321171000E-01
   5.47428112000E-01   6.47715488000E-01   7.48063660000E-01   8.48472741000E-01
   9.53883388000E-01   2.92731000000E-07   3.38821607483E+04   9.98266077401E-01
  -9.50027807000E-01  -8.50593310000E-01  -7.51104485000E-01  -6.51561243000E-01
  -5.52101308000E-01  -4.52279455000E-01  -3.52572400000E-01  -2.52808584000E-01
  -1.52987911000E-01  -5.31111801000E-02   4.68524839000E-02   1.46844358000E-01
   2.46895085000E-01   3.47004769000E-01   4.47320229000E-01   5.47426532000E-01
   6.47713798000E-01   7.48062044000E-01   8.48471380000E-01   9.53879645000E-01
   3.03610000000E-07   2.72870906027E+04   9.98598807544E-01  -9.50025767000E-01
  -8.50580436000E-01  -7.51081492000E-01  -6.51528848000E-01  -5.52058382000E-01
  -4.52231939000E-01  -3.52517645000E-01  -2.52747849000E-01  -1.52922459000E-01
  -5.30422390000E-02   4.69229716000E-02   1.46915745000E-01   2.46965938000E-01
   3.47073648000E-01   4.47382106000E-01   5.47486827000E-01   6.47767765000E-01
   7.48108070000E-01   8.48507846000E-01   9.53795934000E-01   3.15248000000E-07
   2.16702104786E+04   9.98883690079E-01  -9.50026591000E-01  -8.50577182000E-01
  -7.51074768000E-01  -6.51519263000E-01  -5.52044990000E-01  -4.52218072000E-01
  -3.52502759000E-01  -2.52732238000E-01  -1.52906417000E-01  -5.30260544000E-02
   4.69388078000E-02   1.46931122000E-01   2.46980644000E-01   3.47087471000E-01
   4.47394305000E-01   5.47497893000E-01   6.47777311000E-01   7.48115968000E-01
   8.48513970000E-01   9.53774519000E-01   3.28404000000E-07   1.67156803692E+04
   9.99136192469E-01  -9.50024879000E-01  -8.50560319000E-01  -7.51043995000E-01
  -6.51475826000E-01  -5.51986940000E-01  -4.52154483000E-01  -3.52430270000E-01
  -2.52652473000E-01  -1.52821006000E-01  -5.29365814000E-02   4.70298174000E-02
   1.47022856000E-01   2.47071326000E-01   3.47175318000E-01   4.47473091000E-01
   5.47574148000E-01   6.47845342000E-01   7.48173843000E-01   8.48559749000E-01
   9.53664384000E-01   3.42268400000E-07   1.27331802812E+04   9.99340337860E-01
  -9.50024999000E-01  -8.50541522000E-01  -7.51008313000E-01  -6.51425299000E-01
  -5.51918397000E-01  -4.52081655000E-01  -3.52348750000E-01  -2.52564426000E-01
  -1.52728602000E-01  -5.28419403000E-02   4.71230316000E-02   1.47113893000E-01
   2.47158859000E-01   3.47258016000E-01   4.47546308000E-01   5.47641734000E-01
   6.47904088000E-01   7.48222672000E-01   8.48597581000E-01   9.53551998000E-01
   3.52692000000E-07   1.03831602293E+04   9.99460815604E-01  -9.50023630000E-01
  -8.50531476000E-01  -7.50990220000E-01  -6.51399789000E-01  -5.51884482000E-01
  -4.52043420000E-01  -3.52305002000E-01  -2.52515752000E-01  -1.52675593000E-01
  -5.27851665000E-02   4.71829147000E-02   1.47176309000E-01   2.47222289000E-01
   3.47320935000E-01   4.47603388000E-01   5.47699166000E-01   6.47956391000E-01
   7.48267980000E-01   8.48634021000E-01   9.53475852000E-01   3.66354000000E-07
   7.95691717574E+03   9.99586096673E-01  -9.50022605000E-01  -8.50507602000E-01
  -7.50945705000E-01  -6.51336845000E-01  -5.51799668000E-01  -4.51951604000E-01
  -3.52201436000E-01  -2.52402768000E-01  -1.52555529000E-01  -5.26603043000E-02
   4.73089410000E-02   1.47302356000E-01   2.47345896000E-01   3.47439637000E-01
   4.47708560000E-01   5.47797622000E-01   6.48042523000E-01   7.48339920000E-01
   8.48689894000E-01   9.53326185000E-01   3.80269000000E-07   6.07261313412E+03
   9.99683707130E-01  -9.50021969000E-01  -8.50490858000E-01  -7.50914426000E-01
  -6.51292612000E-01  -5.51740029000E-01  -4.51886919000E-01  -3.52128560000E-01
  -2.52323255000E-01  -1.52470936000E-01  -5.25721507000E-02   4.73982042000E-02
   1.47392002000E-01   2.47434393000E-01   3.47525449000E-01   4.47786330000E-01
   5.47874555000E-01   6.48112107000E-01   7.48399922000E-01   8.48738076000E-01
   9.53210653000E-01   3.87732500000E-07   5.25540211607E+03   9.99725980451E-01
  -9.50021510000E-01  -8.50473850000E-01  -7.50882529000E-01  -6.51247489000E-01
  -5.51679101000E-01  -4.51821440000E-01  -3.52054878000E-01  -2.52243162000E-01
  -1.52386232000E-01  -5.24845937000E-02   4.74857235000E-02   1.47478716000E-01
   2.47518769000E-01   3.47605949000E-01   4.47857578000E-01   5.47940790000E-01
   6.48169843000E-01   7.48447999000E-01   8.48775330000E-01   9.53106543000E-01
   3.95196000000E-07   4.54928610048E+03   9.99762569096E-01  -9.50020610000E-01
  -8.50463134000E-01  -7.50862847000E-01  -6.51219695000E-01  -5.51641871000E-01
  -4.51780380000E-01  -3.52008278000E-01  -2.52191866000E-01  -1.52331085000E-01
  -5.24264213000E-02   4.75457125000E-02   1.47539996000E-01   2.47580108000E-01
   3.47666112000E-01   4.47912257000E-01   5.47995622000E-01   6.48219752000E-01
   7.48491249000E-01   8.48810181000E-01   9.53028948000E-01   4.02608900000E-07
   3.94282308708E+03   9.99794044674E-01  -9.50020294000E-01  -8.50452400000E-01
  -7.50842736000E-01  -6.51191249000E-01  -5.51603477000E-01  -4.51738889000E-01
  -3.51961594000E-01  -2.52141025000E-01  -1.52277126000E-01  -5.23703594000E-02
   4.76022532000E-02   1.47596524000E-01   2.47635591000E-01   3.47719515000E-01
   4.47959965000E-01   5.48041178000E-01   6.48260107000E-01   7.48525374000E-01
   8.48837044000E-01   9.52959250000E-01   4.10021800000E-07   3.41781307549E+03
   9.99821326504E-01  -9.50020058000E-01  -8.50435397000E-01  -7.50810697000E-01
  -6.51145911000E-01  -5.51542155000E-01  -4.51673275000E-01  -3.51887917000E-01
  -2.52061140000E-01  -1.52192891000E-01  -5.22836004000E-02   4.76884887000E-02
   1.47681514000E-01   2.47717974000E-01   3.47797926000E-01   4.48029638000E-01
   5.48106413000E-01   6.48317262000E-01   7.48573224000E-01   8.48874362000E-01
   9.52854656000E-01   4.15005900000E-07   3.10481706857E+03   9.99837581224E-01
  -9.50019027000E-01  -8.50427071000E-01  -7.50795631000E-01  -6.51124662000E-01
  -5.51513860000E-01  -4.51641597000E-01  -3.51851734000E-01  -2.52021006000E-01
  -1.52149361000E-01  -5.22372119000E-02   4.77370535000E-02   1.47731789000E-01
   2.47768790000E-01   3.47848110000E-01   4.48075094000E-01   5.48151904000E-01
   6.48358573000E-01   7.48608923000E-01   8.48903012000E-01   9.52793162000E-01
   4.25050000000E-07   2.55924305652E+03   9.99866026418E-01  -9.50018551000E-01
  -8.50412339000E-01  -7.50768058000E-01  -6.51085665000E-01  -5.51461250000E-01
  -4.51584707000E-01  -3.51787694000E-01  -2.51951234000E-01  -1.52075280000E-01
  -5.21602169000E-02   4.78147490000E-02   1.47809505000E-01   2.47845103000E-01
   3.47921591000E-01   4.48140756000E-01   5.48214670000E-01   6.48414201000E-01
   7.48655984000E-01   8.48940072000E-01   9.52697368000E-01   4.30110000000E-07
   2.32201005129E+03   9.99878375988E-01  -9.50018284000E-01  -8.50404167000E-01
  -7.50752766000E-01  -6.51064038000E-01  -5.51432077000E-01  -4.51553158000E-01
  -3.51752177000E-01  -2.51912535000E-01  -1.52034189000E-01  -5.21175071000E-02
   4.78578514000E-02   1.47852623000E-01   2.47887444000E-01   3.47962363000E-01
   4.48177191000E-01   5.48249504000E-01   6.48445077000E-01   7.48682106000E-01
   8.48960643000E-01   9.52644221000E-01   4.42760000000E-07   1.82128904023E+03
   9.99904582355E-01  -9.50017170000E-01  -8.50380117000E-01  -7.50707981000E-01
  -6.51000726000E-01  -5.51346835000E-01  -4.51460693000E-01  -3.51647836000E-01
  -2.51798613000E-01  -1.51912984000E-01  -5.19912764000E-02   4.79855647000E-02
   1.47980688000E-01   2.48013475000E-01   3.48083967000E-01   4.48286012000E-01
   5.48354035000E-01   6.48537966000E-01   7.48760871000E-01   8.49022795000E-01
   9.52486795000E-01   4.51615000000E-07   1.53674503394E+03   9.99919450051E-01
  -9.50016703000E-01  -8.50366345000E-01  -7.50682220000E-01  -6.50964295000E-01
  -5.51297704000E-01  -4.51407546000E-01  -3.51587993000E-01  -2.51733400000E-01
  -1.51843730000E-01  -5.19192865000E-02   4.80582329000E-02   1.48053395000E-01
   2.48084884000E-01   3.48152740000E-01   4.48347473000E-01   5.48412820000E-01
   6.48590081000E-01   7.48804969000E-01   8.49057526000E-01   9.52397173000E-01
   4.60470000000E-07   1.29692302864E+03   9.99931996116E-01  -9.50016194000E-01
  -8.50350014000E-01  -7.50651644000E-01  -6.50921053000E-01  -5.51239368000E-01
  -4.51344660000E-01  -3.51517196000E-01  -2.51656351000E-01  -1.51762090000E-01
  -5.18346914000E-02   4.81431581000E-02   1.48137910000E-01   2.48167505000E-01
   3.48231979000E-01   4.48418137000E-01   5.48479908000E-01   6.48649309000E-01
   7.48854895000E-01   8.49096707000E-01   9.52293294000E-01   4.69578000000E-07
   1.08941702406E+03   9.99942863508E-01  -9.50015387000E-01  -8.50335885000E-01
  -7.50625439000E-01  -6.50884019000E-01  -5.51189588000E-01  -4.51290348000E-01
  -3.51455817000E-01  -2.51589158000E-01  -1.51690342000E-01  -5.17596235000E-02
   4.82196816000E-02   1.48215196000E-01   2.48244031000E-01   3.48306220000E-01
   4.48484768000E-01   5.48544566000E-01   6.48707081000E-01   7.48904122000E-01
   8.49135725000E-01   9.52198086000E-01   4.78686000000E-07   9.15115120212E+02
   9.99951992148E-01  -9.50015106000E-01  -8.50318982000E-01  -7.50593625000E-01
  -6.50839009000E-01  -5.51128752000E-01  -4.51225096000E-01  -3.51382529000E-01
  -2.51509624000E-01  -1.51606354000E-01  -5.16729478000E-02   4.83061648000E-02
   1.48300747000E-01   2.48327228000E-01   3.48385641000E-01   4.48555443000E-01
   5.48611132000E-01   6.48765591000E-01   7.48953251000E-01   8.49174145000E-01
   9.52092500000E-01   4.90830000000E-07   7.25220016018E+02   9.99961952263E-01
  -9.50014004000E-01  -8.50302510000E-01  -7.50563185000E-01  -6.50796005000E-01
  -5.51071031000E-01  -4.51161881000E-01  -3.51310977000E-01  -2.51431144000E-01
  -1.51522356000E-01  -5.15848196000E-02   4.83963857000E-02   1.48392226000E-01
   2.48418104000E-01   3.48474046000E-01   4.48634862000E-01   5.48688510000E-01
   6.48834869000E-01   7.49012381000E-01   8.49221077000E-01   9.51980123000E-01
   5.04745000000E-07   5.55749512275E+02   9.99970864608E-01  -9.50013401000E-01
  -8.50284521000E-01  -7.50529534000E-01  -6.50748419000E-01  -5.51006868000E-01
  -4.51092477000E-01  -3.51232837000E-01  -2.51346001000E-01  -1.51431947000E-01
  -5.14908579000E-02   4.84912294000E-02   1.48487109000E-01   2.48511281000E-01
   3.48563771000E-01   4.48715036000E-01   5.48765188000E-01   6.48902835000E-01
   7.49069883000E-01   8.49266355000E-01   9.51863081000E-01   5.14232500000E-07
   4.63498910237E+02   9.99975699668E-01  -9.50012963000E-01  -8.50268683000E-01
  -7.50499843000E-01  -6.50706427000E-01  -5.50950204000E-01  -4.51031446000E-01
  -3.51164171000E-01  -2.51271317000E-01  -1.51352864000E-01  -5.14089749000E-02
   4.85733772000E-02   1.48568789000E-01   2.48591033000E-01   3.48640132000E-01
   4.48782897000E-01   5.48829069000E-01   6.48958935000E-01   7.49116929000E-01
   8.49303076000E-01   9.51763580000E-01   5.23720000000E-07   3.86568508538E+02
   9.99979732175E-01  -9.50012266000E-01  -8.50257513000E-01  -7.50479168000E-01
  -6.50677216000E-01  -5.50910977000E-01  -4.50988556000E-01  -3.51115661000E-01
  -2.51218158000E-01  -1.51296029000E-01  -5.13494226000E-02   4.86342218000E-02
   1.48630376000E-01   2.48652164000E-01   3.48699603000E-01   4.48836517000E-01
   5.48881719000E-01   6.49006294000E-01   7.49157534000E-01   8.49335459000E-01
   9.51686643000E-01   5.35484500000E-07   3.08726906819E+02   9.99983822077E-01
  -9.50011834000E-01  -8.50244191000E-01  -7.50454240000E-01  -6.50641965000E-01
  -5.50863443000E-01  -4.50937152000E-01  -3.51057798000E-01  -2.51155121000E-01
  -1.51229106000E-01  -5.12798857000E-02   4.87043990000E-02   1.48700567000E-01
   2.48721078000E-01   3.48765951000E-01   4.48895793000E-01   5.48938390000E-01
   6.49056515000E-01   7.49200012000E-01   8.49368900000E-01   9.51600009000E-01
   5.47249000000E-07   2.46516605445E+02   9.99987088158E-01  -9.50011498000E-01
  -8.50228885000E-01  -7.50425490000E-01  -6.50601298000E-01  -5.50808531000E-01
  -4.50878109000E-01  -3.50991433000E-01  -2.51083017000E-01  -1.51152845000E-01
  -5.12010360000E-02   4.87833397000E-02   1.48778908000E-01   2.48797476000E-01
   3.48839058000E-01   4.48960908000E-01   5.48999971000E-01   6.49110758000E-01
   7.49245643000E-01   8.49404642000E-01   9.51503366000E-01   5.59140000000E-07
   1.96324004336E+02   9.99989721067E-01  -9.50010780000E-01  -8.50217559000E-01
  -7.50404535000E-01  -6.50571693000E-01  -5.50768785000E-01  -4.50834621000E-01
  -3.50942241000E-01  -2.51029096000E-01  -1.51095172000E-01  -5.11405761000E-02
   4.88451807000E-02   1.48841554000E-01   2.48859660000E-01   3.48899512000E-01
   4.49015205000E-01   5.49052842000E-01   6.49158077000E-01   7.49286016000E-01
   8.49436676000E-01   9.51426232000E-01   5.73308000000E-07   1.49682403306E+02
   9.99992172176E-01  -9.50010374000E-01  -8.50204864000E-01  -7.50380774000E-01
  -6.50538094000E-01  -5.50723481000E-01  -4.50785633000E-01  -3.50887102000E-01
  -2.50969033000E-01  -1.51031412000E-01  -5.10743353000E-02   4.89120269000E-02
   1.48908406000E-01   2.48925289000E-01   3.48962690000E-01   4.49071643000E-01
   5.49106793000E-01   6.49205881000E-01   7.49326445000E-01   8.49468498000E-01
   9.51343683000E-01   5.83934000000E-07   1.22110502697E+02   9.99993616212E-01
  -9.50009821000E-01  -8.50192977000E-01  -7.50358646000E-01  -6.50506818000E-01
  -5.50681395000E-01  -4.50739975000E-01  -3.50835582000E-01  -2.50912786000E-01
  -1.50971576000E-01  -5.10120366000E-02   4.89750662000E-02   1.48971614000E-01
   2.48987486000E-01   3.49022693000E-01   4.49125327000E-01   5.49158371000E-01
   6.49251708000E-01   7.49365295000E-01   8.49499143000E-01   9.51265870000E-01
   5.94560000000E-07   9.96183922002E+01   9.99994794258E-01  -9.50009613000E-01
  -8.50185802000E-01  -7.50345203000E-01  -6.50487807000E-01  -5.50655752000E-01
  -4.50712265000E-01  -3.50804409000E-01  -2.50878844000E-01  -1.50935561000E-01
  -5.09746376000E-02   4.90127871000E-02   1.49009318000E-01   2.49024482000E-01
   3.49058291000E-01   4.49157117000E-01   5.49188729000E-01   6.49278592000E-01
   7.49388019000E-01   8.49517022000E-01   9.51219275000E-01   6.15002400000E-07
   6.73439814874E+01   9.99996484784E-01  -9.50009287000E-01  -8.50169624000E-01
  -7.50314796000E-01  -6.50444797000E-01  -5.50597673000E-01  -4.50649804000E-01
  -3.50734229000E-01  -2.50802604000E-01  -1.50854921000E-01  -5.08912448000E-02
   4.90963365000E-02   1.49092286000E-01   2.49105433000E-01   3.49135786000E-01
   4.49226136000E-01   5.49254019000E-01   6.49336108000E-01   7.49436405000E-01
   8.49554921000E-01   9.51116826000E-01   6.36305000000E-07   4.47470009883E+01
   9.99997664385E-01  -9.50008653000E-01  -8.50157721000E-01  -7.50292693000E-01
  -6.50413563000E-01  -5.50555686000E-01  -4.50604005000E-01  -3.50682512000E-01
  -2.50746018000E-01  -1.50794518000E-01  -5.08280666000E-02   4.91607628000E-02
   1.49157362000E-01   2.49169868000E-01   3.49198289000E-01   4.49282204000E-01
   5.49308400000E-01   6.49384671000E-01   7.49477761000E-01   8.49587679000E-01
   9.51036499000E-01   6.73243000000E-07   2.20147704862E+01   9.99998851306E-01
  -9.50008077000E-01  -8.50140125000E-01  -7.50259772000E-01  -6.50367014000E-01
  -5.50492940000E-01  -4.50536142000E-01  -3.50606119000E-01  -2.50662796000E-01
  -1.50706167000E-01  -5.07362764000E-02   4.92534092000E-02   1.49250026000E-01
   2.49260845000E-01   3.49285875000E-01   4.49360448000E-01   5.49383219000E-01
   6.49450973000E-01   7.49533837000E-01   8.49631818000E-01   9.50922038000E-01
   7.87599000000E-07   2.43601905380E+00   9.99999873325E-01  -9.50007012000E-01
  -8.50108341000E-01  -7.50200326000E-01  -6.50282963000E-01  -5.50379662000E-01
  -4.50413636000E-01  -3.50468196000E-01  -2.50512539000E-01  -1.50546662000E-01
  -5.05705914000E-02   4.94206049000E-02   1.49417199000E-01   2.49424885000E-01
   3.49443665000E-01   4.49501123000E-01   5.49517089000E-01   6.49569250000E-01
   7.49633583000E-01   8.49710091000E-01   9.50716992000E-01   1.71788000000E-06
   0.00000000000E+00   1.00000000000E+00  -9.50005589000E-01  -8.50058677000E-01
  -7.50107277000E-01  -6.50151388000E-01  -5.50202238000E-01  -4.50221943000E-01
  -3.50252564000E-01  -2.50277797000E-01  -1.50297642000E-01  -5.03121052000E-02
   4.96812256000E-02   1.49677598000E-01   2.49680344000E-01   3.49689464000E-01
   4.49720799000E-01   5.49727303000E-01   6.49755625000E-01   7.49791293000E-01
   8.49834310000E-01   9.50393739000E-01
  lwtr.02t    0.999167  5.3738E-08   03/26/26
lwtr                                                                     mat 125
   1001         0.      0         0.      0         0.      0         0.
      0         0.      0         0.      0         0.      0         0.
      0         0.      0         0.      0         0.      0         0.
      0         0.      0         0.      0         0.      0         0.
     6583        3       21       64        0        0        2        0
        0        0        0        0        0        0        0        0
        1        3        4        0        0        0        0        0
        0        0        0        0        0        0        0        0
        0        0        0        0        0        0        0        0
        0        0        0        0        0        0        0        0
                   1   1.00000000000E-11   0.00000000000E+00                   5
                 286   4.70506880000E-14   3.77933491878E+07   1.18204055997E-06
  -9.47368978000E-01  -8.42545616000E-01  -7.38371125000E-01  -6.34833603000E-01
  -5.31921383000E-01  -4.29601231000E-01  -3.27816015000E-01  -2.26551377000E-01
  -1.25799410000E-01  -2.55522839000E-02   7.42072318000E-02   1.73502786000E-01
   2.72342419000E-01   3.70732356000E-01   4.68678736000E-01   5.66193974000E-01
   6.63295989000E-01   7.59991360000E-01   8.56285156000E-01   9.52182339000E-01
   9.41013750000E-14   5.34505488513E+07   3.34330849106E-06  -9.46132279000E-01
  -8.39051382000E-01  -7.32932502000E-01  -6.27750166000E-01  -5.23479794000E-01
  -4.20081573000E-01  -3.17506198000E-01  -2.15731651000E-01  -1.14739465000E-01
  -1.45109843000E-02   8.50038679000E-02   1.83862047000E-01   2.82079106000E-01
   3.79667359000E-01   4.76638978000E-01   5.73019909000E-01   6.68842794000E-01
   7.64119071000E-01   8.58857988000E-01   9.53068542000E-01   1.25468500000E-13
   6.17239186735E+07   5.14965445089E-06  -9.45461219000E-01  -8.37161758000E-01
  -7.30001889000E-01  -6.23946375000E-01  -5.18961574000E-01  -4.15005315000E-01
  -3.12032474000E-01  -2.10014389000E-01  -1.08924984000E-01  -8.73761503000E-03
   9.06186854000E-02   1.89215762000E-01   2.87073379000E-01   3.84207931000E-01
   4.80635855000E-01   5.76400885000E-01   6.71555564000E-01   7.66114245000E-01
   8.60087991000E-01   9.53487578000E-01   1.88202750000E-13   7.55820083756E+07
   9.45654662788E-06  -9.44324070000E-01  -8.33973183000E-01  -7.25079298000E-01
  -6.17586179000E-01  -5.11441299000E-01  -4.06601419000E-01  -3.03027220000E-01
  -2.00674410000E-01  -9.95007707000E-02   5.37611428000E-04   9.95499738000E-02
   1.97628535000E-01   2.94801216000E-01   3.91092666000E-01   4.86529413000E-01
   5.81226555000E-01   6.75309317000E-01   7.68795670000E-01   8.61696814000E-01
   9.54023668000E-01   2.50937000000E-13   8.73552481226E+07   1.45674199196E-05
  -9.43273246000E-01  -8.31028054000E-01  -7.20532027000E-01  -6.11705849000E-01
  -5.04477161000E-01  -3.98805560000E-01  -2.94653784000E-01  -1.91959408000E-01
  -9.06629075000E-02   9.29874979000E-03   1.08069415000E-01   2.05753034000E-01
   3.02385924000E-01   3.98001280000E-01   4.92632844000E-01   5.86361133000E-01
   6.79261435000E-01   7.71400160000E-01   8.63082306000E-01   9.54433214000E-01
   3.76405500000E-13   1.07055197699E+08   2.67636134304E-05  -9.41481707000E-01
  -8.26040102000E-01  -7.12884875000E-01  -6.01885313000E-01  -4.92928166000E-01
  -3.85987592000E-01  -2.81019420000E-01  -1.77920071000E-01  -7.65931368000E-02
   2.30650639000E-02   1.21250856000E-01   2.18081273000E-01   3.13611247000E-01
   4.07891809000E-01   5.00982138000E-01   5.93099599000E-01   6.84409013000E-01
   7.74990571000E-01   8.65186259000E-01   9.55119315000E-01   5.01874000000E-13
   1.23741197341E+08   4.12424521759E-05  -9.39815403000E-01  -8.21429824000E-01
  -7.05861292000E-01  -5.92917759000E-01  -4.82441529000E-01  -3.74419930000E-01
  -2.68780932000E-01  -1.65374686000E-01  -6.40653138000E-02   3.52931461000E-02
   1.32929160000E-01   2.28967837000E-01   3.23485129000E-01   4.16551133000E-01
   5.08257301000E-01   5.98958575000E-01   6.88874155000E-01   7.78096781000E-01
   8.67002043000E-01   9.55710021000E-01   7.98674650000E-13   1.56446396638E+08
   8.28223821833E-05  -9.36318340000E-01  -8.11806137000E-01  -6.91266015000E-01
  -5.74340362000E-01  -4.60778725000E-01  -3.50624996000E-01  -2.43700553000E-01
  -1.39737099000E-01  -3.85013631000E-02   6.02297994000E-02   1.56679031000E-01
   2.51004301000E-01   3.43340058000E-01   4.33807137000E-01   5.22600829000E-01
   6.10360588000E-01   6.97340413000E-01   7.83655124000E-01   8.69737004000E-01
   9.56334129000E-01   1.09547530000E-12   1.83624596054E+08   1.33289028022E-04
  -9.33165604000E-01  -8.03179326000E-01  -6.78238876000E-01  -5.57798391000E-01
  -4.41556300000E-01  -3.29628791000E-01  -2.21681697000E-01  -1.17318193000E-01
  -1.62042898000E-02   8.19076257000E-02   1.77220861000E-01   2.69958817000E-01
   3.60319645000E-01   4.48477315000E-01   5.34746916000E-01   6.19893364000E-01
   7.04117809000E-01   7.87736086000E-01   8.71689563000E-01   9.56842259000E-01
   1.68907650000E-12   2.29351895071E+08   2.55860698373E-04  -9.27190011000E-01
  -7.86467021000E-01  -6.52649910000E-01  -5.25415215000E-01  -4.04251542000E-01
  -2.88831849000E-01  -1.78634808000E-01  -7.34107114000E-02   2.73685260000E-02
   1.23983907000E-01   2.16819262000E-01   3.06286236000E-01   3.92726997000E-01
   4.76433025000E-01   5.57906216000E-01   6.37758398000E-01   7.16463371000E-01
   7.95144204000E-01   8.74830062000E-01   9.57198554000E-01   2.87627900000E-12
   3.05698893430E+08   5.73467515241E-04  -9.15751256000E-01  -7.55006350000E-01
  -6.05143707000E-01  -4.65236832000E-01  -3.34896733000E-01  -2.13146676000E-01
  -9.95359377000E-02   6.94526362000E-03   1.06760394000E-01   2.00536238000E-01
   2.89108474000E-01   3.72793659000E-01   4.52221121000E-01   5.28020782000E-01
   6.00810157000E-01   6.71216563000E-01   7.40292742000E-01   8.09297444000E-01
   8.80262908000E-01   9.57280102000E-01   4.65714600000E-12   4.08494891221E+08
   1.20940958659E-03  -8.98084849000E-01  -7.06532628000E-01  -5.32709108000E-01
  -3.74537928000E-01  -2.30644597000E-01  -9.98437404000E-02   1.91783444000E-02
   1.27531334000E-01   2.26203456000E-01   3.16247490000E-01   3.98699063000E-01
   4.74410442000E-01   5.44369818000E-01   6.09358380000E-01   6.70269247000E-01
   7.27791045000E-01   7.82909146000E-01   8.37300578000E-01   8.93489734000E-01
   9.58678432000E-01   5.99298600000E-12   4.91128889445E+08   1.81028630217E-03
  -8.81924495000E-01  -6.62837196000E-01  -4.67405051000E-01  -2.93982620000E-01
  -1.39902370000E-01  -2.92002586000E-03   1.19063192000E-01   2.27748653000E-01
   3.24817806000E-01   4.11538787000E-01   4.89001189000E-01   5.58428039000E-01
   6.20963214000E-01   6.77639032000E-01   7.29377327000E-01   7.77162704000E-01
   8.22050764000E-01   8.65409440000E-01   9.09620987000E-01   9.62301937000E-01
   6.99461300000E-12   5.64250587873E+08   2.33883459203E-03  -8.66898234000E-01
  -6.23284206000E-01  -4.09505424000E-01  -2.22838423000E-01  -5.99547800000E-02
   8.19016807000E-02   2.05756862000E-01   3.13917746000E-01   4.08552841000E-01
   4.91396665000E-01   5.64049304000E-01   6.27832029000E-01   6.84002504000E-01
   7.33778753000E-01   7.78297073000E-01   8.18593294000E-01   8.55660276000E-01
   8.90622261000E-01   9.25609161000E-01   9.67328915000E-01   7.74602300000E-12
   6.30476586450E+08   2.78769956506E-03  -8.52986920000E-01  -5.87021582000E-01
  -3.57356923000E-01  -1.59836806000E-01   9.64968295000E-03   1.55045937000E-01
   2.79895552000E-01   3.86809590000E-01   4.78545925000E-01   5.57424332000E-01
   6.25392576000E-01   6.84140458000E-01   7.34921778000E-01   7.78987126000E-01
   8.17548669000E-01   8.51664264000E-01   8.82326282000E-01   9.10666504000E-01
   9.38341546000E-01   9.70227416000E-01   8.30952990000E-12   6.92762285111E+08
   3.16052668230E-03  -8.39785478000E-01  -5.52996295000E-01  -3.08905994000E-01
  -1.02250472000E-01   7.24462519000E-02   2.20121011000E-01   3.44857040000E-01
   4.50078689000E-01   5.38789467000E-01   6.13661481000E-01   6.77164736000E-01
   7.31073422000E-01   7.76898329000E-01   8.15952879000E-01   8.49446503000E-01
   8.78505274000E-01   9.04176650000E-01   9.27392205000E-01   9.49419190000E-01
   9.73756938000E-01   8.73214110000E-12   7.52042383837E+08   3.46582199975E-03
  -8.27207141000E-01  -5.20921963000E-01  -2.64012962000E-01  -4.95602340000E-02
   1.29095037000E-01   2.77849866000E-01   4.01753917000E-01   5.04761575000E-01
   5.90400211000E-01   6.61606177000E-01   7.20827416000E-01   7.70221389000E-01
   8.11571232000E-01   8.46316546000E-01   8.75562963000E-01   9.00420747000E-01
   9.21836578000E-01   9.40815712000E-01   9.58421464000E-01   9.77031011000E-01
   9.04909950000E-12   8.07245582651E+08   3.71293670925E-03  -8.15592270000E-01
  -4.91521671000E-01  -2.23334341000E-01  -2.43505399000E-03   1.79052409000E-01
   3.28272368000E-01   4.50771969000E-01   5.51208879000E-01   6.33669181000E-01
   7.01228943000E-01   7.56549357000E-01   8.01947153000E-01   8.39407808000E-01
   8.70368444000E-01   8.96025941000E-01   9.17432114000E-01   9.35561714000E-01
   9.51288883000E-01   9.65460929000E-01   9.79703095000E-01   9.28681830000E-12
   8.59107381536E+08   3.91099842276E-03  -8.04426249000E-01  -4.63904573000E-01
  -1.85759708000E-01   4.04048351000E-02   2.23867998000E-01   3.72855612000E-01
   4.93541829000E-01   5.91296611000E-01   6.70476818000E-01   7.34498966000E-01
   7.86250381000E-01   8.28141737000E-01   8.62134885000E-01   8.89810011000E-01
   9.12450875000E-01   9.31035470000E-01   9.46457343000E-01   9.59504576000E-01
   9.70988752000E-01   9.82047896000E-01   9.46513270000E-12   9.11059780420E+08
   4.06882157046E-03  -7.94126008000E-01  -4.37639213000E-01  -1.49884165000E-01
   8.10721847000E-02   2.66082844000E-01   4.14410311000E-01   5.32983532000E-01
   6.27874032000E-01   7.03667201000E-01   7.64165122000E-01   8.12460455000E-01
   8.51063111000E-01   8.81875023000E-01   9.06596043000E-01   9.26527939000E-01
   9.42640918000E-01   9.55774537000E-01   9.66684473000E-01   9.76059068000E-01
   9.85084450000E-01   9.59884320000E-12   9.69580179162E+08   4.19455222511E-03
  -7.82063626000E-01  -4.08247701000E-01  -1.10830175000E-01   1.24828027000E-01
   3.11037957000E-01   4.58082481000E-01   5.73962562000E-01   6.65352813000E-01
   7.37264220000E-01   7.93839264000E-01   8.38393460000E-01   8.73440459000E-01
   9.01000092000E-01   9.22760922000E-01   9.40006407000E-01   9.53728163000E-01
   9.64728178000E-01   9.73712651000E-01   9.81308996000E-01   9.89152596000E-01
   9.69913240000E-12   1.03717897771E+09   4.29518036033E-03  -7.68213368000E-01
  -3.74575576000E-01  -6.63593203000E-02   1.73646019000E-01   3.60282390000E-01
   5.05087562000E-01   6.17395112000E-01   7.04406255000E-01   7.71730451000E-01
   8.23840500000E-01   8.64186196000E-01   8.95372811000E-01   9.19522794000E-01
   9.38217439000E-01   9.52776174000E-01   9.64172354000E-01   9.73163636000E-01
   9.80387324000E-01   9.86463192000E-01   9.93304827000E-01   9.77434930000E-12
   1.11136297612E+09   4.37598369297E-03  -7.53149356000E-01  -3.38506752000E-01
  -2.05231383000E-02   2.23342949000E-01   4.09701220000E-01   5.51558651000E-01
   6.59394404000E-01   7.41547149000E-01   8.04021475000E-01   8.51527055000E-01
   8.87583880000E-01   9.14990079000E-01   9.35797100000E-01   9.51605322000E-01
   9.63685051000E-01   9.72967459000E-01   9.80157389000E-01   9.85865280000E-01
   9.90875623000E-01   9.96278755000E-01   9.83076070000E-12   1.18043697463E+09
   4.44062551485E-03  -7.39267054000E-01  -3.05784736000E-01   2.11730391000E-02
   2.67557394000E-01   4.52416500000E-01   5.90995482000E-01   6.94601556000E-01
   7.72207067000E-01   8.30199555000E-01   8.73521657000E-01   9.05856025000E-01
   9.30012467000E-01   9.48030600000E-01   9.61486989000E-01   9.71570593000E-01
   9.79194794000E-01   9.85005908000E-01   9.89645474000E-01   9.93766874000E-01
   9.97821564000E-01   9.87306990000E-12   1.23559097345E+09   4.49173561968E-03
  -7.31022024000E-01  -2.84217013000E-01   5.03061746000E-02   2.98915525000E-01
   4.82997232000E-01   6.19008022000E-01   7.19400282000E-01   7.93518523000E-01
   8.48170873000E-01   8.88406737000E-01   9.18061677000E-01   9.39887418000E-01
   9.55959189000E-01   9.67782892000E-01   9.76505245000E-01   9.83000243000E-01
   9.87897635000E-01   9.91908598000E-01   9.95371932000E-01   9.98471236000E-01
   9.93653450000E-12   1.30535797195E+09   4.57236577390E-03  -7.17412144000E-01
  -2.52658047000E-01   8.94246937000E-02   3.39141319000E-01   5.20458039000E-01
   6.52550044000E-01   7.48489891000E-01   8.17989026000E-01   8.68363968000E-01
   9.04852204000E-01   9.31280939000E-01   9.50395963000E-01   9.64220449000E-01
   9.74184111000E-01   9.81407998000E-01   9.86645523000E-01   9.90699633000E-01
   9.94030201000E-01   9.96697928000E-01   9.98915186000E-01   9.99999900000E-12
   1.33489297131E+09   4.65614687689E-03  -7.11753779000E-01  -2.39657784000E-01
   1.05348330000E-01   3.55277520000E-01   5.35520919000E-01   6.65842874000E-01
   7.59799474000E-01   8.27345472000E-01   8.75959807000E-01   9.10916125000E-01
   9.36038041000E-01   9.54082419000E-01   9.67035841000E-01   9.76330920000E-01
   9.83009053000E-01   9.87831393000E-01   9.91607817000E-01   9.94676026000E-01
   9.97057436000E-01   9.99029745000E-01   1.00634660000E-11   1.30634797192E+09
   4.73996272491E-03  -7.17324382000E-01  -2.52339522000E-01   8.98598861000E-02
   3.39601421000E-01   5.20915039000E-01   6.52968605000E-01   7.48853973000E-01
   8.18293151000E-01   8.68618199000E-01   9.05058177000E-01   9.31444672000E-01
   9.50525953000E-01   9.64322602000E-01   9.74264373000E-01   9.81472532000E-01
   9.86718724000E-01   9.90737662000E-01   9.94052575000E-01   9.96710880000E-01
   9.98920829000E-01   1.01269300000E-11   1.23716897341E+09   4.82067360462E-03
  -7.28044093000E-01  -2.79596513000E-01   5.40793509000E-02   3.01943311000E-01
   4.85423127000E-01   6.20944013000E-01   7.20939243000E-01   7.94709938000E-01
   8.49031322000E-01   8.89080170000E-01   9.18584666000E-01   9.40291136000E-01
   9.56271852000E-01   9.68022814000E-01   9.76688143000E-01   9.83132218000E-01
   9.88010945000E-01   9.91998994000E-01   9.95429759000E-01   9.98482963000E-01
   1.01692390000E-11   1.18381797456E+09   4.87188837301E-03  -7.38684528000E-01
  -3.04288898000E-01   2.30668409000E-02   2.69730565000E-01   4.54810431000E-01
   5.93122210000E-01   6.96445744000E-01   7.73764335000E-01   8.31494656000E-01
   8.74590023000E-01   9.06727438000E-01   9.30713693000E-01   9.48593205000E-01
   9.61934542000E-01   9.71922638000E-01   9.79460559000E-01   9.85207249000E-01
   9.89791690000E-01   9.93857309000E-01   9.97854800000E-01   1.02256510000E-11
   1.11576897602E+09   4.93675052253E-03  -7.52385098000E-01  -3.36537777000E-01
  -1.80092662000E-02   2.26041362000E-01   4.12378454000E-01   5.54069392000E-01
   6.61672380000E-01   7.43555418000E-01   8.05733434000E-01   8.52985090000E-01
   8.88805483000E-01   9.16001497000E-01   9.36623517000E-01   9.52278214000E-01
   9.64223265000E-01   9.73392668000E-01   9.80485106000E-01   9.86110754000E-01
   9.91044490000E-01   9.96345691000E-01   1.03008680000E-11   1.04338297758E+09
   5.01795298878E-03  -7.67116020000E-01  -3.71728147000E-01  -6.26099165000E-02
   1.77721165000E-01   3.64391518000E-01   5.08999015000E-01   6.20856468000E-01
   7.07502165000E-01   7.74476324000E-01   8.26271594000E-01   8.66264036000E-01
   8.97127625000E-01   9.20988888000E-01   9.39426748000E-01   9.53763773000E-01
   9.64968605000E-01   9.73793577000E-01   9.80870552000E-01   9.86812013000E-01
   9.93481604000E-01   1.03259410000E-11   1.02408397799E+09   5.04387178827E-03
  -7.71070342000E-01  -3.81267370000E-01  -7.51128457000E-02   1.64086869000E-01
   3.50746688000E-01   4.96075870000E-01   6.09021644000E-01   6.96923913000E-01
   7.65204350000E-01   8.18262634000E-01   8.59440084000E-01   8.91360506000E-01
   9.16153517000E-01   9.35423879000E-01   9.50479205000E-01   9.62293518000E-01
   9.71650658000E-01   9.79175284000E-01   9.85469404000E-01   9.92453028000E-01
   1.03384770000E-11   1.01518597818E+09   5.05665393236E-03  -7.72897369000E-01
  -3.85686301000E-01  -8.09265044000E-02   1.57727201000E-01   3.44359298000E-01
   4.90005154000E-01   6.03443507000E-01   6.91921081000E-01   7.60804805000E-01
   8.14448716000E-01   8.56179560000E-01   8.88597758000E-01   9.13828964000E-01
   9.33491856000E-01   9.48888280000E-01   9.60996199000E-01   9.70606800000E-01
   9.78355886000E-01   9.84833798000E-01   9.91939659000E-01   1.03447450000E-11
   1.01100997827E+09   5.06300403048E-03  -7.73755460000E-01  -3.87764142000E-01
  -8.36649975000E-02   1.54727273000E-01   3.41341359000E-01   4.87132464000E-01
   6.00799822000E-01   6.89546271000E-01   7.58713676000E-01   8.12632904000E-01
   8.54624630000E-01   8.87279007000E-01   9.12717760000E-01   9.32566992000E-01
   9.48125820000E-01   9.60374917000E-01   9.70106620000E-01   9.77963489000E-01
   9.84529011000E-01   9.91684206000E-01   1.03478790000E-11   1.00893597832E+09
   5.06616928580E-03  -7.74181995000E-01  -3.88797577000E-01  -8.50281629000E-02
   1.53232915000E-01   3.39836785000E-01   4.85699210000E-01   5.99479829000E-01
   6.88359511000E-01   7.57667982000E-01   8.11724109000E-01   8.53845668000E-01
   8.86618007000E-01   9.12160358000E-01   9.32102590000E-01   9.47742540000E-01
   9.60062415000E-01   9.69854624000E-01   9.77765247000E-01   9.84377542000E-01
   9.91557927000E-01   1.03494460000E-11   1.00790297834E+09   5.06774947912E-03
  -7.74394307000E-01  -3.89312127000E-01  -8.57071720000E-02   1.52488298000E-01
   3.39086769000E-01   4.84984478000E-01   5.98821337000E-01   6.87767228000E-01
   7.57145947000E-01   8.11270212000E-01   8.53456433000E-01   8.86287631000E-01
   9.11881660000E-01   9.31870278000E-01   9.47550711000E-01   9.59905969000E-01
   9.69728383000E-01   9.77665820000E-01   9.84301496000E-01   9.91495060000E-01
   1.03510130000E-11   9.79810178942E+08   5.06930546309E-03  -7.80204917000E-01
  -4.03447383000E-01  -1.04428887000E-01   1.31864007000E-01   3.18200814000E-01
   4.64978907000E-01   5.80293611000E-01   6.71000969000E-01   7.42283219000E-01
   7.98258719000E-01   8.42213623000E-01   8.76672102000E-01   9.03695581000E-01
   9.24924963000E-01   9.41210443000E-01   9.53991702000E-01   9.64827068000E-01
   9.74405830000E-01   9.83085542000E-01   9.91517949000E-01   1.03525800000E-11
   9.77518078992E+08   5.07083902978E-03  -7.80679504000E-01  -4.04604692000E-01
  -1.05968130000E-01   1.30163401000E-01   3.16472649000E-01   4.63318486000E-01
   5.78751712000E-01   6.69601336000E-01   7.41038060000E-01   7.97166161000E-01
   8.41267344000E-01   8.75861009000E-01   9.03004317000E-01   9.24343912000E-01
   9.40762790000E-01   9.53652199000E-01   9.64573965000E-01   9.74226556000E-01
   9.82971701000E-01   9.91458715000E-01   1.03541470000E-11   1.00484797840E+09
   5.07240406034E-03  -7.75022809000E-01  -3.90835890000E-01  -8.77190743000E-02
   1.50281010000E-01   3.36862292000E-01   4.82863628000E-01   5.96866462000E-01
   6.86007945000E-01   7.55594702000E-01   8.09920735000E-01   8.52298500000E-01
   8.85304478000E-01   9.11051939000E-01   9.31178280000E-01   9.46979041000E-01
   9.59439694000E-01   9.69351978000E-01   9.77369183000E-01   9.84077334000E-01
   9.91302047000E-01   1.03572810000E-11   1.00284497845E+09   5.07555011520E-03
  -7.75435037000E-01  -3.91835761000E-01  -8.90401629000E-02   1.48830822000E-01
   3.35399841000E-01   4.81468475000E-01   5.95579757000E-01   6.84849198000E-01
   7.54572459000E-01   8.09030869000E-01   8.51534393000E-01   8.84655430000E-01
   9.10503901000E-01   9.30720902000E-01   9.46600982000E-01   9.59131284000E-01
   9.69102889000E-01   9.77172737000E-01   9.83924627000E-01   9.91180121000E-01
   1.03635490000E-11   9.98942178531E+08   5.08182371615E-03  -7.76238536000E-01
  -3.93785678000E-01  -9.16185917000E-02   1.45998622000E-01   3.32541497000E-01
   4.78739807000E-01   5.93061550000E-01   6.82579686000E-01   7.52569106000E-01
   8.07285648000E-01   8.50034648000E-01   8.83380864000E-01   9.09427115000E-01
   9.29821618000E-01   9.45857321000E-01   9.58524623000E-01   9.68612876000E-01
   9.76786281000E-01   9.83630020000E-01   9.90932944000E-01   1.03760850000E-11
   9.91551478690E+08   5.09430013039E-03  -7.77761205000E-01  -3.97484458000E-01
  -9.65171848000E-02   1.40611414000E-01   3.27096534000E-01   4.73535168000E-01
   5.88252465000E-01   6.78239367000E-01   7.48733240000E-01   8.03939356000E-01
   8.47155095000E-01   8.80930960000E-01   9.07355455000E-01   9.28089354000E-01
   9.44423892000E-01   9.57355244000E-01   9.67664906000E-01   9.76025637000E-01
   9.83051406000E-01   9.90451452000E-01   1.04011570000E-11   9.77852678984E+08
   5.11898858091E-03  -7.80587636000E-01  -4.04362727000E-01  -1.05653176000E-01
   1.30540831000E-01   3.16889881000E-01   4.63754877000E-01   5.79194745000E-01
   6.70043084000E-01   7.41471283000E-01   7.97587369000E-01   8.41675174000E-01
   8.76256278000E-01   9.03396134000E-01   9.24771517000E-01   9.41670325000E-01
   9.55090637000E-01   9.65824260000E-01   9.74571407000E-01   9.81949631000E-01
   9.89535500000E-01   1.05348670000E-11   9.22262680179E+08   5.24602079325E-03
  -7.91488399000E-01  -4.31841331000E-01  -1.42889703000E-01   8.89754742000E-02
   2.74315396000E-01   4.22541052000E-01   5.40699386000E-01   6.34874102000E-01
   7.10025233000E-01   7.69859147000E-01   8.17541575000E-01   8.55491365000E-01
   8.85684466000E-01   9.09839311000E-01   9.29250876000E-01   9.44897091000E-01
   9.57611802000E-01   9.68127709000E-01   9.77139305000E-01   9.85790520000E-01
   1.07131820000E-11   8.73697181223E+08   5.40614408459E-03  -8.01690649000E-01
  -4.56716584000E-01  -1.76305883000E-01   5.11837994000E-02   2.35423789000E-01
   3.84383542000E-01   5.04563847000E-01   6.01491811000E-01   6.79775441000E-01
   7.42896149000E-01   7.93770458000E-01   8.34788878000E-01   8.67898797000E-01
   8.94747875000E-01   9.16604012000E-01   9.34500389000E-01   9.49294023000E-01
   9.61778097000E-01   9.72697156000E-01   9.83158656000E-01   1.09509010000E-11
   8.26972982227E+08   5.60828488989E-03  -8.11541408000E-01  -4.80663050000E-01
  -2.09380899000E-01   1.33886086000E-02   1.95868808000E-01   3.45162475000E-01
   4.67057154000E-01   5.66528559000E-01   6.47740481000E-01   7.14031702000E-01
   7.68066171000E-01   8.12220463000E-01   8.48394461000E-01   8.78130387000E-01
   9.02647676000E-01   9.22984467000E-01   9.40084644000E-01   9.54819081000E-01
   9.68046164000E-01   9.81285352000E-01   1.12678590000E-11   7.78029083279E+08
   5.86264401223E-03  -8.22315018000E-01  -5.07103638000E-01  -2.45654998000E-01
  -2.80799849000E-02   1.52051161000E-01   3.01284489000E-01   4.24654550000E-01
   5.26569949000E-01   6.10702922000E-01   6.80297051000E-01   7.37770128000E-01
   7.85386649000E-01   8.24959836000E-01   8.57956343000E-01   8.85556329000E-01
   9.08834942000E-01   9.28775927000E-01   9.46283609000E-01   9.62363373000E-01
   9.79233735000E-01   1.16904700000E-11   7.27984784354E+08   6.18087302553E-03
  -8.32917568000E-01  -5.34379921000E-01  -2.83770563000E-01  -7.26384079000E-02
   1.04560349000E-01   2.53271469000E-01   3.77758330000E-01   4.81883656000E-01
   5.68927047000E-01   6.41775213000E-01   7.02912239000E-01   7.54299531000E-01
   7.97587587000E-01   8.34140341000E-01   8.65159442000E-01   8.91780062000E-01
   9.15034348000E-01   9.35816023000E-01   9.55343967000E-01   9.76736194000E-01
   1.22539770000E-11   6.77234485445E+08   6.57679847307E-03  -8.43912399000E-01
  -5.61935129000E-01  -3.22532630000E-01  -1.18616431000E-01   5.48418119000E-02
   2.02191878000E-01   3.27181830000E-01   4.33130125000E-01   5.22809170000E-01
   5.98897959000E-01   6.63749725000E-01   7.19055096000E-01   7.66300597000E-01
   8.06740865000E-01   8.41624588000E-01   8.72062160000E-01   8.99043018000E-01
   9.23588850000E-01   9.47183666000E-01   9.73990561000E-01   1.30053870000E-11
   6.27258886519E+08   7.06690315538E-03  -8.54712527000E-01  -5.89874369000E-01
  -3.61869604000E-01  -1.65838717000E-01   3.22537178000E-03   1.48566057000E-01
   2.73619883000E-01   3.80875584000E-01   4.73043479000E-01   5.52402415000E-01
   6.20880201000E-01   6.80158626000E-01   7.31459111000E-01   7.76046427000E-01
   8.15106513000E-01   8.49651500000E-01   8.80837693000E-01   9.09791970000E-01
   9.38109248000E-01   9.71270119000E-01   1.40070140000E-11   5.78139787575E+08
   7.67058308425E-03  -8.65221581000E-01  -6.17758442000E-01  -4.01403294000E-01
  -2.13531094000E-01  -4.96676755000E-02   9.31335991000E-02   2.17251281000E-01
   3.25532464000E-01   4.19999871000E-01   5.02483373000E-01   5.74588898000E-01
   6.37685702000E-01   6.93050603000E-01   7.41930040000E-01   7.85417953000E-01
   8.24602329000E-01   8.60548110000E-01   8.94335213000E-01   9.28035812000E-01
   9.68181942000E-01   1.53428540000E-11   5.29795788614E+08   8.41059541430E-03
  -8.75384982000E-01  -6.45462663000E-01  -4.41442919000E-01  -2.61714669000E-01
  -1.03657981000E-01   3.60521564000E-02   1.59307939000E-01   2.68216076000E-01
   3.64614950000E-01   4.49875549000E-01   5.25370562000E-01   5.92301539000E-01
   6.51911093000E-01   7.05340975000E-01   7.53627777000E-01   7.97751000000E-01
   8.38696833000E-01   8.77826310000E-01   9.17354162000E-01   9.64573704000E-01
   1.71237210000E-11   4.83687289605E+08   9.31303469883E-03  -8.84807185000E-01
  -6.71137598000E-01  -4.79881242000E-01  -3.08330771000E-01  -1.55588098000E-01
  -1.93313136000E-02   1.02623113000E-01   2.11748726000E-01   3.09560971000E-01
   3.97221594000E-01   4.75756614000E-01   5.46364906000E-01   6.10151963000E-01
   6.68033876000E-01   7.21006128000E-01   7.70162961000E-01   8.16468522000E-01
   8.61273942000E-01   9.07117047000E-01   9.61543109000E-01   1.94981260000E-11
   4.39766690549E+08   1.04093615727E-02  -8.93386076000E-01  -6.94529282000E-01
  -5.15219968000E-01  -3.52634622000E-01  -2.05408282000E-01  -7.25285747000E-02
   4.76172982000E-02   1.56601864000E-01   2.55345480000E-01   3.44790971000E-01
   4.26043980000E-01   5.00109486000E-01   5.67931390000E-01   6.30453961000E-01
   6.88584798000E-01   7.43065923000E-01   7.94851843000E-01   8.45614294000E-01
   8.97942366000E-01   9.59348648000E-01   2.26641680000E-11   3.97785891451E+08
   1.17352248986E-02  -9.01263883000E-01  -7.15801332000E-01  -5.46937364000E-01
  -3.92683787000E-01  -2.51432441000E-01  -1.21698860000E-01  -3.13737859000E-03
   1.05146518000E-01   2.04333243000E-01   2.95446396000E-01   3.79273702000E-01
   4.56638014000E-01   5.28380189000E-01   5.95185296000E-01   6.57979675000E-01
   7.17676165000E-01   7.75087482000E-01   8.31813877000E-01   8.90477864000E-01
   9.57986277000E-01   2.68857260000E-11   3.58520592295E+08   1.33316207421E-02
  -9.08628831000E-01  -7.35329377000E-01  -5.75743557000E-01  -4.28722101000E-01
  -2.93262365000E-01  -1.67759815000E-01  -5.14711643000E-02   5.63284399000E-02
   1.56205474000E-01   2.48899066000E-01   3.35143357000E-01   4.15673151000E-01
   4.91162917000E-01   5.62356017000E-01   6.29885201000E-01   6.94501950000E-01
   7.57374169000E-01   8.19894319000E-01   8.84599205000E-01   9.57220362000E-01
   3.25142170000E-11   3.21502493090E+08   1.52453726500E-02  -9.15129143000E-01
  -7.53125413000E-01  -6.02039274000E-01  -4.60995644000E-01  -3.29710341000E-01
  -2.07200520000E-01  -9.30362576000E-02   1.38537935000E-02   1.13880868000E-01
   2.07757789000E-01   2.96245745000E-01   3.79515873000E-01   4.58284227000E-01
   5.33268447000E-01   6.05156431000E-01   6.74551782000E-01   7.42505322000E-01
   8.10374070000E-01   8.80319129000E-01   9.56911317000E-01   4.00184500000E-11
   2.87546793820E+08   1.75305965287E-02  -9.20469433000E-01  -7.67947891000E-01
  -6.24700155000E-01  -4.90121337000E-01  -3.63606307000E-01  -2.44430904000E-01
  -1.32087707000E-01  -2.59896840000E-02   7.43770582000E-02   1.69204007000E-01
   2.59260461000E-01   3.45201718000E-01   4.27545437000E-01   5.06702293000E-01
   5.82952951000E-01   6.56856872000E-01   7.29743569000E-01   8.02470407000E-01
   8.76969031000E-01   9.56687014000E-01   5.00246000000E-11   2.55779294503E+08
   2.02488976981E-02  -9.25675145000E-01  -7.82269533000E-01  -6.46247272000E-01
  -5.17206393000E-01  -3.94646942000E-01  -2.78205441000E-01  -1.67354622000E-01
  -6.18062127000E-02   3.90263513000E-02   1.35429248000E-01   2.27855192000E-01
   3.16592612000E-01   4.01802134000E-01   4.83866487000E-01   5.63627748000E-01
   6.41986942000E-01   7.19371822000E-01   7.96331165000E-01   8.74579117000E-01
   9.56648471000E-01   6.33678200000E-11   2.26977295122E+08   2.34696613890E-02
  -9.29815575000E-01  -7.93694846000E-01  -6.63559566000E-01  -5.39159501000E-01
  -4.20058730000E-01  -3.06048036000E-01  -1.96680311000E-01  -9.17823384000E-02
   9.05992172000E-03   1.06078468000E-01   1.99545607000E-01   2.89913440000E-01
   3.77814005000E-01   4.63517648000E-01   5.47234279000E-01   6.29230659000E-01
   7.09841557000E-01   7.90399249000E-01   8.72341079000E-01   9.56561778000E-01
   8.11562500000E-11   2.01563395668E+08   2.72811944291E-02  -9.33306702000E-01
  -8.03537394000E-01  -6.78731389000E-01  -5.58359104000E-01  -4.42153301000E-01
  -3.30320240000E-01  -2.22533732000E-01  -1.18383768000E-01  -1.75262692000E-02
   8.02887013000E-02   1.75262509000E-01   2.67625142000E-01   3.57580863000E-01
   4.45308610000E-01   5.31147814000E-01   6.16132380000E-01   7.00576147000E-01
   7.85097188000E-01   8.70047791000E-01   9.55929630000E-01   1.04875000000E-10
   1.78531596163E+08   3.17888834729E-02  -9.36292347000E-01  -8.11757033000E-01
  -6.91231207000E-01  -5.74350757000E-01  -4.60863848000E-01  -3.50831126000E-01
  -2.44073647000E-01  -1.40315358000E-01  -3.93167255000E-02   5.91572254000E-02
   1.55350058000E-01   2.49422887000E-01   3.41510015000E-01   4.31732133000E-01
   5.20281259000E-01   6.07821350000E-01   6.94631839000E-01   7.80802749000E-01
   8.67156569000E-01   9.55207027000E-01   1.36500000000E-10   1.58280696598E+08
   3.71147278522E-02  -9.38790011000E-01  -8.18670404000E-01  -7.01793167000E-01
  -5.87909051000E-01  -4.76812669000E-01  -3.68427985000E-01  -2.62627370000E-01
  -1.59234909000E-01  -5.80932609000E-02   4.09228691000E-02   1.37875275000E-01
   2.32874991000E-01   3.26243176000E-01   4.18337138000E-01   5.09246860000E-01
   5.99230066000E-01   6.88444125000E-01   7.77027807000E-01   8.65641558000E-01
   9.54954038000E-01   1.68125000000E-10   1.42727396933E+08   4.18744183311E-02
  -9.40649400000E-01  -8.23762317000E-01  -7.09461663000E-01  -5.97582959000E-01
  -4.87989755000E-01  -3.80690904000E-01  -2.75645654000E-01  -1.72719653000E-01
  -7.17895720000E-02   2.72888539000E-02   1.24828146000E-01   2.20984978000E-01
   3.15816792000E-01   4.09376904000E-01   5.01720505000E-01   5.93028696000E-01
   6.83456099000E-01   7.73659749000E-01   8.63999089000E-01   9.54523827000E-01
   1.99750000000E-10   1.32021097163E+08   4.62188788940E-02  -9.41833824000E-01
  -8.27130931000E-01  -7.14760933000E-01  -6.04587006000E-01  -4.96483285000E-01
  -3.90303916000E-01  -2.85921579000E-01  -1.83247106000E-01  -8.21993034000E-02
   1.73052316000E-02   1.15413229000E-01   2.12224059000E-01   3.07788286000E-01
   4.02152861000E-01   4.95377678000E-01   5.87814647000E-01   6.79769751000E-01
   7.71186063000E-01   8.62542113000E-01   9.54572949000E-01   2.63000000000E-10
   1.17667497471E+08   5.41152806993E-02  -9.43411952000E-01  -8.31432492000E-01
  -7.21185736000E-01  -6.12593650000E-01  -5.05586029000E-01  -4.00150711000E-01
  -2.96278527000E-01  -1.93904761000E-01  -9.29663749000E-02   6.59616046000E-03
   1.04848451000E-01   2.01852594000E-01   2.97739778000E-01   3.92863947000E-01
   4.87308914000E-01   5.81241110000E-01   6.74843839000E-01   7.68130245000E-01
   8.61103513000E-01   9.53751551000E-01   3.26250000000E-10   1.06875297703E+08
   6.12164465967E-02  -9.44358404000E-01  -8.34173808000E-01  -7.25583645000E-01
  -6.18520633000E-01  -5.12919939000E-01  -4.08641499000E-01  -3.05532610000E-01
  -2.03547946000E-01  -1.02651514000E-01  -2.80581227000E-03   9.60906981000E-02
   1.94129245000E-01   2.91334272000E-01   3.87726685000E-01   4.83327407000E-01
   5.78188587000E-01   6.72369068000E-01   7.65947259000E-01   8.59442166000E-01
   9.53108173000E-01   3.89500000000E-10   9.89889978726E+07   6.77269049443E-02
  -9.45069706000E-01  -8.36089667000E-01  -7.28395493000E-01  -6.21942710000E-01
  -5.16689969000E-01  -4.12626875000E-01  -3.09755026000E-01  -2.08037513000E-01
  -1.07436327000E-01  -7.91318527000E-03   9.06262253000E-02   1.88274835000E-01
   2.85115545000E-01   3.81444056000E-01   4.77431870000E-01   5.72931908000E-01
   6.68248275000E-01   7.63328016000E-01   8.58172883000E-01   9.52638044000E-01
   4.52750000000E-10   9.26483480088E+07   7.37874360078E-02  -9.45887532000E-01
  -8.38355781000E-01  -7.31841716000E-01  -6.26316978000E-01  -5.21754470000E-01
  -4.18126302000E-01  -3.15404592000E-01  -2.13565663000E-01  -1.12587140000E-01
  -1.24474616000E-02   8.68776782000E-02   1.85412331000E-01   2.83175343000E-01
   3.80184564000E-01   4.76459298000E-01   5.72143189000E-01   6.67443551000E-01
   7.62412847000E-01   8.57349903000E-01   9.52419658000E-01   5.16000000000E-10
   8.76236981168E+07   7.94885394665E-02  -9.46465248000E-01  -8.40051941000E-01
  -7.34602904000E-01  -6.30092389000E-01  -5.26495194000E-01  -4.23729050000E-01
  -3.21666556000E-01  -2.20281880000E-01  -1.19561693000E-01  -1.94924698000E-02
   7.99703936000E-02   1.78884467000E-01   2.77262417000E-01   3.75112868000E-01
   4.72444574000E-01   5.69294775000E-01   6.65720400000E-01   7.61731894000E-01
   8.57334550000E-01   9.52533553000E-01   5.47625000000E-10   8.53946581647E+07
   8.22243922252E-02  -9.46664036000E-01  -8.40670444000E-01  -7.35672894000E-01
  -6.31643820000E-01  -5.28556184000E-01  -4.26294757000E-01  -3.24664532000E-01
  -2.23633665000E-01  -1.23191677000E-01  -2.33277601000E-02   7.60104451000E-02
   1.74899710000E-01   2.73352307000E-01   3.71373970000E-01   4.69023706000E-01
   5.66195981000E-01   6.63106646000E-01   7.59723511000E-01   8.56049230000E-01
   9.51983939000E-01   5.79250000000E-10   8.33720782082E+07   8.48930162441E-02
  -9.46853249000E-01  -8.41178047000E-01  -7.36412374000E-01  -6.32533139000E-01
  -5.29517863000E-01  -4.27296808000E-01  -3.25755011000E-01  -2.24867569000E-01
  -1.24621992000E-01  -2.50050564000E-02   7.40823673000E-02   1.72796740000E-01
   2.71156614000E-01   3.69165781000E-01   4.66856179000E-01   5.64200166000E-01
   6.61368094000E-01   7.58349911000E-01   8.55146684000E-01   9.51705419000E-01
   6.42500000000E-10   7.99513982817E+07   9.00581211881E-02  -9.47137216000E-01
  -8.41934246000E-01  -7.37502272000E-01  -6.33824585000E-01  -5.30885061000E-01
  -4.28666138000E-01  -3.27148721000E-01  -2.26318041000E-01  -1.26160349000E-01
  -2.66581163000E-02   7.23078173000E-02   1.70910281000E-01   2.69182002000E-01
   3.67126286000E-01   4.64749420000E-01   5.62199915000E-01   6.59563077000E-01
   7.56905453000E-01   8.54227057000E-01   9.50854778000E-01   7.05750000000E-10
   7.68967583474E+07   9.50184441415E-02  -9.47344126000E-01  -8.42488844000E-01
  -7.38308364000E-01  -6.34789824000E-01  -5.31920706000E-01  -4.29678695000E-01
  -3.28030614000E-01  -2.26963420000E-01  -1.26467267000E-01  -2.65324437000E-02
   7.28625395000E-02   1.71747749000E-01   2.70133126000E-01   3.68026174000E-01
   4.65427250000E-01   5.62332048000E-01   6.59380118000E-01   7.56489275000E-01
   8.53659632000E-01   9.52484238000E-01   7.37375000000E-10   7.54734983780E+07
   9.74277988259E-02  -9.47351419000E-01  -8.42528516000E-01  -7.38406319000E-01
  -6.34970960000E-01  -5.32208856000E-01  -4.30075665000E-01  -3.28492447000E-01
  -2.27441621000E-01  -1.26914902000E-01  -2.69040314000E-02   7.26158668000E-02
   1.71682159000E-01   2.70304102000E-01   3.68487623000E-01   4.66276307000E-01
   5.63618370000E-01   6.60714096000E-01   7.57568417000E-01   8.54425918000E-01
   9.51370710000E-01   7.53187500000E-10   7.47911883926E+07   9.86158290057E-02
  -9.47360866000E-01  -8.42566754000E-01  -7.38487742000E-01  -6.35109388000E-01
  -5.32417511000E-01  -4.30357044000E-01  -3.28826360000E-01  -2.27805470000E-01
  -1.27286771000E-01  -2.72626390000E-02   7.22935464000E-02   1.71423065000E-01
   2.70134982000E-01   3.68434532000E-01   4.66377693000E-01   5.63840009000E-01
   6.60985987000E-01   7.57541248000E-01   8.54553164000E-01   9.51700973000E-01
   7.69000000000E-10   7.40678084082E+07   9.97927454492E-02  -9.47417557000E-01
  -8.42745910000E-01  -7.38802560000E-01  -6.35572513000E-01  -5.33088815000E-01
  -4.31133378000E-01  -3.29746145000E-01  -2.28846607000E-01  -1.28427794000E-01
  -2.84826945000E-02   7.10166845000E-02   1.70115874000E-01   2.68823977000E-01
   3.67145586000E-01   4.65105797000E-01   5.62715999000E-01   6.60166583000E-01
   7.57459208000E-01   8.54594639000E-01   9.51435270000E-01   1.02200000000E-09
   6.52464985977E+07   1.17416005285E-01  -9.48191020000E-01  -8.44876231000E-01
  -7.42011745000E-01  -6.39591724000E-01  -5.37632883000E-01  -4.36047350000E-01
  -3.34880786000E-01  -2.34097532000E-01  -1.33693266000E-01  -3.36624648000E-02
   6.60146436000E-02   1.65355953000E-01   2.64374222000E-01   3.63072581000E-01
   4.61461975000E-01   5.59854179000E-01   6.57962693000E-01   7.55984558000E-01
   8.53920001000E-01   9.49432997000E-01   1.08525000000E-09   6.34648886360E+07
   1.21486502907E-01  -9.48314499000E-01  -8.45250888000E-01  -7.42643775000E-01
  -6.40487146000E-01  -5.38790989000E-01  -4.37471256000E-01  -3.36506179000E-01
  -2.35861707000E-01  -1.35534807000E-01  -3.55217327000E-02   6.41994870000E-02
   1.63660914000E-01   2.62873648000E-01   3.61839546000E-01   4.60575224000E-01
   5.59056852000E-01   6.57361871000E-01   7.55484927000E-01   8.53427026000E-01
   9.51079989000E-01   1.14850000000E-09   6.18208486714E+07   1.25448664349E-01
  -9.48367324000E-01  -8.45445180000E-01  -7.43032124000E-01  -6.41120676000E-01
  -5.39715271000E-01  -4.38721900000E-01  -3.38043131000E-01  -2.37639956000E-01
  -1.37510124000E-01  -3.76510033000E-02   6.19625223000E-02   1.61378585000E-01
   2.60608282000E-01   3.59652658000E-01   4.58519438000E-01   5.57210481000E-01
   6.55793106000E-01   7.54269996000E-01   8.52641491000E-01   9.50842595000E-01
   1.27500000000E-09   5.88846387345E+07   1.33083286427E-01  -9.48504039000E-01
  -8.45784821000E-01  -7.43471031000E-01  -6.41557906000E-01  -5.40055971000E-01
  -4.38908525000E-01  -3.38153860000E-01  -2.37767956000E-01  -1.37746794000E-01
  -3.80860285000E-02   6.12753017000E-02   1.60472904000E-01   2.59529778000E-01
   3.58446520000E-01   4.57223214000E-01   5.55864825000E-01   6.54524387000E-01
   7.53195096000E-01   8.51876955000E-01   9.50802657000E-01   1.33825000000E-09
   5.75377687634E+07   1.36765145065E-01  -9.48628092000E-01  -8.46122758000E-01
  -7.43972359000E-01  -6.42173235000E-01  -5.40733375000E-01  -4.39606490000E-01
  -3.38813343000E-01  -2.38334276000E-01  -1.38166371000E-01  -3.83063408000E-02
   6.12730581000E-02   1.60624264000E-01   2.59759733000E-01   3.58680865000E-01
   4.57386382000E-01   5.55789433000E-01   6.54323635000E-01   7.52910322000E-01
   8.51549577000E-01   9.51527622000E-01   1.36987500000E-09   5.69152187768E+07
   1.38574932930E-01  -9.48683844000E-01  -8.46274730000E-01  -7.44197967000E-01
  -6.42450341000E-01  -5.41038809000E-01  -4.39921152000E-01  -3.39110444000E-01
  -2.38588686000E-01  -1.38353405000E-01  -3.84017477000E-02   6.12784020000E-02
   1.60701902000E-01   2.59876486000E-01   3.58804013000E-01   4.57482878000E-01
   5.55796324000E-01   6.54279549000E-01   7.52829588000E-01   8.51446576000E-01
   9.51783132000E-01   1.40150000000E-09   5.62810887904E+07   1.40364849543E-01
  -9.48772709000E-01  -8.46526945000E-01  -7.44592267000E-01  -6.42965853000E-01
  -5.41653238000E-01  -4.40617413000E-01  -3.39862571000E-01  -2.39372674000E-01
  -1.39145644000E-01  -3.91791079000E-02   6.05393662000E-02   1.60028327000E-01
   2.59295107000E-01   3.58341187000E-01   4.57166998000E-01   5.55767993000E-01
   6.54410902000E-01   7.53076017000E-01   8.51763353000E-01   9.50993564000E-01
   1.52800000000E-09   5.39853688398E+07   1.47339202989E-01  -9.49047784000E-01
  -8.47319190000E-01  -7.45852823000E-01  -6.44646668000E-01  -5.43702523000E-01
  -4.42991379000E-01  -3.42479273000E-01  -2.42151943000E-01  -1.42008372000E-01
  -4.20474502000E-02   5.77449232000E-02   1.57401184000E-01   2.56928528000E-01
   3.56327456000E-01   4.55601636000E-01   5.54985250000E-01   6.54135018000E-01
   7.53209228000E-01   8.52208052000E-01   9.49207309000E-01   1.59125000000E-09
   5.28850488634E+07   1.50718979948E-01  -9.49042309000E-01  -8.47338631000E-01
  -7.45950298000E-01  -6.44874394000E-01  -5.44110872000E-01  -4.43615847000E-01
  -3.43298127000E-01  -2.43134394000E-01  -1.43123940000E-01  -4.32660085000E-02
   5.65031626000E-02   1.56215980000E-01   2.55837462000E-01   3.55367859000E-01
   4.54579237000E-01   5.53942398000E-01   6.53208671000E-01   7.52445077000E-01
   8.51651645000E-01   9.48235791000E-01   1.62287500000E-09   5.23687088745E+07
   1.52383304993E-01  -9.49033991000E-01  -8.47331484000E-01  -7.45970645000E-01
  -6.44948054000E-01  -5.44262814000E-01  -4.43863841000E-01  -3.43633510000E-01
  -2.43544054000E-01  -1.43594883000E-01  -4.37853632000E-02   5.59395446000E-02
   1.55616945000E-01   2.55220044000E-01   3.54749008000E-01   4.54017684000E-01
   5.53367289000E-01   6.52682487000E-01   7.51988755000E-01   8.51286096000E-01
   9.48851950000E-01   1.65450000000E-09   5.18530388856E+07   1.54031311379E-01
  -9.49036894000E-01  -8.47336328000E-01  -7.45971717000E-01  -6.44939753000E-01
  -5.44240009000E-01  -4.43825517000E-01  -3.43595981000E-01  -2.43526198000E-01
  -1.43615406000E-01  -4.38628062000E-02   5.57860535000E-02   1.55391847000E-01
   2.54938986000E-01   3.54427574000E-01   4.53709884000E-01   5.53007145000E-01
   6.52328471000E-01   7.51660488000E-01   8.51003200000E-01   9.49441466000E-01
   1.78100000000E-09   4.99245289270E+07   1.60468742543E-01  -9.49071612000E-01
  -8.47397119000E-01  -7.45994405000E-01  -6.44861304000E-01  -5.44000326000E-01
  -4.43390349000E-01  -3.43032609000E-01  -2.42917292000E-01  -1.43042649000E-01
  -4.34068880000E-02   5.60585866000E-02   1.55479119000E-01   2.54858309000E-01
   3.54196210000E-01   4.53386517000E-01   5.52400030000E-01   6.51626444000E-01
   7.50928281000E-01   8.50305711000E-01   9.50826458000E-01   1.90750000000E-09
   4.81244189657E+07   1.66670338497E-01  -9.49195556000E-01  -8.47730389000E-01
  -7.46479779000E-01  -6.45442370000E-01  -5.44619765000E-01  -4.43994796000E-01
  -3.43556240000E-01  -2.43295656000E-01  -1.43212099000E-01  -4.33045625000E-02
   5.64356845000E-02   1.56027603000E-01   2.55476244000E-01   3.54782224000E-01
   4.53943047000E-01   5.53023341000E-01   6.52174096000E-01   7.51426575000E-01
   8.50781090000E-01   9.50228526000E-01   2.03400000000E-09   4.64686090013E+07
   1.72653347516E-01  -9.49379674000E-01  -8.48253081000E-01  -7.47296928000E-01
  -6.46510355000E-01  -5.45893959000E-01  -4.45433859000E-01  -3.45106915000E-01
  -2.44905312000E-01  -1.44828583000E-01  -4.48762340000E-02   5.50049449000E-02
   1.54837352000E-01   2.54587467000E-01   3.54255495000E-01   4.53636372000E-01
   5.53155075000E-01   6.52584330000E-01   7.51985961000E-01   8.51359991000E-01
   9.48359093000E-01   2.16050000000E-09   4.49156790347E+07   1.78433403735E-01
  -9.49574749000E-01  -8.48815918000E-01  -7.48194170000E-01  -6.47708949000E-01
  -5.47360271000E-01  -4.47301168000E-01  -3.47084429000E-01  -2.46951206000E-01
  -1.46901288000E-01  -4.69357037000E-02   5.28924933000E-02   1.52697988000E-01
   2.52472640000E-01   3.52216480000E-01   4.51851769000E-01   5.51451752000E-01
   6.51108120000E-01   7.50785441000E-01   8.50483728000E-01   9.48447669000E-01
   2.22375000000E-09   4.42080690499E+07   1.81251942268E-01  -9.49646562000E-01
  -8.49025249000E-01  -7.48531915000E-01  -6.48166072000E-01  -5.47927595000E-01
  -4.47936731000E-01  -3.47821553000E-01  -2.47773418000E-01  -1.47792190000E-01
  -4.78784106000E-02   5.19195089000E-02   1.51704903000E-01   2.51480705000E-01
   3.51246919000E-01   4.50978669000E-01   5.50586678000E-01   6.50328758000E-01
   7.50118057000E-01   8.49954642000E-01   9.49496264000E-01   2.28700000000E-09
   4.35297790645E+07   1.84026651714E-01  -9.49632278000E-01  -8.49002516000E-01
  -7.48530719000E-01  -6.48216144000E-01  -5.48058321000E-01  -4.48143284000E-01
  -3.48136369000E-01  -2.48183174000E-01  -1.48283613000E-01  -4.84379862000E-02
   5.13092965000E-02   1.51052528000E-01   2.50804403000E-01   3.50564924000E-01
   4.50354724000E-01   5.49942692000E-01   6.49733655000E-01   7.49595223000E-01
   8.49527547000E-01   9.50407166000E-01   2.35025000000E-09   4.28863890783E+07
   1.86759563032E-01  -9.49617062000E-01  -8.48974437000E-01  -7.48515928000E-01
  -6.48240528000E-01  -5.48147444000E-01  -4.48295921000E-01  -3.48377818000E-01
  -2.48503270000E-01  -1.48672219000E-01  -4.88848208000E-02   5.08173479000E-02
   1.50522298000E-01   2.50251104000E-01   3.50003785000E-01   4.49839061000E-01
   5.49404727000E-01   6.49233506000E-01   7.49153372000E-01   8.49164574000E-01
   9.51167345000E-01   2.36606250000E-09   4.27294090817E+07   1.87436462936E-01
  -9.49614195000E-01  -8.48968510000E-01  -7.48510921000E-01  -6.48240377000E-01
  -5.48156038000E-01  -4.48315883000E-01  -3.48410225000E-01  -2.48547875000E-01
  -1.48728778000E-01  -4.89530717000E-02   5.07367806000E-02   1.50430638000E-01
   2.50151683000E-01   3.49899939000E-01   4.49742483000E-01   5.49300096000E-01
   6.49134477000E-01   7.49064605000E-01   8.49090756000E-01   9.51302494000E-01
   2.38187500000E-09   4.25696690851E+07   1.88110858773E-01  -9.49615355000E-01
  -8.48968563000E-01  -7.48504769000E-01  -6.48222978000E-01  -5.48122451000E-01
  -4.48280736000E-01  -3.48354410000E-01  -2.48480008000E-01  -1.48657448000E-01
  -4.88868980000E-02   5.07815422000E-02   1.50453988000E-01   2.50156760000E-01
   3.49889886000E-01   4.49728309000E-01   5.49568057000E-01   6.49497843000E-01
   7.49528289000E-01   8.49659700000E-01   9.49466446000E-01   2.41350000000E-09
   4.22559890919E+07   1.89452164493E-01  -9.49617577000E-01  -8.48968534000E-01
  -7.48492522000E-01  -6.48188652000E-01  -5.48056380000E-01  -4.48210900000E-01
  -3.48244065000E-01  -2.48345728000E-01  -1.48515747000E-01  -4.87543508000E-02
   5.08738766000E-02   1.50506025000E-01   2.50174212000E-01   3.49878475000E-01
   4.49708097000E-01   5.49536848000E-01   6.49463593000E-01   7.49499438000E-01
   8.49644739000E-01   9.49259201000E-01   2.54000000000E-09   4.10610391175E+07
   1.94721966527E-01  -9.49638571000E-01  -8.49006855000E-01  -7.48511436000E-01
  -6.48151762000E-01  -5.47927859000E-01  -4.47832207000E-01  -3.47848408000E-01
  -2.47971525000E-01  -1.48201215000E-01  -4.85371333000E-02   5.10311972000E-02
   1.50598221000E-01   2.50200890000E-01   3.49839242000E-01   4.49601335000E-01
   5.49368555000E-01   6.49256152000E-01   7.49279224000E-01   8.49438323000E-01
   9.50453606000E-01   2.61906250000E-09   4.03076391337E+07   1.97938572089E-01
  -9.49684005000E-01  -8.49128837000E-01  -7.48688609000E-01  -6.48362927000E-01
  -5.48151799000E-01  -4.48212305000E-01  -3.48112979000E-01  -2.48096439000E-01
  -1.48162479000E-01  -4.83115340000E-02   5.13941716000E-02   1.51086771000E-01
   2.50774070000E-01   3.50456070000E-01   4.50117455000E-01   5.49816461000E-01
   6.49639992000E-01   7.49610239000E-01   8.49727854000E-01   9.48240231000E-01
   2.65859380000E-09   3.99487991414E+07   1.99524892758E-01  -9.49705690000E-01
  -8.49187384000E-01  -7.48774302000E-01  -6.48466112000E-01  -5.48262814000E-01
  -4.48298730000E-01  -3.48197787000E-01  -2.48168190000E-01  -1.48209789000E-01
  -4.83229874000E-02   5.14441526000E-02   1.51193106000E-01   2.50919124000E-01
   3.50622222000E-01   4.50242878000E-01   5.49914889000E-01   6.49712469000E-01
   7.49660689000E-01   8.49760231000E-01   9.48132769000E-01   2.67835940000E-09
   3.97734491452E+07   2.00312771794E-01  -9.49716324000E-01  -8.49216196000E-01
  -7.48816678000E-01  -6.48816237000E-01  -5.48268566000E-01  -4.48293358000E-01
  -3.48192344000E-01  -2.48157186000E-01  -1.48187754000E-01  -4.82844497000E-02
   5.15113864000E-02   1.51286757000E-01   2.51031162000E-01   3.50744631000E-01
   4.50347539000E-01   5.50008118000E-01   6.49794560000E-01   7.49733181000E-01
   8.49824679000E-01   9.47640060000E-01   2.69812500000E-09   3.95941791491E+07
   2.01097146191E-01  -9.50166843000E-01  -8.49604033000E-01  -7.49137774000E-01
  -6.48767787000E-01  -5.48256752000E-01  -4.48287620000E-01  -3.48203446000E-01
  -2.48179770000E-01  -1.48216484000E-01  -4.83139560000E-02   5.14887875000E-02
   1.51273914000E-01   2.51033764000E-01   3.50768356000E-01   4.50412373000E-01
   5.50107407000E-01   6.49919054000E-01   7.49871110000E-01   8.49964168000E-01
   9.46573639000E-01   2.77718750000E-09   3.89038491639E+07   2.04200271372E-01
  -9.50165018000E-01  -8.49749055000E-01  -7.49413319000E-01  -6.49157619000E-01
  -5.48783936000E-01  -4.48841115000E-01  -3.48823062000E-01  -2.48845690000E-01
  -1.48908947000E-01  -4.90129681000E-02   5.08107855000E-02   1.50628250000E-01
   2.50443878000E-01   3.50257672000E-01   4.50063703000E-01   5.49606821000E-01
   6.49421783000E-01   7.49332044000E-01   8.49337876000E-01   9.49394716000E-01
   2.81671880000E-09   3.85739091710E+07   2.05731669626E-01  -9.50166618000E-01
  -8.49814560000E-01  -7.49536154000E-01  -6.49331240000E-01  -5.49017705000E-01
  -4.49088105000E-01  -3.49101387000E-01  -2.49146424000E-01  -1.49223185000E-01
  -4.93317328000E-02   5.04999670000E-02   1.50330505000E-01   2.50170024000E-01
   3.50018528000E-01   4.49897497000E-01   5.49559174000E-01   6.49439200000E-01
   7.49395317000E-01   8.49427701000E-01   9.49529745000E-01   2.83648440000E-09
   3.84115191745E+07   2.06492501218E-01  -9.50177636000E-01  -8.49838520000E-01
  -7.49574024000E-01  -6.49383981000E-01  -5.49083833000E-01  -4.49162669000E-01
  -3.49193550000E-01  -2.49251972000E-01  -1.49337912000E-01  -4.94514116000E-02
   5.03812440000E-02   1.50215176000E-01   2.50063266000E-01   3.49925520000E-01
   4.49836531000E-01   5.49551044000E-01   6.49459418000E-01   7.49435071000E-01
   8.49478139000E-01   9.49527922000E-01   2.84636720000E-09   3.83311891762E+07
   2.06871717637E-01  -9.50183053000E-01  -8.49850255000E-01  -7.49592556000E-01
  -6.49409788000E-01  -5.49116179000E-01  -4.49199198000E-01  -3.49238712000E-01
  -2.49303724000E-01  -1.49394213000E-01  -4.95102130000E-02   5.03228081000E-02
   1.50158292000E-01   2.50010463000E-01   3.49879330000E-01   4.49805894000E-01
   5.49545825000E-01   6.49467960000E-01   7.49453173000E-01   8.49501586000E-01
   9.49528421000E-01   2.85130860000E-09   3.82912291771E+07   2.07061028646E-01
  -9.50185737000E-01  -8.49856061000E-01  -7.49601723000E-01  -6.49422554000E-01
  -5.49132177000E-01  -4.49217280000E-01  -3.49261069000E-01  -2.49329350000E-01
  -1.49422103000E-01  -4.95393592000E-02   5.02938163000E-02   1.50130039000E-01
   2.49984200000E-01   3.49856307000E-01   4.49790530000E-01   5.49542917000E-01
   6.49471827000E-01   7.49461770000E-01   8.49512857000E-01   9.49529041000E-01
   2.85625000000E-09   3.82507291779E+07   2.07250140862E-01  -9.50189292000E-01
  -8.49864501000E-01  -7.49615282000E-01  -6.49441466000E-01  -5.49156075000E-01
  -4.49245032000E-01  -3.49294845000E-01  -2.49368154000E-01  -1.49464941000E-01
  -4.95852298000E-02   5.02463059000E-02   1.50081463000E-01   2.49935797000E-01
   3.49809319000E-01   4.49749304000E-01   5.49504371000E-01   6.49438374000E-01
   7.49434204000E-01   8.49491979000E-01   9.49575581000E-01   2.87601570000E-09
   3.80894791814E+07   2.08004599691E-01  -9.50204160000E-01  -8.49900319000E-01
  -7.49672977000E-01  -6.49521959000E-01  -5.49257911000E-01  -4.49363861000E-01
  -3.49439128000E-01  -2.49534011000E-01  -1.49648500000E-01  -4.97825953000E-02
   5.00405561000E-02   1.49869562000E-01   2.49722600000E-01   3.49599690000E-01
   4.49560257000E-01   5.49316135000E-01   6.49268290000E-01   7.49288164000E-01
   8.49375896000E-01   9.49799531000E-01   2.89578130000E-09   3.79305491848E+07
   2.08755890427E-01  -9.50218502000E-01  -8.49934783000E-01  -7.49728465000E-01
  -6.49599370000E-01  -5.49355827000E-01  -4.49478195000E-01  -3.49577982000E-01
  -2.49693680000E-01  -1.49825281000E-01  -4.99727714000E-02   4.98421699000E-02
   1.49665106000E-01   2.49516770000E-01   3.49397187000E-01   4.49377542000E-01
   5.49133979000E-01   6.49103572000E-01   7.49146625000E-01   8.49263302000E-01
   9.50015923000E-01   2.93531250000E-09   3.76193091915E+07   2.10249178708E-01
  -9.50245518000E-01  -8.49999667000E-01  -7.49832920000E-01  -6.49745090000E-01
  -5.49540138000E-01  -4.49693590000E-01  -3.49839569000E-01  -2.49994567000E-01
  -1.50158581000E-01  -5.03315880000E-02   4.94674819000E-02   1.49278553000E-01
   2.49127253000E-01   3.49013627000E-01   4.49031172000E-01   5.48787982000E-01
   6.48790309000E-01   7.48877124000E-01   8.49048639000E-01   9.50426341000E-01
   2.97484380000E-09   3.73163791980E+07   2.11730331297E-01  -9.50270146000E-01
  -8.50059200000E-01  -7.49928867000E-01  -6.49878954000E-01  -5.49709542000E-01
  -4.49891690000E-01  -3.50079982000E-01  -2.50271098000E-01  -1.50465039000E-01
  -5.06617933000E-02   4.91221836000E-02   1.48921806000E-01   2.48767301000E-01
   3.48658731000E-01   4.48710286000E-01   5.48466507000E-01   6.48498716000E-01
   7.48625820000E-01   8.48848087000E-01   9.50807540000E-01   3.01437500000E-09
   3.70172192044E+07   2.13199579469E-01  -9.50257219000E-01  -8.50089262000E-01
  -7.49994503000E-01  -6.49972780000E-01  -5.49842355000E-01  -4.50038745000E-01
  -3.50233619000E-01  -2.50434372000E-01  -1.50641004000E-01  -5.08534822000E-02
   4.89068885000E-02   1.48684986000E-01   2.48516519000E-01   3.48401573000E-01
   4.48473353000E-01   5.48530526000E-01   6.48684743000E-01   7.48944103000E-01
   8.49308938000E-01   9.49278602000E-01   3.09343750000E-09   3.64406092168E+07
   2.16103459249E-01  -9.50229204000E-01  -8.50138430000E-01  -7.50106522000E-01
  -6.50133378000E-01  -5.50072523000E-01  -4.50292053000E-01  -3.50493603000E-01
  -2.50707673000E-01  -1.50934258000E-01  -5.11732714000E-02   4.85444457000E-02
   1.48283208000E-01   2.48088487000E-01   3.47960414000E-01   4.48065151000E-01
   5.48149716000E-01   6.48348245000E-01   7.48669650000E-01   8.49114384000E-01
   9.49596714000E-01   3.17250000000E-09   3.58871792287E+07   2.18962667136E-01
  -9.50206783000E-01  -8.50189611000E-01  -7.50218578000E-01  -6.50293622000E-01
  -5.50299697000E-01  -4.50531183000E-01  -3.50743424000E-01  -2.50967876000E-01
  -1.51204537000E-01  -5.14533036000E-02   4.82538730000E-02   1.47983381000E-01
   2.47783654000E-01   3.47654841000E-01   4.47773753000E-01   5.47872498000E-01
   6.48098565000E-01   7.48462547000E-01   8.48965014000E-01   9.49864978000E-01
   3.48875000000E-09   3.37966392737E+07   2.29981420937E-01  -9.50271867000E-01
  -8.50408119000E-01  -7.50587949000E-01  -6.50811300000E-01  -5.50969141000E-01
  -4.51242595000E-01  -3.51595139000E-01  -2.51914471000E-01  -1.52200555000E-01
  -5.24537865000E-02   4.73311759000E-02   1.47145978000E-01   2.47035169000E-01
   3.46998918000E-01   4.47223082000E-01   5.47422580000E-01   6.47741948000E-01
   7.48189800000E-01   8.48766631000E-01   9.50764192000E-01   3.56781250000E-09
   3.33131492840E+07   2.32634354766E-01  -9.50357911000E-01  -8.50441653000E-01
  -7.50593016000E-01  -6.50811862000E-01  -5.50929380000E-01  -4.51245444000E-01
  -3.51664489000E-01  -2.52041089000E-01  -1.52375191000E-01  -5.26673346000E-02
   4.70923767000E-02   1.46886985000E-01   2.46767366000E-01   3.46733743000E-01
   4.47000757000E-01   5.47235762000E-01   6.47594210000E-01   7.48083376000E-01
   8.48703770000E-01   9.50683670000E-01   3.64687500000E-09   3.28362692943E+07
   2.35249323969E-01  -9.50331310000E-01  -8.50414069000E-01  -7.50558867000E-01
  -6.50765587000E-01  -5.50879322000E-01  -4.51204705000E-01  -3.51595342000E-01
  -2.51960468000E-01  -1.52300062000E-01  -5.26144580000E-02   4.70884715000E-02
   1.46827057000E-01   2.46661783000E-01   3.46592930000E-01   4.46861445000E-01
   5.47093370000E-01   6.47461215000E-01   7.47972710000E-01   8.48628474000E-01
   9.50637384000E-01   3.80500000000E-09   3.19264293139E+07   2.40369624828E-01
  -9.50214443000E-01  -8.50344675000E-01  -7.50506852000E-01  -6.50700943000E-01
  -5.50847005000E-01  -4.51151864000E-01  -3.51441203000E-01  -2.51740022000E-01
  -1.52048320000E-01  -5.23659712000E-02   4.73173248000E-02   1.47085767000E-01
   2.46956889000E-01   3.46931011000E-01   4.47007594000E-01   5.47201083000E-01
   6.47550649000E-01   7.48066679000E-01   8.48750001000E-01   9.48774228000E-01
   3.96312500000E-09   3.10296993331E+07   2.45347093749E-01  -9.50151343000E-01
  -8.50351357000E-01  -7.50562347000E-01  -6.50784309000E-01  -5.50989702000E-01
  -4.51212806000E-01  -3.51467319000E-01  -2.51708169000E-01  -1.51935352000E-01
  -5.21490149000E-02   4.76481672000E-02   1.47462888000E-01   2.47323669000E-01
   3.47230575000E-01   4.47297782000E-01   5.47370940000E-01   6.47608237000E-01
   7.48031325000E-01   8.48641243000E-01   9.50419692000E-01   4.12125000000E-09
   3.01801093514E+07   2.50186494248E-01  -9.50135040000E-01  -8.50487275000E-01
  -7.50830739000E-01  -6.51165432000E-01  -5.51513435000E-01  -4.51744573000E-01
  -3.52052665000E-01  -2.52324756000E-01  -1.52560806000E-01  -5.27612896000E-02
   4.70850580000E-02   1.46957923000E-01   2.46894207000E-01   3.46894030000E-01
   4.47115480000E-01   5.47319701000E-01   6.47642169000E-01   7.48093110000E-01
   8.48673019000E-01   9.51555264000E-01   4.20031250000E-09   2.97790793600E+07
   2.52556755927E-01  -9.50132948000E-01  -8.50566781000E-01  -7.50982702000E-01
  -6.51380701000E-01  -5.51805985000E-01  -4.52051230000E-01  -3.52395187000E-01
  -2.52692531000E-01  -1.52943196000E-01  -5.31478743000E-02   4.67103768000E-02
   1.46600612000E-01   2.46566442000E-01   3.46608037000E-01   4.46914247000E-01
   5.47190482000E-01   6.47567422000E-01   7.48049977000E-01   8.48638479000E-01
   9.52147862000E-01   4.27937500000E-09   2.93883693684E+07   2.54895719134E-01
  -9.50142807000E-01  -8.50676385000E-01  -7.51183540000E-01  -6.51664253000E-01
  -5.52185370000E-01  -4.52466962000E-01  -3.52868092000E-01  -2.53212527000E-01
  -1.53500170000E-01  -5.37320137000E-02   4.61145630000E-02   1.45998195000E-01
   2.45969177000E-01   3.46027737000E-01   4.46392268000E-01   5.46721562000E-01
   6.47164929000E-01   7.47727610000E-01   8.48410031000E-01   9.52638820000E-01
   4.43750000000E-09   2.86557893841E+07   2.59484835436E-01  -9.50163311000E-01
  -8.50876793000E-01  -7.51549126000E-01  -6.52180261000E-01  -5.52770144000E-01
  -4.53247254000E-01  -3.53752074000E-01  -2.54184462000E-01  -1.54541758000E-01
  -5.48256582000E-02   4.50490768000E-02   1.45027720000E-01   2.45116194000E-01
   3.45314861000E-01   4.45623698000E-01   5.46050327000E-01   6.46616545000E-01
   7.47328331000E-01   8.48186319000E-01   9.51733962000E-01   4.59562500000E-09
   2.79980193983E+07   2.63964027192E-01  -9.50191304000E-01  -8.51062392000E-01
  -7.51881606000E-01  -6.52648864000E-01  -5.53364085000E-01  -4.53946889000E-01
  -3.54551946000E-01  -2.55072042000E-01  -1.55500761000E-01  -5.58378520000E-02
   4.39666753000E-02   1.43944878000E-01   2.44055092000E-01   3.44297840000E-01
   4.44673408000E-01   5.45189972000E-01   6.45873481000E-01   7.46731034000E-01
   8.47763536000E-01   9.52571083000E-01   4.75375000000E-09   2.73737494117E+07
   2.68341857664E-01  -9.50335976000E-01  -8.51088471000E-01  -7.51832406000E-01
  -6.52567778000E-01  -5.53294584000E-01  -4.54015434000E-01  -3.54625215000E-01
  -2.55133730000E-01  -1.55540667000E-01  -5.58457149000E-02   4.39585331000E-02
   1.43901711000E-01   2.43991956000E-01   3.44229918000E-01   4.44615991000E-01
   5.45159402000E-01   6.45889495000E-01   7.46814373000E-01   8.47935170000E-01
   9.49469280000E-01   4.83281250000E-09   2.70722094182E+07   2.70494174474E-01
  -9.50397408000E-01  -8.51068990000E-01  -7.51753679000E-01  -6.52451470000E-01
  -5.53162357000E-01  -4.53841313000E-01  -3.54478805000E-01  -2.55015304000E-01
  -1.55450501000E-01  -5.57840863000E-02   4.39922436000E-02   1.43911786000E-01
   2.43983646000E-01   3.44208522000E-01   4.44586855000E-01   5.45128328000E-01
   6.45863863000E-01   7.46802017000E-01   8.47944015000E-01   9.48961913000E-01
   4.91187500000E-09   2.67682894247E+07   2.72622556694E-01  -9.50336813000E-01
  -8.50966331000E-01  -7.51600542000E-01  -6.52239446000E-01  -5.52883043000E-01
  -4.53365161000E-01  -3.54015955000E-01  -2.54597369000E-01  -1.55106710000E-01
  -5.55438222000E-02   4.41391695000E-02   1.44001966000E-01   2.44020945000E-01
   3.44196839000E-01   4.44530135000E-01   5.45030888000E-01   6.45731514000E-01
   7.46640980000E-01   8.47760592000E-01   9.50783926000E-01   5.07000000000E-09
   2.61789094374E+07   2.76808694604E-01  -9.50226203000E-01  -8.50809453000E-01
  -7.51378771000E-01  -6.51934149000E-01  -5.52475582000E-01  -4.52961485000E-01
  -3.53474567000E-01  -2.53955013000E-01  -1.54402327000E-01  -5.48173093000E-02
   4.48542963000E-02   1.44655876000E-01   2.44607341000E-01   3.44709371000E-01
   4.44962281000E-01   5.45379199000E-01   6.46002307000E-01   7.46842995000E-01
   8.47902682000E-01   9.50199221000E-01   5.22812500000E-09   2.55961294499E+07
   2.80902158616E-01  -9.50170480000E-01  -8.50903219000E-01  -7.51594294000E-01
  -6.52243655000E-01  -5.52851247000E-01  -4.53366764000E-01  -3.53888261000E-01
  -2.54346487000E-01  -1.54738823000E-01  -5.50651403000E-02   4.47128907000E-02
   1.44626101000E-01   2.44646740000E-01   3.44775157000E-01   4.45011312000E-01
   5.45377311000E-01   6.45949239000E-01   7.46746446000E-01   8.47770453000E-01
   9.51726305000E-01   5.38625000000E-09   2.50506494616E+07   2.84906419574E-01
  -9.50161172000E-01  -8.51065048000E-01  -7.51907183000E-01  -6.52687464000E-01
  -5.53405775000E-01  -4.54005660000E-01  -3.54593512000E-01  -2.55097433000E-01
  -1.55510768000E-01  -5.58332690000E-02   4.39829208000E-02   1.43962535000E-01
   2.44062396000E-01   3.44282938000E-01   4.44624342000E-01   5.45100726000E-01
   6.45760431000E-01   7.46616015000E-01   8.47668626000E-01   9.52748225000E-01
   5.70250000000E-09   2.40557094830E+07   2.92671362582E-01  -9.50186922000E-01
  -8.51353752000E-01  -7.52436613000E-01  -6.53435293000E-01  -5.54349576000E-01
  -4.55347678000E-01  -3.55973510000E-01  -2.56478797000E-01  -1.56863098000E-01
  -5.71259705000E-02   4.27384703000E-02   1.42754025000E-01   2.42927627000E-01
   3.43260029000E-01   4.43751875000E-01   5.44410339000E-01   6.45259291000E-01
   7.46305497000E-01   8.47550120000E-01   9.51125530000E-01   6.01875000000E-09
   2.31027395035E+07   3.00128292328E-01  -9.50292130000E-01  -8.51417047000E-01
  -7.52484703000E-01  -6.53494999000E-01  -5.54447836000E-01  -4.55449950000E-01
  -3.56157852000E-01  -2.56733542000E-01  -1.57176488000E-01  -5.74861597000E-02
   4.23437889000E-02   1.42339125000E-01   2.42507499000E-01   3.42849812000E-01
   4.43366901000E-01   5.44066397000E-01   6.44974321000E-01   7.46098139000E-01
   8.47439244000E-01   9.50450239000E-01   6.33500000000E-09   2.22414095220E+07
   3.07298335892E-01  -9.50194733000E-01  -8.51276676000E-01  -7.52285235000E-01
  -6.53220244000E-01  -5.54081542000E-01  -4.54839280000E-01  -3.55542869000E-01
  -2.56165126000E-01  -1.56695737000E-01  -5.71344487000E-02   4.25745829000E-02
   1.42493141000E-01   2.42587018000E-01   3.42857140000E-01   4.43304378000E-01
   5.43938087000E-01   6.44791128000E-01   7.45872766000E-01   8.47184562000E-01
   9.52877376000E-01   6.65125000000E-09   2.14569595389E+07   3.14208140500E-01
  -9.50157272000E-01  -8.51343731000E-01  -7.52437877000E-01  -6.53439450000E-01
  -5.54348192000E-01  -4.55351351000E-01  -3.55956252000E-01  -2.56442439000E-01
  -1.56809484000E-01  -5.70569593000E-02   4.28193939000E-02   1.42836397000E-01
   2.42999020000E-01   3.43307898000E-01   4.43763553000E-01   5.44378478000E-01
   6.45197199000E-01   7.46231627000E-01   8.47483152000E-01   9.51297427000E-01
   6.96750000000E-09   2.07429495542E+07   3.20881001125E-01  -9.50175788000E-01
  -8.51433133000E-01  -7.52594651000E-01  -6.53660063000E-01  -5.54629087000E-01
  -4.55695641000E-01  -3.56343567000E-01  -2.56862324000E-01  -1.57251406000E-01
  -5.75103045000E-02   4.23663030000E-02   1.42399829000E-01   2.42596668000E-01
   3.42957623000E-01   4.43483423000E-01   5.44180519000E-01   6.45070464000E-01
   7.46159472000E-01   8.47448727000E-01   9.51374897000E-01   7.28375000000E-09
   2.00825595684E+07   3.27336534755E-01  -9.50246141000E-01  -8.51392454000E-01
  -7.52469506000E-01  -6.53477154000E-01  -5.54415250000E-01  -4.55418127000E-01
  -3.56091776000E-01  -2.56638459000E-01  -1.57057688000E-01  -5.73489714000E-02
   4.24939520000E-02   1.42496520000E-01   2.42666221000E-01   3.43003895000E-01
   4.43510302000E-01   5.44193004000E-01   6.45077632000E-01   7.46171488000E-01
   8.47475879000E-01   9.50748631000E-01   7.60000000000E-09   1.94582295818E+07
   3.33588922040E-01  -9.50139935000E-01  -8.51258083000E-01  -7.52287417000E-01
  -6.53227697000E-01  -5.54078682000E-01  -4.54835177000E-01  -3.55496230000E-01
  -2.56071799000E-01  -1.56550893000E-01  -5.69332320000E-02   4.28359341000E-02
   1.42803108000E-01   2.42927194000E-01   3.43208935000E-01   4.43648976000E-01
   5.44256487000E-01   6.45063328000E-01   7.46078292000E-01   8.47302673000E-01
   9.53399757000E-01   7.91625000000E-09   1.88733195944E+07   3.39650098253E-01
  -9.50675453000E-01  -8.51939171000E-01  -7.53071716000E-01  -6.54072563000E-01
  -5.54941185000E-01  -4.55677146000E-01  -3.56280331000E-01  -2.56750319000E-01
  -1.57086575000E-01  -5.72885567000E-02   4.26459129000E-02   1.42724422000E-01
   2.42949483000E-01   3.43321742000E-01   4.43841720000E-01   5.44519090000E-01
   6.45387300000E-01   7.46455438000E-01   8.47724698000E-01   9.49196554000E-01
   8.23250000000E-09   1.83560896055E+07   3.45536998583E-01  -9.50753044000E-01
  -8.52170938000E-01  -7.53456138000E-01  -6.54608107000E-01  -5.55626306000E-01
  -4.56506150000E-01  -3.57229009000E-01  -2.57789089000E-01  -1.58185587000E-01
  -5.84176938000E-02   4.15170102000E-02   1.41626498000E-01   2.41913674000E-01
   3.42379489000E-01   4.43024862000E-01   5.43853273000E-01   6.44875018000E-01
   7.46093537000E-01   8.47509984000E-01   9.49125605000E-01   8.54875000000E-09
   1.78908396155E+07   3.51268544266E-01  -9.50803840000E-01  -8.52315248000E-01
  -7.53681767000E-01  -6.54902757000E-01  -5.55977570000E-01  -4.56903184000E-01
  -3.57668191000E-01  -2.58268773000E-01  -1.58704111000E-01  -5.89733784000E-02
   4.09280308000E-02   1.41018085000E-01   2.41302696000E-01   3.41783004000E-01
   4.42460151000E-01   5.43338662000E-01   6.44433004000E-01   7.45747866000E-01
   8.47284700000E-01   9.49044985000E-01   8.86500000000E-09   1.74601296248E+07
   3.56858416277E-01  -9.50791734000E-01  -8.52290869000E-01  -7.53663135000E-01
  -6.54908042000E-01  -5.56025093000E-01  -4.57006887000E-01  -3.57821558000E-01
  -2.58459385000E-01  -1.58919418000E-01  -5.92006996000E-02   4.07001240000E-02
   1.40794945000E-01   2.41088002000E-01   3.41580479000E-01   4.42273568000E-01
   5.43172197000E-01   6.44292465000E-01   7.45639540000E-01   8.47214956000E-01
   9.49020269000E-01   9.49750000000E-09   1.65970796433E+07   3.67629008708E-01
  -9.50691862000E-01  -8.51999905000E-01  -7.53194131000E-01  -6.54274146000E-01
  -5.55239554000E-01  -4.56086577000E-01  -3.56799886000E-01  -2.57374828000E-01
  -1.57810820000E-01  -5.81072803000E-02   4.17427505000E-02   1.41768056000E-01
   2.41977332000E-01   3.42371598000E-01   4.42951848000E-01   5.43725803000E-01
   6.44720309000E-01   7.45943172000E-01   8.47395948000E-01   9.49080285000E-01
   1.01300000000E-08   1.58691596589E+07   3.77896456888E-01  -9.50726804000E-01
  -8.52096025000E-01  -7.53338294000E-01  -6.54453123000E-01  -5.55440015000E-01
  -4.56295891000E-01  -3.57008761000E-01  -2.57574819000E-01  -1.57993412000E-01
  -5.82638827000E-02   4.16192019000E-02   1.41677707000E-01   2.41918427000E-01
   3.42342359000E-01   4.42950479000E-01   5.43748900000E-01   6.44758204000E-01
   7.45984542000E-01   8.47429320000E-01   9.49094031000E-01   1.07625000000E-08
   1.52330696726E+07   3.87732536914E-01  -9.50661365000E-01  -8.51904719000E-01
  -7.53028683000E-01  -6.54032823000E-01  -5.54916702000E-01  -4.55677702000E-01
  -3.56305849000E-01  -2.56798012000E-01  -1.57153632000E-01  -5.73721452000E-02
   4.25500640000E-02   1.42626738000E-01   2.42862141000E-01   3.43257030000E-01
   4.43812051000E-01   5.44531623000E-01   6.45428928000E-01   7.46508031000E-01
   8.47769918000E-01   9.49215825000E-01   1.13950000000E-08   1.46476196852E+07
   3.97182304923E-01  -9.50670406000E-01  -8.51929947000E-01  -7.53067242000E-01
  -6.54081835000E-01  -5.54973268000E-01  -4.55738953000E-01  -3.56369108000E-01
  -2.56860633000E-01  -1.57212948000E-01  -5.74254652000E-02   4.25050061000E-02
   1.42590322000E-01   2.42834240000E-01   3.43237516000E-01   4.43800798000E-01
   5.44528060000E-01   6.45430819000E-01   7.46512719000E-01   8.47774719000E-01
   9.49218017000E-01   1.17112500000E-08   1.43986096906E+07   4.01775239943E-01
  -9.50688743000E-01  -8.51987464000E-01  -7.53167719000E-01  -6.54229081000E-01
  -5.55171119000E-01  -4.55989816000E-01  -3.56668933000E-01  -2.57203533000E-01
  -1.57592985000E-01  -5.78366516000E-02   4.20697570000E-02   1.42142881000E-01
   2.42387926000E-01   3.42805779000E-01   4.43397266000E-01   5.44166349000E-01
   6.45124822000E-01   7.46276482000E-01   8.47622441000E-01   9.49163973000E-01
   1.20275000000E-08   1.41653896956E+07   4.06291922346E-01  -9.50670000000E-01
  -8.51932090000E-01  -7.53077000000E-01  -6.54104312000E-01  -5.55013607000E-01
  -4.55802348000E-01  -3.56460849000E-01  -2.56986064000E-01  -1.57377454000E-01
  -5.76344789000E-02   4.22485101000E-02   1.42294307000E-01   2.42509751000E-01
   3.42895709000E-01   4.43452971000E-01   5.44187877000E-01   6.45121352000E-01
   7.46259515000E-01   8.47603615000E-01   9.49155083000E-01   1.26600000000E-08
   1.37202397051E+07   4.15110752644E-01  -9.50648263000E-01  -8.51866641000E-01
  -7.52967486000E-01  -6.53950375000E-01  -5.54814887000E-01  -4.55558329000E-01
  -3.56170397000E-01  -2.56647887000E-01  -1.56990252000E-01  -5.71969393000E-02
   4.27350694000E-02   1.42816917000E-01   2.43052114000E-01   3.43441365000E-01
   4.43985247000E-01   5.44688031000E-01   6.45562158000E-01   7.46611478000E-01
   8.47836906000E-01   9.49239648000E-01   1.32925000000E-08   1.33164197138E+07
   4.23661096185E-01  -9.50714414000E-01  -8.52058285000E-01  -7.53274349000E-01
  -6.54362108000E-01  -5.55321060000E-01  -4.56147811000E-01  -3.56829038000E-01
  -2.57360561000E-01  -1.57741703000E-01  -5.79717775000E-02   4.19525003000E-02
   1.42043258000E-01   2.42304463000E-01   3.42736990000E-01   4.43341653000E-01
   5.44122524000E-01   6.45091961000E-01   7.46253889000E-01   8.47609411000E-01
   9.49159779000E-01   1.39250000000E-08   1.29671197213E+07   4.31973265532E-01
  -9.50662461000E-01  -8.51913637000E-01  -7.53053916000E-01  -6.54082923000E-01
  -5.55000280000E-01  -4.55801612000E-01  -3.56469000000E-01  -2.56997106000E-01
  -1.57385342000E-01  -5.76331186000E-02   4.22640534000E-02   1.42323736000E-01
   2.42551330000E-01   3.42947681000E-01   4.43513561000E-01   5.44254285000E-01
   6.45186779000E-01   7.46316123000E-01   8.47643472000E-01   9.49170172000E-01
   1.42412500000E-08   1.27882497252E+07   4.36045833325E-01  -9.50615021000E-01
  -8.51777074000E-01  -7.52836909000E-01  -6.53794206000E-01  -5.54648647000E-01
  -4.55395778000E-01  -3.56017363000E-01  -2.56508085000E-01  -1.56867425000E-01
  -5.70948618000E-02   4.28133374000E-02   1.42871450000E-01   2.43083823000E-01
   3.43451172000E-01   4.43974076000E-01   5.44658334000E-01   6.45522130000E-01
   7.46570767000E-01   8.47805267000E-01   9.49226947000E-01   1.45575000000E-08
   1.26177197288E+07   4.40063152245E-01  -9.50621785000E-01  -8.51789959000E-01
  -7.52844748000E-01  -6.53785761000E-01  -5.54612605000E-01  -4.55323137000E-01
  -3.55909403000E-01  -2.56368896000E-01  -1.56701132000E-01  -5.69056200000E-02
   4.30211632000E-02   1.43092627000E-01   2.43312830000E-01   3.43682435000E-01
   4.44201948000E-01   5.44875735000E-01   6.45716258000E-01   7.46727362000E-01
   8.47909913000E-01   9.49265127000E-01   1.51900000000E-08   1.23129597354E+07
   4.47947479626E-01  -9.50669527000E-01  -8.51925763000E-01  -7.53057420000E-01
  -6.54064024000E-01  -5.54945100000E-01  -4.55698163000E-01  -3.56313953000E-01
  -2.56789507000E-01  -1.57124229000E-01  -5.73175193000E-02   4.26328002000E-02
   1.42734129000E-01   2.42988976000E-01   3.43398052000E-01   4.43961938000E-01
   5.44683654000E-01   6.45570955000E-01   7.46626512000E-01   8.47851170000E-01
   9.49246044000E-01   1.64550000000E-08   1.17804797468E+07   4.63186580098E-01
  -9.50563884000E-01  -8.51623163000E-01  -7.52579471000E-01  -6.53432485000E-01
  -5.54181882000E-01  -4.54826140000E-01  -3.55359838000E-01  -2.55781252000E-01
  -1.56090000000E-01  -5.62856992000E-02   4.36357418000E-02   1.43690202000E-01
   2.43882249000E-01   3.44212453000E-01   4.44681152000E-01   5.45292936000E-01
   6.46060321000E-01   7.46987135000E-01   8.48074136000E-01   9.49322561000E-01
   1.70875000000E-08   1.15441797519E+07   4.70563003665E-01  -9.50556816000E-01
  -8.51599495000E-01  -7.52535486000E-01  -6.53364443000E-01  -5.54086018000E-01
  -4.54698861000E-01  -3.55198363000E-01  -2.55583005000E-01  -1.55852390000E-01
  -5.60061164000E-02   4.39573635000E-02   1.44043198000E-01   2.44253059000E-01
   3.44587411000E-01   4.45046449000E-01   5.45633911000E-01   6.46358865000E-01
   7.47224228000E-01   8.48230589000E-01   9.49379089000E-01   1.77200000000E-08
   1.13233797566E+07   4.77794869359E-01  -9.50096195000E-01  -8.51622928000E-01
  -7.52550667000E-01  -6.53378843000E-01  -5.54107155000E-01  -4.54733028000E-01
  -3.55246498000E-01  -2.55644618000E-01  -1.55926986000E-01  -5.60931993000E-02
   4.38589957000E-02   1.43937672000E-01   2.44145294000E-01   3.44482362000E-01
   4.44949129000E-01   5.45548089000E-01   6.46283883000E-01   7.47158373000E-01
   8.48172133000E-01   9.49825950000E-01   1.89850000000E-08   1.09261897652E+07
   4.91867722082E-01  -9.50076886000E-01  -8.51078543000E-01  -7.51990252000E-01
  -6.52811770000E-01  -5.53542850000E-01  -4.54170170000E-01  -3.54865457000E-01
  -2.55214530000E-01  -1.55462720000E-01  -5.56097186000E-02   4.43462610000E-02
   1.44411578000E-01   2.44588135000E-01   3.44876304000E-01   4.45276170000E-01
   5.45792176000E-01   6.46435916000E-01   7.47210845000E-01   8.48117476000E-01
   9.51923439000E-01   1.96175000000E-08   1.07416197691E+07   4.98720166847E-01
  -9.50082096000E-01  -8.51088897000E-01  -7.52006317000E-01  -6.52834113000E-01
  -5.53572042000E-01  -4.54402493000E-01  -3.54858813000E-01  -2.55213233000E-01
  -1.55465439000E-01  -5.56151156000E-02   4.43398248000E-02   1.44406953000E-01
   2.44588497000E-01   3.44884849000E-01   4.45296121000E-01   5.45825484000E-01
   6.46479840000E-01   7.47261540000E-01   8.48171068000E-01   9.51474652000E-01
   2.02500000000E-08   1.05687597729E+07   5.05459574377E-01  -9.50088362000E-01
  -8.51044516000E-01  -7.51917951000E-01  -6.52708459000E-01  -5.53415832000E-01
  -4.54015974000E-01  -3.54549411000E-01  -2.54992720000E-01  -1.55338471000E-01
  -5.55863765000E-02   4.43123085000E-02   1.44371520000E-01   2.44541567000E-01
   3.44822817000E-01   4.45215379000E-01   5.45722620000E-01   6.46352533000E-01
   7.47107678000E-01   8.47988525000E-01   9.53530438000E-01   2.15150000000E-08
   1.02397197799E+07   5.18620937694E-01  -9.50072621000E-01  -8.50967849000E-01
  -7.51783431000E-01  -6.52519177000E-01  -5.53174893000E-01  -4.53733448000E-01
  -3.54223194000E-01  -2.54628011000E-01  -1.54942270000E-01  -5.51657234000E-02
   4.47468025000E-02   1.44806844000E-01   2.44968205000E-01   3.45231194000E-01
   4.45595820000E-01   5.46065140000E-01   6.46645594000E-01   7.47339359000E-01
   8.48146820000E-01   9.53350233000E-01   2.27800000000E-08   9.93892578640E+06
   5.31383931015E-01  -9.50064468000E-01  -8.50876994000E-01  -7.51616867000E-01
  -6.52283926000E-01  -5.52878011000E-01  -4.53383685000E-01  -3.53827909000E-01
  -2.54193889000E-01  -1.54477972000E-01  -5.46819101000E-02   4.52391132000E-02
   1.45201976000E-01   2.45255785000E-01   3.45400789000E-01   4.45864218000E-01
   5.46287260000E-01   6.46811995000E-01   7.47440683000E-01   8.48173647000E-01
   9.54310108000E-01   2.40450000000E-08   9.65825879243E+06   5.43779150261E-01
  -9.50060520000E-01  -8.50809498000E-01  -7.51491695000E-01  -6.52106976000E-01
  -5.52655207000E-01  -4.53120983000E-01  -3.53532513000E-01  -2.53871002000E-01
  -1.54134085000E-01  -5.43232508000E-02   4.56020310000E-02   1.45566263000E-01
   2.45615069000E-01   3.45748664000E-01   4.46178309000E-01   5.46287025000E-01
   6.46676579000E-01   7.47161390000E-01   8.47741731000E-01   9.55690346000E-01
   2.53100000000E-08   9.39288979813E+06   5.55829001745E-01  -9.50056110000E-01
  -8.50737326000E-01  -7.51357990000E-01  -6.51917989000E-01  -5.52417213000E-01
  -4.52841530000E-01  -3.53217826000E-01  -2.53527260000E-01  -1.53768660000E-01
  -5.39432554000E-02   4.59844944000E-02   1.45948132000E-01   2.45989924000E-01
   3.46110051000E-01   4.46503694000E-01   5.46602517000E-01   6.46959048000E-01
   7.47402888000E-01   8.47934266000E-01   9.55193647000E-01   2.65750000000E-08
   9.14000780357E+06   5.67551059478E-01  -9.50056154000E-01  -8.50687576000E-01
  -7.51263727000E-01  -6.51784513000E-01  -5.52249843000E-01  -4.52640973000E-01
  -3.52994744000E-01  -2.53284470000E-01  -1.53509688000E-01  -5.36714771000E-02
   4.62641186000E-02   1.46233283000E-01   2.46274742000E-01   3.46388653000E-01
   4.46755506000E-01   5.46850583000E-01   6.47183073000E-01   7.47595930000E-01
   8.48089347000E-01   9.54808715000E-01   2.78400000000E-08   8.89729680878E+06
   5.78959654645E-01  -9.50048541000E-01  -8.50634673000E-01  -7.51168712000E-01
  -6.51650573000E-01  -5.52212361000E-01  -4.52416861000E-01  -3.52741652000E-01
  -2.53007375000E-01  -1.53213925000E-01  -5.33622102000E-02   4.65786454000E-02
   1.46550358000E-01   2.46588227000E-01   3.46692384000E-01   4.47027926000E-01
   5.47108743000E-01   6.47412909000E-01   7.47792728000E-01   8.48248372000E-01
   9.54233905000E-01   2.91050000000E-08   8.66303781382E+06   5.90066566294E-01
  -9.50047663000E-01  -8.50586305000E-01  -7.51077703000E-01  -6.51521789000E-01
  -5.52032524000E-01  -4.52230937000E-01  -3.52531388000E-01  -2.52778115000E-01
  -1.52971031000E-01  -5.31106346000E-02   4.68263559000E-02   1.46798550000E-01
   2.46832388000E-01   3.46927985000E-01   4.47167647000E-01   5.47306728000E-01
   6.47592447000E-01   7.47946844000E-01   8.48370061000E-01   9.54055829000E-01
   3.03700000000E-08   8.43656381868E+06   6.00882064327E-01  -9.50050089000E-01
  -8.50549300000E-01  -7.51156024000E-01  -6.51384805000E-01  -5.51756072000E-01
  -4.52175084000E-01  -3.52327739000E-01  -2.52557400000E-01  -1.52762207000E-01
  -5.28380875000E-02   4.70853240000E-02   1.47116238000E-01   2.47117708000E-01
   3.47205869000E-01   4.47353176000E-01   5.47736258000E-01   6.47838394000E-01
   7.48164065000E-01   8.48554450000E-01   9.53156679000E-01   3.16350000000E-08
   8.21649082341E+06   6.11415121388E-01  -9.50040531000E-01  -8.50502585000E-01
  -7.50924005000E-01  -6.51304741000E-01  -5.51726445000E-01  -4.51916479000E-01
  -3.52172908000E-01  -2.52383939000E-01  -1.52564812000E-01  -5.26519837000E-02
   4.72758778000E-02   1.47253532000E-01   2.47315097000E-01   3.47362105000E-01
   4.47493958000E-01   5.47682220000E-01   6.47972354000E-01   7.48219219000E-01
   8.48581544000E-01   9.53501164000E-01   3.29000000000E-08   8.00240682802E+06
   6.21673574152E-01  -9.50041711000E-01  -8.50473860000E-01  -7.50868805000E-01
  -6.51226506000E-01  -5.51640938000E-01  -4.51796141000E-01  -3.52041777000E-01
  -2.52243058000E-01  -1.52399925000E-01  -5.25128844000E-02   4.74403851000E-02
   1.47417259000E-01   2.47444399000E-01   3.47521881000E-01   4.47775041000E-01
   5.47837737000E-01   6.48066976000E-01   7.48352476000E-01   8.48694331000E-01
   9.53144932000E-01   3.41650000000E-08   7.79389683250E+06   6.31664736217E-01
  -9.50035300000E-01  -8.50439819000E-01  -7.50808705000E-01  -6.51141918000E-01
  -5.51529414000E-01  -4.51672499000E-01  -3.51898404000E-01  -2.52083551000E-01
  -1.52227889000E-01  -5.23318515000E-02   4.76249883000E-02   1.47603512000E-01
   2.47628061000E-01   3.47698699000E-01   4.47930139000E-01   5.47980333000E-01
   6.48190002000E-01   7.48453630000E-01   8.48771304000E-01   9.52948774000E-01
   3.54300000000E-08   7.59053883687E+06   6.41395391778E-01  -9.50038617000E-01
  -8.50419644000E-01  -7.50768244000E-01  -6.51084387000E-01  -5.51449876000E-01
  -4.51588261000E-01  -3.51806755000E-01  -2.51985968000E-01  -1.52125851000E-01
  -5.22268048000E-02   4.77306697000E-02   1.47709196000E-01   2.47732458000E-01
   3.47800517000E-01   4.48024882000E-01   5.48079121000E-01   6.48282202000E-01
   7.48535541000E-01   8.48839216000E-01   9.52786145000E-01   3.66950000000E-08
   7.39210584113E+06   6.50871914537E-01  -9.50032107000E-01  -8.50391636000E-01
  -7.50719636000E-01  -6.51016079000E-01  -5.51360463000E-01  -4.51488412000E-01
  -3.51689937000E-01  -2.51855237000E-01  -1.51984273000E-01  -5.20773873000E-02
   4.78833419000E-02   1.47863474000E-01   2.47884721000E-01   3.47947134000E-01
   4.48153152000E-01   5.48196496000E-01   6.48383086000E-01   7.48618127000E-01
   8.48901691000E-01   9.52629318000E-01   3.79600000000E-08   7.19845984529E+06
   6.60100447334E-01  -9.50033781000E-01  -8.50377669000E-01  -7.50692051000E-01
  -6.50976902000E-01  -5.51306589000E-01  -4.51430824000E-01  -3.51626844000E-01
  -2.51787608000E-01  -1.51913079000E-01  -5.20035774000E-02   4.79582304000E-02
   1.47939008000E-01   2.47960008000E-01   3.48021277000E-01   4.48223040000E-01
   5.48271631000E-01   6.48454261000E-01   7.48682134000E-01   8.48955310000E-01
   9.52510824000E-01   3.92250000000E-08   7.00949084935E+06   6.69086976148E-01
  -9.50030246000E-01  -8.50354700000E-01  -7.50650963000E-01  -6.50919012000E-01
  -5.51229866000E-01  -4.51347138000E-01  -3.51530338000E-01  -2.51681066000E-01
  -1.51799290000E-01  -5.18852907000E-02   4.80765436000E-02   1.48056185000E-01
   2.48073785000E-01   3.48129388000E-01   4.48317556000E-01   5.48357075000E-01
   6.48527273000E-01   7.48741633000E-01   8.49000212000E-01   9.52385261000E-01
   4.04900000000E-08   6.82499485332E+06   6.77837288355E-01  -9.50028947000E-01
  -8.50345379000E-01  -7.50634196000E-01  -6.50895378000E-01  -5.51198475000E-01
  -4.51311319000E-01  -3.51489387000E-01  -2.51635346000E-01  -1.51749165000E-01
  -5.18311109000E-02   4.81344974000E-02   1.48117424000E-01   2.48136997000E-01
   3.48193254000E-01   4.48377488000E-01   5.48422103000E-01   6.48588905000E-01
   7.48796935000E-01   8.49046243000E-01   9.52300331000E-01   4.17550000000E-08
   6.64500885719E+06   6.86357065702E-01  -9.50030320000E-01  -8.50328588000E-01
  -7.50601471000E-01  -6.50848950000E-01  -5.51134932000E-01  -4.51245177000E-01
  -3.51416258000E-01  -2.51557411000E-01  -1.51668609000E-01  -5.17500898000E-02
   4.82121583000E-02   1.48191179000E-01   2.48206163000E-01   3.48257150000E-01
   4.48433732000E-01   5.48472435000E-01   6.48631924000E-01   7.48832176000E-01
   8.49073241000E-01   9.52204777000E-01   4.30200000000E-08   6.46924986097E+06
   6.94651834341E-01  -9.50026628000E-01  -8.50317811000E-01  -7.50583575000E-01
  -6.50823901000E-01  -5.51102771000E-01  -4.51206732000E-01  -3.51370564000E-01
  -2.51504904000E-01  -1.51609727000E-01  -5.16852580000E-02   4.82828464000E-02
   1.48266866000E-01   2.48284485000E-01   3.48335736000E-01   4.48504296000E-01
   5.48542679000E-01   6.48695306000E-01   7.48886502000E-01   8.49116313000E-01
   9.52123906000E-01   4.42850000000E-08   6.29784586465E+06   7.02727022388E-01
  -9.50029960000E-01  -8.50313033000E-01  -7.50572263000E-01  -6.50807635000E-01
  -5.51079146000E-01  -4.51183137000E-01  -3.51346745000E-01  -2.51481094000E-01
  -1.51586158000E-01  -5.16621591000E-02   4.83050503000E-02   1.48288133000E-01
   2.48304783000E-01   3.48355032000E-01   4.48522483000E-01   5.48561593000E-01
   6.48713086000E-01   7.48902494000E-01   8.49129858000E-01   9.52080934000E-01
   4.55500000000E-08   6.13059386824E+06   7.10588010519E-01  -9.50026138000E-01
  -8.50297584000E-01  -7.50545611000E-01  -6.50770202000E-01  -5.51030278000E-01
  -4.51129453000E-01  -3.51283578000E-01  -2.51410622000E-01  -1.51510562000E-01
  -5.15835929000E-02   4.83830223000E-02   1.48364693000E-01   2.48378454000E-01
   3.48424336000E-01   4.48582245000E-01   5.48613613000E-01   6.48756355000E-01
   7.48936724000E-01   8.49154761000E-01   9.52007276000E-01   4.68150000000E-08
   5.96737287175E+06   7.18239974482E-01  -9.50024772000E-01  -8.50295412000E-01
  -7.50542426000E-01  -6.50765798000E-01  -5.51024966000E-01  -4.51121491000E-01
  -3.51273775000E-01  -2.51398587000E-01  -1.51495906000E-01  -5.15659261000E-02
   4.84046377000E-02   1.48390066000E-01   2.48406840000E-01   3.48454990000E-01
   4.48612578000E-01   5.48650710000E-01   6.48793386000E-01   7.48971319000E-01
   8.49184544000E-01   9.51967495000E-01   4.80800000000E-08   5.80839087517E+06
   7.25688145052E-01  -9.50028309000E-01  -8.50293733000E-01  -7.50536844000E-01
  -6.50757627000E-01  -5.51012207000E-01  -4.51109890000E-01  -3.51263516000E-01
  -2.51389683000E-01  -1.51488367000E-01  -5.15597628000E-02   4.84093499000E-02
   1.48393386000E-01   2.48408941000E-01   3.48456047000E-01   4.48613197000E-01
   5.48649772000E-01   6.48791938000E-01   7.48969721000E-01   8.49183158000E-01
   9.51952622000E-01   4.93450000000E-08   5.65335187850E+06   7.32937697343E-01
  -9.50024684000E-01  -8.50282557000E-01  -7.50518148000E-01  -6.50731440000E-01
  -5.50978477000E-01  -4.51072513000E-01  -3.51218765000E-01  -2.51339275000E-01
  -1.51434023000E-01  -5.15031837000E-02   4.84653307000E-02   1.48448151000E-01
   2.48461416000E-01   3.48505154000E-01   4.48655165000E-01   5.48685419000E-01
   6.48821035000E-01   7.48992236000E-01   8.49199060000E-01   9.51904488000E-01
   5.06100000000E-08   5.50214988175E+06   7.39993552207E-01  -9.50023505000E-01
  -8.50282754000E-01  -7.50519321000E-01  -6.50733191000E-01  -5.50981411000E-01
  -4.51073655000E-01  -3.51219282000E-01  -2.51338599000E-01  -1.51431584000E-01
  -5.14984179000E-02   4.84736104000E-02   1.48459868000E-01   2.48476091000E-01
   3.48522308000E-01   4.48673134000E-01   5.48709894000E-01   6.48846463000E-01
   7.49016684000E-01   8.49220593000E-01   9.51882546000E-01   5.18750000000E-08
   5.35490188491E+06   7.46860637449E-01  -9.50027623000E-01  -8.50282989000E-01
  -7.50516968000E-01  -6.50729546000E-01  -5.50974505000E-01  -4.51068651000E-01
  -3.51216859000E-01  -2.51338539000E-01  -1.51433670000E-01  -5.15024318000E-02
   4.84679495000E-02   1.48452725000E-01   2.48467857000E-01   3.48513371000E-01
   4.48664858000E-01   5.48700448000E-01   6.48837499000E-01   7.49008766000E-01
   8.49214282000E-01   9.51878699000E-01   5.31400000000E-08   5.21133988800E+06
   7.53543785371E-01  -9.50023571000E-01  -8.50273496000E-01  -7.50501748000E-01
  -6.50708313000E-01  -5.50947688000E-01  -4.51038617000E-01  -3.51179982000E-01
  -2.51296467000E-01  -1.51388055000E-01  -5.14549091000E-02   4.85146168000E-02
   1.48497993000E-01   2.48510839000E-01   3.48553181000E-01   4.48698385000E-01
   5.48727707000E-01   6.48858978000E-01   7.49024677000E-01   8.49224840000E-01
   9.51844367000E-01   5.44050000000E-08   5.07140289101E+06   7.60047620178E-01
  -9.50022227000E-01  -8.50276050000E-01  -7.50507497000E-01  -6.50716553000E-01
  -5.50959489000E-01  -4.51049038000E-01  -3.51190774000E-01  -2.51306771000E-01
  -1.51397010000E-01  -5.14616619000E-02   4.85117488000E-02   1.48499021000E-01
   2.48515417000E-01   3.48560964000E-01   4.48708179000E-01   5.48744992000E-01
   6.48878339000E-01   7.49044226000E-01   8.49242684000E-01   9.51835705000E-01
   5.56700000000E-08   4.93522589393E+06   7.66376812885E-01  -9.50023418000E-01
  -8.50281916000E-01  -7.50517795000E-01  -6.50731038000E-01  -5.50978536000E-01
  -4.51070376000E-01  -3.51215559000E-01  -2.51334454000E-01  -1.51427039000E-01
  -5.14934940000E-02   4.84789136000E-02   1.48465502000E-01   2.48481921000E-01
   3.48528199000E-01   4.48678615000E-01   5.48715748000E-01   6.48851965000E-01
   7.49021585000E-01   8.49224643000E-01   9.51874893000E-01   5.69350000000E-08
   4.80258489678E+06   7.72535978210E-01  -9.50025331000E-01  -8.50272932000E-01
  -7.50499485000E-01  -6.50704975000E-01  -5.50942327000E-01  -4.51034467000E-01
  -3.51176630000E-01  -2.51294151000E-01  -1.51387011000E-01  -5.14553737000E-02
   4.85119750000E-02   1.48493401000E-01   2.48505062000E-01   3.48546987000E-01
   4.48694468000E-01   5.48726818000E-01   6.48859910000E-01   7.49026968000E-01
   8.49228027000E-01   9.51834482000E-01   5.82000000000E-08   4.67322489956E+06
   7.78529427906E-01  -9.50021349000E-01  -8.50270949000E-01  -7.50498435000E-01
  -6.50703793000E-01  -5.50942628000E-01  -4.51030469000E-01  -3.51169303000E-01
  -2.51282967000E-01  -1.51371441000E-01  -5.14348887000E-02   4.85389479000E-02
   1.48526265000E-01   2.48541831000E-01   3.48585672000E-01   4.48728106000E-01
   5.48759231000E-01   6.48888318000E-01   7.49050487000E-01   8.49245771000E-01
   9.51815582000E-01   5.94650000000E-08   4.54728090227E+06   7.84361397826E-01
  -9.50021682000E-01  -8.50279451000E-01  -7.50514306000E-01  -6.50726232000E-01
  -5.50972858000E-01  -4.51062936000E-01  -3.51205926000E-01  -2.51322804000E-01
  -1.51413550000E-01  -5.14783371000E-02   4.84955633000E-02   1.48483450000E-01
   2.48500673000E-01   3.48547256000E-01   4.48696244000E-01   5.48734562000E-01
   6.48869570000E-01   7.49037163000E-01   8.49237372000E-01   9.51855833000E-01
   6.07300000000E-08   4.42487390490E+06   7.90036285741E-01  -9.50022464000E-01
  -8.50286820000E-01  -7.50527727000E-01  -6.50745169000E-01  -5.50998131000E-01
  -4.51090731000E-01  -3.51237623000E-01  -2.51357730000E-01  -1.51451030000E-01
  -5.15177086000E-02   4.84552953000E-02   1.48442658000E-01   2.48460168000E-01
   3.48507852000E-01   4.48660779000E-01   5.48699839000E-01   6.48838402000E-01
   7.49010502000E-01   8.49216172000E-01   9.51905419000E-01   6.19950000000E-08
   4.30578490746E+06   7.95558427440E-01  -9.50027841000E-01  -8.50286107000E-01
  -7.50522723000E-01  -6.50737676000E-01  -5.50985411000E-01  -4.51080430000E-01
  -3.51230221000E-01  -2.51353139000E-01  -1.51449161000E-01  -5.15184725000E-02
   4.84518888000E-02   1.48436813000E-01   2.48452442000E-01   3.48498804000E-01
   4.48652361000E-01   5.48689723000E-01   6.48828654000E-01   7.49001822000E-01
   8.49209263000E-01   9.51895368000E-01   6.32600000000E-08   4.18968990996E+06
   8.00931815262E-01  -9.50022054000E-01  -8.50278870000E-01  -7.50512955000E-01
  -6.50724291000E-01  -5.50970052000E-01  -4.51061051000E-01  -3.51204002000E-01
  -2.51321297000E-01  -1.51412917000E-01  -5.14790353000E-02   4.84927101000E-02
   1.48478358000E-01   2.48493298000E-01   3.48537556000E-01   4.48684048000E-01
   5.48714068000E-01   6.48846744000E-01   7.49014107000E-01   8.49216192000E-01
   9.51877646000E-01   6.45250000000E-08   4.07659191239E+06   8.06160238515E-01
  -9.50021270000E-01  -8.50284763000E-01  -7.50524643000E-01  -6.50740895000E-01
  -5.50992913000E-01  -4.51084124000E-01  -3.51229339000E-01  -2.51347889000E-01
  -1.51439751000E-01  -5.15051080000E-02   4.84691193000E-02   1.48457552000E-01
   2.48475728000E-01   3.48523674000E-01   4.48675454000E-01   5.48715558000E-01
   6.48853150000E-01   7.49023589000E-01   8.49226907000E-01   9.51888608000E-01
   6.57900000000E-08   3.96660391475E+06   8.11247559875E-01  -9.50022035000E-01
  -8.50293104000E-01  -7.50539917000E-01  -6.50762456000E-01  -5.51021748000E-01
  -4.51115731000E-01  -3.51265290000E-01  -2.51387414000E-01  -1.51482080000E-01
  -5.15494800000E-02   4.84238522000E-02   1.48411805000E-01   2.48430398000E-01
   3.48479660000E-01   4.48635892000E-01   5.48676992000E-01   6.48818611000E-01
   7.48994102000E-01   8.49203501000E-01   9.51944372000E-01   6.70550000000E-08
   3.85970891705E+06   8.16197702742E-01  -9.50023387000E-01  -8.50298955000E-01
  -7.50550077000E-01  -6.50776733000E-01  -5.51040438000E-01  -4.51136743000E-01
  -3.51289840000E-01  -2.51414929000E-01  -1.51511987000E-01  -5.15812148000E-02
   4.83911307000E-02   1.48378419000E-01   2.48397055000E-01   3.48447068000E-01
   4.48606524000E-01   5.48648025000E-01   6.48792535000E-01   7.48971762000E-01
   8.49185742000E-01   9.51982672000E-01   6.86413100000E-08   3.72963391984E+06
   8.22217227959E-01  -9.50023068000E-01  -8.50296058000E-01  -7.50544808000E-01
  -6.50769301000E-01  -5.51030525000E-01  -4.51127232000E-01  -3.51278799000E-01
  -2.51403263000E-01  -1.51500604000E-01  -5.15710158000E-02   4.83983646000E-02
   1.48382681000E-01   2.48398719000E-01   3.48446510000E-01   4.48605057000E-01
   5.48643422000E-01   6.48786861000E-01   7.48965725000E-01   8.49180052000E-01
   9.51980987000E-01   7.00910000000E-08   3.61451392232E+06   8.27540596802E-01
  -9.50021647000E-01  -8.50301116000E-01  -7.50555351000E-01  -6.50784331000E-01
  -5.51051562000E-01  -4.51147460000E-01  -3.51300516000E-01  -2.51425338000E-01
  -1.51521901000E-01  -5.15904104000E-02   4.83830993000E-02   1.48371554000E-01
   2.48391267000E-01   3.48442267000E-01   4.48602396000E-01   5.48645006000E-01
   6.48790231000E-01   7.48970038000E-01   8.49184463000E-01   9.51996914000E-01
   7.16090000000E-08   3.49778992483E+06   8.32938835422E-01  -9.50023705000E-01
  -8.50309239000E-01  -7.50569333000E-01  -6.50803965000E-01  -5.51077169000E-01
  -4.51176236000E-01  -3.51334311000E-01  -2.51463287000E-01  -1.51563138000E-01
  -5.16340801000E-02   4.83382881000E-02   1.48326067000E-01   2.48346109000E-01
   3.48398445000E-01   4.48563427000E-01   5.48607785000E-01   6.48757368000E-01
   7.48942405000E-01   8.49162936000E-01   9.52045878000E-01   7.33800000000E-08
   3.36639292765E+06   8.39017069338E-01  -9.50022505000E-01  -8.50308210000E-01
  -7.50568200000E-01  -6.50802454000E-01  -5.51075697000E-01  -4.51175023000E-01
  -3.51331906000E-01  -2.51460338000E-01  -1.51560295000E-01  -5.16319891000E-02
   4.83383829000E-02   1.48324126000E-01   2.48342302000E-01   3.48392944000E-01
   4.48556823000E-01   5.48597031000E-01   6.48745484000E-01   7.48930447000E-01
   8.49151960000E-01   9.52059309000E-01   7.48980000000E-08   3.25762892999E+06
   8.44044701928E-01  -9.50021499000E-01  -8.50316084000E-01  -7.50583792000E-01
  -6.50824600000E-01  -5.51106174000E-01  -4.51205934000E-01  -3.51365869000E-01
  -2.51496063000E-01  -1.51596488000E-01  -5.16673688000E-02   4.83061375000E-02
   1.48295272000E-01   2.48317038000E-01   3.48371467000E-01   4.48539835000E-01
   5.48587073000E-01   6.48739846000E-01   7.48928166000E-01   8.49152071000E-01
   9.52089939000E-01   7.66690000000E-08   3.13535793262E+06   8.49705691795E-01
  -9.50022541000E-01  -8.50329059000E-01  -7.50607651000E-01  -6.50858294000E-01
  -5.51151313000E-01  -4.51255279000E-01  -3.51421885000E-01  -2.51557541000E-01
  -1.51662219000E-01  -5.17361618000E-02   4.82361009000E-02   1.48224628000E-01
   2.48247154000E-01   3.48303715000E-01   4.48479000000E-01   5.48527979000E-01
   6.48687019000E-01   7.48883138000E-01   8.49116378000E-01   9.52176229000E-01
   7.86930000000E-08   3.00128093550E+06   8.55915970329E-01  -9.50023656000E-01
  -8.50327406000E-01  -7.50603762000E-01  -6.50852703000E-01  -5.51143206000E-01
  -4.51249070000E-01  -3.51415588000E-01  -2.51552111000E-01  -1.51658612000E-01
  -5.17353268000E-02   4.82321328000E-02   1.48216018000E-01   2.48234805000E-01
   3.48288531000E-01   4.48464141000E-01   5.48509147000E-01   6.48668099000E-01
   7.48865455000E-01   8.49101260000E-01   9.52186446000E-01   8.04640000000E-08
   2.88862293792E+06   8.61131480209E-01  -9.50021607000E-01  -8.50335230000E-01
  -7.50619969000E-01  -6.50875801000E-01  -5.51175474000E-01  -4.51280436000E-01
  -3.51449352000E-01  -2.51586644000E-01  -1.51692281000E-01  -5.17665169000E-02
   4.82065824000E-02   1.48196176000E-01   2.48220160000E-01   3.48278570000E-01
   4.48457075000E-01   5.48508719000E-01   6.48670772000E-01   7.48870011000E-01
   8.49106475000E-01   9.52212899000E-01   8.24880000000E-08   2.76521494057E+06
   8.66853164142E-01  -9.50022785000E-01  -8.50351581000E-01  -7.50650130000E-01
  -6.50918404000E-01  -5.51232619000E-01  -4.51342789000E-01  -3.51520030000E-01
  -2.51664115000E-01  -1.51775013000E-01  -5.18530012000E-02   4.81186669000E-02
   1.48107622000E-01   2.48132667000E-01   3.48193841000E-01   4.48381057000E-01
   5.48435069000E-01   6.48605025000E-01   7.48814037000E-01   8.49062150000E-01
   9.52321230000E-01   8.45120000000E-08   2.64733994310E+06   8.72330669684E-01
  -9.50028829000E-01  -8.50359900000E-01  -7.50661773000E-01  -6.50934422000E-01
  -5.51251418000E-01  -4.51366491000E-01  -3.51551241000E-01  -2.51701719000E-01
  -1.51817888000E-01  -5.19000435000E-02   4.80691347000E-02   1.48056197000E-01
   2.48080640000E-01   3.48142505000E-01   4.48334926000E-01   5.48389228000E-01
   6.48563777000E-01   7.48778837000E-01   8.49034460000E-01   9.52366226000E-01
   8.67890000000E-08   2.52067894583E+06   8.78214459189E-01  -9.50022361000E-01
  -8.50359425000E-01  -7.50665271000E-01  -6.50939869000E-01  -5.51261900000E-01
  -4.51374088000E-01  -3.51554728000E-01  -2.51701509000E-01  -1.51814395000E-01
  -5.18936773000E-02   4.80778728000E-02   1.48066957000E-01   2.48092568000E-01
   3.48154745000E-01   4.48344481000E-01   5.48396466000E-01   6.48568801000E-01
   7.48781726000E-01   8.49035290000E-01   9.52382223000E-01   8.90660000000E-08
   2.40022194842E+06   8.83816904858E-01  -9.50023213000E-01  -8.50377290000E-01
  -7.50698520000E-01  -6.50986870000E-01  -5.51325162000E-01  -4.51442517000E-01
  -3.51631990000E-01  -2.51785802000E-01  -1.51903914000E-01  -5.19866474000E-02
   4.79841943000E-02   1.47973494000E-01   2.48001298000E-01   3.48067651000E-01
   4.48268493000E-01   5.48328064000E-01   6.48510478000E-01   7.48734270000E-01
   8.48999491000E-01   9.52487203000E-01   9.13430000000E-08   2.28586095087E+06
   8.89152010238E-01  -9.50027124000E-01  -8.50389844000E-01  -7.50719633000E-01
  -6.51016456000E-01  -5.51363366000E-01  -4.51485959000E-01  -3.51683636000E-01
  -2.51844286000E-01  -1.51967870000E-01  -5.20547313000E-02   4.79140493000E-02
   1.47902001000E-01   2.47929993000E-01   3.47998076000E-01   4.48206029000E-01
   5.48266920000E-01   6.48455715000E-01   7.48687602000E-01   8.48962635000E-01
   9.52564747000E-01   9.38730000000E-08   2.16524095347E+06   8.94782654147E-01
  -9.50023297000E-01  -8.50388872000E-01  -7.50720394000E-01  -6.51017827000E-01
  -5.51367061000E-01  -4.51487927000E-01  -3.51682849000E-01  -2.51841133000E-01
  -1.51962740000E-01  -5.20480084000E-02   4.79218901000E-02   1.47910634000E-01
   2.47938627000E-01   3.48005914000E-01   4.48210279000E-01   5.48265299000E-01
   6.48450998000E-01   7.48680806000E-01   8.48954779000E-01   9.52581193000E-01
   9.64030000000E-08   2.05111995592E+06   9.00116350698E-01  -9.50023936000E-01
  -8.50407837000E-01  -7.50755871000E-01  -6.51067999000E-01  -5.51434727000E-01
  -4.51560771000E-01  -3.51764911000E-01  -2.51930427000E-01  -1.52057275000E-01
  -5.21458303000E-02   4.78238173000E-02   1.47813322000E-01   2.47844237000E-01
   3.47916614000E-01   4.48133656000E-01   5.48199560000E-01   6.48396773000E-01
   7.48638217000E-01   8.48923951000E-01   9.52685058000E-01   9.91860000000E-08
   1.93295695846E+06   9.05660193724E-01  -9.50028299000E-01  -8.50423047000E-01
  -7.50781706000E-01  -6.51104236000E-01  -5.51481725000E-01  -4.51613945000E-01
  -3.51827801000E-01  -2.52001397000E-01  -1.52134685000E-01  -5.22280713000E-02
   4.77392364000E-02   1.47727247000E-01   2.47758496000E-01   3.47833040000E-01
   4.48058650000E-01   5.48126278000E-01   6.48331191000E-01   7.48582358000E-01
   8.48879843000E-01   9.52779447000E-01   1.01969000000E-07   1.82175196085E+06
   9.10884871185E-01  -9.50024164000E-01  -8.50422847000E-01  -7.50784139000E-01
  -6.51107999000E-01  -5.51488811000E-01  -4.51619297000E-01  -3.51830570000E-01
  -2.52001875000E-01  -1.52133164000E-01  -5.22248395000E-02   4.77438435000E-02
   1.47732963000E-01   2.47764659000E-01   3.47838984000E-01   4.48062041000E-01
   5.48125874000E-01   6.48328629000E-01   7.48578249000E-01   8.48874798000E-01
   9.52796419000E-01   1.04752000000E-07   1.71712796310E+06   9.15809222600E-01
  -9.50025078000E-01  -8.50443406000E-01  -7.50822450000E-01  -6.51162163000E-01
  -5.51561761000E-01  -4.51698134000E-01  -3.51919538000E-01  -2.52098892000E-01
  -1.52236142000E-01  -5.23317330000E-02   4.76362263000E-02   1.47625680000E-01
   2.47659982000E-01   3.47739195000E-01   4.47975115000E-01   5.48048013000E-01
   6.48262454000E-01   7.48524580000E-01   8.48834459000E-01   9.52916365000E-01
   1.07788000000E-07   1.61026796539E+06   9.20860209619E-01  -9.50029235000E-01
  -8.50457965000E-01  -7.50847191000E-01  -6.51196868000E-01  -5.51606784000E-01
  -4.51749060000E-01  -3.51979755000E-01  -2.52166834000E-01  -1.52310240000E-01
  -5.24104501000E-02   4.75552819000E-02   1.47543314000E-01   2.47577942000E-01
   3.47659232000E-01   4.47903350000E-01   5.47977913000E-01   6.48199723000E-01
   7.48471151000E-01   8.48792270000E-01   9.53006709000E-01   1.11077000000E-07
   1.50221996771E+06   9.25978696025E-01  -9.50025139000E-01  -8.50460584000E-01
  -7.50854939000E-01  -6.51208151000E-01  -5.51624046000E-01  -4.51765132000E-01
  -3.51994578000E-01  -2.52180317000E-01  -1.52322290000E-01  -5.24209773000E-02
   4.75465266000E-02   1.47536263000E-01   2.47572356000E-01   3.47654872000E-01
   4.47899373000E-01   5.47974877000E-01   6.48197194000E-01   7.48468988000E-01
   8.48790331000E-01   9.53030373000E-01   1.14366000000E-07   1.40173696987E+06
   9.30754253209E-01  -9.50026460000E-01  -8.50481263000E-01  -7.50893199000E-01
  -6.51262214000E-01  -5.51696670000E-01  -4.51844155000E-01  -3.52084037000E-01
  -2.52278235000E-01  -1.52426687000E-01  -5.25299144000E-02   4.74360860000E-02
   1.47425324000E-01   2.47463100000E-01   3.47549487000E-01   4.47805504000E-01
   5.47885641000E-01   6.48118415000E-01   7.48402624000E-01   8.48738344000E-01
   9.53163047000E-01   1.17655000000E-07   1.30833897188E+06   9.35210973095E-01
  -9.50027764000E-01  -8.50484071000E-01  -7.50897631000E-01  -6.51268388000E-01
  -5.51704408000E-01  -4.51854937000E-01  -3.52096923000E-01  -2.52293669000E-01
  -1.52445113000E-01  -5.25517791000E-02   4.74095893000E-02   1.47394530000E-01
   2.47429251000E-01   3.47513826000E-01   4.47772384000E-01   5.47849569000E-01
   6.48084308000E-01   7.48372156000E-01   8.48713199000E-01   9.53200533000E-01
   1.21450000000E-07   1.20850797403E+06   9.39986690175E-01  -9.50026573000E-01
  -8.50501399000E-01  -7.50931255000E-01  -6.51316082000E-01  -5.51769615000E-01
  -4.51922573000E-01  -3.52171910000E-01  -2.52373588000E-01  -1.52527537000E-01
  -5.26343256000E-02   4.73312565000E-02   1.47320970000E-01   2.47361072000E-01
   3.47451638000E-01   4.47718316000E-01   5.47803108000E-01   6.48045652000E-01
   7.48341352000E-01   8.48690293000E-01   9.53292344000E-01   1.24992000000E-07
   1.12263697587E+06   9.44115147881E-01  -9.50032291000E-01  -8.50514714000E-01
  -7.50952581000E-01  -6.51345832000E-01  -5.51807175000E-01  -4.51966315000E-01
  -3.52225310000E-01  -2.52435090000E-01  -1.52595583000E-01  -5.27073918000E-02
   4.72555535000E-02   1.47243429000E-01   2.47283438000E-01   3.47375661000E-01
   4.47650108000E-01   5.47736131000E-01   6.47985618000E-01   7.48290199000E-01
   8.48649964000E-01   9.53371296000E-01   1.29040000000E-07   1.03215497782E+06
   9.48476446795E-01  -9.50026309000E-01  -8.50515641000E-01  -7.50958407000E-01
  -6.51354543000E-01  -5.51821866000E-01  -4.51978451000E-01  -3.52234269000E-01
  -2.52441005000E-01  -1.52598586000E-01  -5.27076142000E-02   4.72580186000E-02
   1.47248397000E-01   2.47290410000E-01   3.47384136000E-01   4.47658337000E-01
   5.47746870000E-01   6.47996334000E-01   7.48300021000E-01   8.48658019000E-01
   9.53382728000E-01   1.33088000000E-07   9.49323779598E+05   9.52486959800E-01
  -9.50027745000E-01  -8.50537598000E-01  -7.50999013000E-01  -6.51411920000E-01
  -5.51898936000E-01  -4.52062415000E-01  -3.52329339000E-01  -2.52545120000E-01
  -1.52709678000E-01  -5.28236688000E-02   4.71401947000E-02   1.47129838000E-01
   2.47173371000E-01   3.47270880000E-01   4.47556766000E-01   5.47648686000E-01
   6.47908769000E-01   7.48225528000E-01   8.48599060000E-01   9.53527763000E-01
   1.37275150000E-07   8.71028081280E+05   9.56298002948E-01  -9.50030022000E-01
  -8.50531184000E-01  -7.50985317000E-01  -6.51392354000E-01  -5.51871319000E-01
  -4.52036883000E-01  -3.52302202000E-01  -2.52518175000E-01  -1.52684731000E-01
  -5.28024977000E-02   4.71539058000E-02   1.47136165000E-01   2.47173395000E-01
   3.47265687000E-01   4.47550157000E-01   5.47635160000E-01   6.47893329000E-01
   7.48209888000E-01   8.48584939000E-01   9.53516985000E-01   1.41690000000E-07
   7.95526282903E+05   9.59976796715E-01  -9.50027135000E-01  -8.50544825000E-01
  -7.51013115000E-01  -6.51431932000E-01  -5.51926355000E-01  -4.52091339000E-01
  -3.52361264000E-01  -2.52579292000E-01  -1.52745339000E-01  -5.28600796000E-02
   4.71042874000E-02   1.47094723000E-01   2.47139592000E-01   3.47238985000E-01
   4.47528666000E-01   5.47623101000E-01   6.47886709000E-01   7.48207327000E-01
   8.48585051000E-01   9.53572153000E-01   1.44220000000E-07   7.55417683765E+05
   9.61938740833E-01  -9.50027873000E-01  -8.50556162000E-01  -7.51034085000E-01
  -6.51461565000E-01  -5.51966162000E-01  -4.52134703000E-01  -3.52410362000E-01
  -2.52633058000E-01  -1.52802707000E-01  -5.29200091000E-02   4.70434487000E-02
   1.47033507000E-01   2.47079164000E-01   3.47180511000E-01   4.47476225000E-01
   5.47572415000E-01   6.47841507000E-01   7.48168873000E-01   8.48554616000E-01
   9.53647031000E-01   1.51051000000E-07   6.57532485869E+05   9.66764672137E-01
  -9.50033489000E-01  -8.50561707000E-01  -7.51040763000E-01  -6.51470585000E-01
  -5.51975674000E-01  -4.52149779000E-01  -3.52431421000E-01  -2.52660006000E-01
  -1.52835448000E-01  -5.29584620000E-02   4.69989024000E-02   1.46983485000E-01
   2.47025546000E-01   3.47125185000E-01   4.47425795000E-01   5.47519650000E-01
   6.47792743000E-01   7.48126261000E-01   8.48520315000E-01   9.53692473000E-01
   1.56111000000E-07   5.93437087246E+05   9.69929625157E-01  -9.50027549000E-01
  -8.50563069000E-01  -7.51047387000E-01  -6.51480423000E-01  -5.51991879000E-01
  -4.52162041000E-01  -3.52440726000E-01  -2.52665744000E-01  -1.52837009000E-01
  -5.29552409000E-02   4.70084393000E-02   1.46999007000E-01   2.47045741000E-01
   3.47148737000E-01   4.47448090000E-01   5.47546350000E-01   6.47818805000E-01
   7.48149965000E-01   8.48539935000E-01   9.53690253000E-01   1.61171000000E-07
   5.35840488484E+05   9.72786697424E-01  -9.50028620000E-01  -8.50577184000E-01
  -7.51073389000E-01  -6.51517154000E-01  -5.52041150000E-01  -4.52215848000E-01
  -3.52501763000E-01  -2.52732699000E-01  -1.52908563000E-01  -5.30301120000E-02
   4.69322832000E-02   1.46922235000E-01   2.46969829000E-01   3.47075166000E-01
   4.47382037000E-01   5.47482285000E-01   6.47761562000E-01   7.48101187000E-01
   8.48501271000E-01   9.53783944000E-01   1.66737000000E-07   4.79151789702E+05
   9.75611420934E-01  -9.50028523000E-01  -8.50565787000E-01  -7.51051871000E-01
  -6.51486696000E-01  -5.51999912000E-01  -4.52172274000E-01  -3.52452818000E-01
  -2.52679856000E-01  -1.52853302000E-01  -5.29738798000E-02   4.69870397000E-02
   1.46974950000E-01   2.47019439000E-01   3.47120602000E-01   4.47419558000E-01
   5.47510354000E-01   6.47782311000E-01   7.48115421000E-01   8.48509795000E-01
   9.53732910000E-01   1.72303000000E-07   4.28530590790E+05   9.78137500999E-01
  -9.50027998000E-01  -8.50576324000E-01  -7.51072184000E-01  -6.51515497000E-01
  -5.52039204000E-01  -4.52213233000E-01  -3.52498371000E-01  -2.52728569000E-01
  -1.52903737000E-01  -5.30246284000E-02   4.69384044000E-02   1.46928926000E-01
   2.46976900000E-01   3.47082424000E-01   4.47388811000E-01   5.47489660000E-01
   6.47768536000E-01   7.48107418000E-01   8.48506411000E-01   9.53776511000E-01
   1.78122000000E-07   3.81524491800E+05   9.80494356262E-01  -9.50030405000E-01
  -8.50581618000E-01  -7.51080572000E-01  -6.51527186000E-01  -5.52053884000E-01
  -4.52230512000E-01  -3.52519573000E-01  -2.52753108000E-01  -1.52931024000E-01
  -5.30540884000E-02   4.69076554000E-02   1.46897212000E-01   2.46944954000E-01
   3.47050984000E-01   4.47360451000E-01   5.47461442000E-01   6.47743055000E-01
   7.48085556000E-01   8.48489057000E-01   9.53809094000E-01   1.84447000000E-07
   3.36341892771E+05   9.82764608703E-01  -9.50027582000E-01  -8.50575422000E-01
  -7.51070759000E-01  -6.51513511000E-01  -5.52036714000E-01  -4.52210208000E-01
  -3.52494673000E-01  -2.52724258000E-01  -1.52898873000E-01  -5.30192688000E-02
   4.69441947000E-02   1.46935088000E-01   2.46983275000E-01   3.47088855000E-01
   4.47394745000E-01   5.47495917000E-01   6.47774367000E-01   7.48112565000E-01
   8.48510617000E-01   9.53769448000E-01   1.90772000000E-07   2.96631693625E+05
   9.84766387670E-01  -9.50031615000E-01  -8.50578048000E-01  -7.51072988000E-01
  -6.51516355000E-01  -5.52038618000E-01  -4.52214650000E-01  -3.52502777000E-01
  -2.52735590000E-01  -1.52912995000E-01  -5.30357557000E-02   4.69259697000E-02
   1.46915392000E-01   2.46962733000E-01   3.47068092000E-01   4.47375950000E-01
   5.47476568000E-01   6.47756694000E-01   7.48097325000E-01   8.48498572000E-01
   9.53781293000E-01   1.97603000000E-07   2.59055794432E+05   9.86664338285E-01
  -9.50027214000E-01  -8.50575496000E-01  -7.51071151000E-01  -6.51514093000E-01
  -5.52037681000E-01  -4.52210936000E-01  -3.52495214000E-01  -2.52724578000E-01
  -1.52898939000E-01  -5.30190469000E-02   4.69447843000E-02   1.46936031000E-01
   2.46984512000E-01   3.47090324000E-01   4.47396237000E-01   5.47497902000E-01
   6.47776399000E-01   7.48114489000E-01   8.48512276000E-01   9.53768787000E-01
   1.99880000000E-07   2.47658294677E+05   9.87241232276E-01  -9.50027532000E-01
  -8.50578490000E-01  -7.51076603000E-01  -6.51521789000E-01  -5.52047959000E-01
  -4.52222240000E-01  -3.52508106000E-01  -2.52738787000E-01  -1.52914191000E-01
  -5.30350769000E-02   4.69283907000E-02   1.46919420000E-01   2.46968013000E-01
   3.47074268000E-01   4.47381779000E-01   5.47483749000E-01   6.47763691000E-01
   7.48103613000E-01   8.48503622000E-01   9.53788938000E-01   2.02410000000E-07
   2.35579194937E+05   9.87852527700E-01  -9.50029279000E-01  -8.50579555000E-01
  -7.51077432000E-01  -6.51522826000E-01  -5.52048520000E-01  -4.52223829000E-01
  -3.52511248000E-01  -2.52743276000E-01  -1.52919821000E-01  -5.30416477000E-02
   4.69211904000E-02   1.46911699000E-01   2.46960011000E-01   3.47066227000E-01
   4.47374541000E-01   5.47476387000E-01   6.47757018000E-01   7.48097905000E-01
   8.48499157000E-01   9.53792880000E-01   2.05010840000E-07   2.23784395191E+05
   9.88449893300E-01  -9.50028518000E-01  -8.50567805000E-01  -7.51055696000E-01
  -6.51492111000E-01  -5.52007254000E-01  -4.52180690000E-01  -3.52462174000E-01
  -2.52690198000E-01  -1.52864678000E-01  -5.29863376000E-02   4.69731335000E-02
   1.46959888000E-01   2.47004151000E-01   3.47106022000E-01   4.47408963000E-01
   5.47505431000E-01   6.47780840000E-01   7.48116570000E-01   8.48512730000E-01
   9.53738033000E-01   2.07470000000E-07   2.13175595419E+05   9.88987170565E-01
  -9.50026394000E-01  -8.50567355000E-01  -7.51056290000E-01  -6.51493117000E-01
  -5.52009644000E-01  -4.52180186000E-01  -3.52460171000E-01  -2.52686007000E-01
  -1.52857606000E-01  -5.29756989000E-02   4.69889874000E-02   1.46980677000E-01
   2.47028670000E-01   3.47133061000E-01   4.47434289000E-01   5.47534134000E-01
   6.47808396000E-01   7.48141439000E-01   8.48533366000E-01   9.53716649000E-01
   2.09494000000E-07   2.04813695598E+05   9.89410175728E-01  -9.50026503000E-01
  -8.50570476000E-01  -7.51062126000E-01  -6.51501371000E-01  -5.52020780000E-01
  -4.52192189000E-01  -3.52473695000E-01  -2.52700732000E-01  -1.52873211000E-01
  -5.29918696000E-02   4.69727491000E-02   1.46964530000E-01   2.47012960000E-01
   3.47118134000E-01   4.47421357000E-01   5.47522741000E-01   6.47798821000E-01
   7.48133764000E-01   8.48527674000E-01   9.53734442000E-01   2.11771000000E-07
   1.95826395791E+05   9.89866304472E-01  -9.50026746000E-01  -8.50573381000E-01
  -7.51067464000E-01  -6.51508910000E-01  -5.52030882000E-01  -4.52203240000E-01
  -3.52486248000E-01  -2.52714518000E-01  -1.52887960000E-01  -5.30073193000E-02
   4.69570131000E-02   1.46948646000E-01   2.46997236000E-01   3.47102880000E-01
   4.47407651000E-01   5.47509417000E-01   6.47786901000E-01   7.48123596000E-01
   8.48519606000E-01   9.53753796000E-01   2.19361000000E-07   1.68676296375E+05
   9.91249592189E-01  -9.50027468000E-01  -8.50580190000E-01  -7.51079868000E-01
  -6.51526417000E-01  -5.52054263000E-01  -4.52228954000E-01  -3.52515575000E-01
  -2.52746838000E-01  -1.52922652000E-01  -5.30437799000E-02   4.69197268000E-02
   1.46910867000E-01   2.46959712000E-01   3.47066365000E-01   4.47374772000E-01
   5.47477232000E-01   6.47758001000E-01   7.48098864000E-01   8.48499928000E-01
   9.53799629000E-01   2.27204000000E-07   1.44596696892E+05   9.92478092232E-01
  -9.50026270000E-01  -8.50569892000E-01  -7.51061180000E-01  -6.51500050000E-01
  -5.52019102000E-01  -4.52190190000E-01  -3.52471283000E-01  -2.52697947000E-01
  -1.52870095000E-01  -5.29884614000E-02   4.69764005000E-02   1.46968388000E-01
   2.47016929000E-01   3.47122118000E-01   4.47425021000E-01   5.47526569000E-01
   6.47802372000E-01   7.48136887000E-01   8.48530218000E-01   9.53729983000E-01
   2.35300000000E-07   1.23396997348E+05   9.93562930706E-01  -9.50026897000E-01
  -8.50576638000E-01  -7.51073528000E-01  -6.51517484000E-01  -5.52042430000E-01
  -4.52215767000E-01  -3.52500385000E-01  -2.52729956000E-01  -1.52904387000E-01
  -5.30244335000E-02   4.69396987000E-02   1.46931282000E-01   2.46980144000E-01
   3.47086385000E-01   4.47392886000E-01   5.47495234000E-01   6.47774295000E-01
   7.48112903000E-01   8.48511165000E-01   9.53775113000E-01   2.43902000000E-07
   1.04311597758E+05   9.94542305374E-01  -9.50025921000E-01  -8.50567117000E-01
  -7.51056160000E-01  -6.51492970000E-01  -5.52009674000E-01  -4.52179773000E-01
  -3.52459360000E-01  -2.52684768000E-01  -1.52855909000E-01  -5.29735110000E-02
   4.69917416000E-02   1.46983982000E-01   2.47032459000E-01   3.47137270000E-01
   4.47438688000E-01   5.47540022000E-01   6.47814488000E-01   7.48147282000E-01
   8.48538506000E-01   9.53711134000E-01   2.53010000000E-07   8.73536581226E+04
   9.95415148949E-01  -9.50026582000E-01  -8.50573571000E-01  -7.51067936000E-01
  -6.51509590000E-01  -5.52031884000E-01  -4.52204177000E-01  -3.52487174000E-01
  -2.52715403000E-01  -1.52888774000E-01  -5.30080319000E-02   4.69564623000E-02
   1.46948258000E-01   2.46996998000E-01   3.47102779000E-01   4.47407643000E-01
   5.47509666000E-01   6.47787247000E-01   7.48123983000E-01   8.48519977000E-01
   9.53754505000E-01   2.63130000000E-07   7.17689184576E+04   9.96220309186E-01
  -9.50025778000E-01  -8.50566912000E-01  -7.51055870000E-01  -6.51492571000E-01
  -5.52009202000E-01  -4.52179145000E-01  -3.52458550000E-01  -2.52683786000E-01
  -1.52854765000E-01  -5.29722148000E-02   4.69931845000E-02   1.46985555000E-01
   2.47034119000E-01   3.47138971000E-01   4.47440274000E-01   5.47541745000E-01
   6.47816116000E-01   7.48148735000E-01   8.48539704000E-01   9.53709381000E-01
   2.73629500000E-07   5.85745887411E+04   9.96904580013E-01  -9.50026833000E-01
  -8.50559956000E-01  -7.51041979000E-01  -6.51472821000E-01  -5.51981922000E-01
  -4.52151773000E-01  -3.52428576000E-01  -2.52652439000E-01  -1.52823277000E-01
  -5.29417982000E-02   4.70201872000E-02   1.47009000000E-01   2.47054136000E-01
   3.47155690000E-01   4.47454157000E-01   5.47551275000E-01   6.47822759000E-01
   7.48153001000E-01   8.48542105000E-01   9.53679404000E-01   2.82358000000E-07
   4.94946489363E+04   9.97376221184E-01  -9.50025369000E-01  -8.50562121000E-01
  -7.51047075000E-01  -6.51480150000E-01  -5.51992564000E-01  -4.52160936000E-01
  -3.52437859000E-01  -2.52661056000E-01  -1.52830440000E-01  -5.29467268000E-02
   4.70191541000E-02   1.47011777000E-01   2.47060084000E-01   3.47164167000E-01
   4.47462916000E-01   5.47563771000E-01   6.47835827000E-01   7.48165554000E-01
   8.48553051000E-01   9.53677440000E-01   2.92731000000E-07   4.05504391285E+04
   9.97843240033E-01  -9.50026723000E-01  -8.50562632000E-01  -7.51047120000E-01
  -6.51480109000E-01  -5.51991853000E-01  -4.52161015000E-01  -3.52438995000E-01
  -2.52663156000E-01  -1.52833411000E-01  -5.29504789000E-02   4.70147382000E-02
   1.47006772000E-01   2.47054674000E-01   3.47158538000E-01   4.47457718000E-01
   5.47558103000E-01   6.47830505000E-01   7.48160858000E-01   8.48549262000E-01
   9.53679790000E-01   3.03610000000E-07   3.29226392924E+04   9.98242896843E-01
  -9.50024676000E-01  -8.50550100000E-01  -7.51024779000E-01  -6.51448636000E-01
  -5.51950184000E-01  -4.52114847000E-01  -3.52385746000E-01  -2.52604052000E-01
  -1.52769684000E-01  -5.28833281000E-02   4.70834262000E-02   1.47076363000E-01
   2.47123765000E-01   3.47225722000E-01   4.47518078000E-01   5.47616955000E-01
   6.47883193000E-01   7.48205800000E-01   8.48584871000E-01   9.53598328000E-01
   3.15248000000E-07   2.63721194332E+04   9.98587933044E-01  -9.50025526000E-01
  -8.50547139000E-01  -7.51018593000E-01  -6.51439812000E-01  -5.51937813000E-01
  -4.52102093000E-01  -3.52372124000E-01  -2.52589828000E-01  -1.52755123000E-01
  -5.28686894000E-02   4.70976974000E-02   1.47090169000E-01   2.47136924000E-01
   3.47238052000E-01   4.47528942000E-01   5.47626740000E-01   6.47891602000E-01
   7.48212736000E-01   8.48590236000E-01   9.53578792000E-01   3.28404000000E-07
   2.05415395585E+04   9.98896531093E-01  -9.50023832000E-01  -8.50530957000E-01
  -7.50989100000E-01  -6.51398187000E-01  -5.51882213000E-01  -4.52041155000E-01
  -3.52302617000E-01  -2.52513313000E-01  -1.52673166000E-01  -5.27828147000E-02
   4.71850712000E-02   1.47178258000E-01   2.47224018000E-01   3.47322436000E-01
   4.47604624000E-01   5.47700016000E-01   6.47956984000E-01   7.48268361000E-01
   8.48634236000E-01   9.53473155000E-01   3.42268400000E-07   1.58078196603E+04
   9.99148512121E-01  -9.50023983000E-01  -8.50512670000E-01  -7.50954364000E-01
  -6.51348998000E-01  -5.51815473000E-01  -4.51970308000E-01  -3.52223338000E-01
  -2.52427727000E-01  -1.52583404000E-01  -5.26909615000E-02   4.72754143000E-02
   1.47266364000E-01   2.47308624000E-01   3.47402274000E-01   4.47675265000E-01
   5.47765084000E-01   6.48013468000E-01   7.48315254000E-01   8.48670527000E-01
   9.53364344000E-01   3.52692000000E-07   1.29893097208E+04   9.99298597000E-01
  -9.50022633000E-01  -8.50503502000E-01  -7.50937919000E-01  -6.51325820000E-01
  -5.51784714000E-01  -4.51935458000E-01  -3.52183394000E-01  -2.52383185000E-01
  -1.52534761000E-01  -5.26386956000E-02   4.73308036000E-02   1.47324336000E-01
   2.47367731000E-01   3.47461064000E-01   4.47728667000E-01   5.47819052000E-01
   6.48062723000E-01   7.48357999000E-01   8.48704958000E-01   9.53293659000E-01
   3.66354000000E-07   1.00537397839E+04   9.99456004071E-01  -9.50021632000E-01
  -8.50480252000E-01  -7.50894570000E-01  -6.51264527000E-01  -5.51702131000E-01
  -4.51846063000E-01  -3.52082558000E-01  -2.52273181000E-01  -1.52417871000E-01
  -5.25171489000E-02   4.74534728000E-02   1.47447007000E-01   2.47488001000E-01
   3.47576523000E-01   4.47830892000E-01   5.47914584000E-01   6.48146204000E-01
   7.48427646000E-01   8.48758985000E-01   9.53148328000E-01   3.80269000000E-07
   7.75051883343E+03   9.99579877200E-01  -9.50021055000E-01  -8.50464895000E-01
  -7.50865880000E-01  -6.51223955000E-01  -5.51647429000E-01  -4.51786723000E-01
  -3.52015711000E-01  -2.52200246000E-01  -1.52340270000E-01  -5.24362712000E-02
   4.75353907000E-02   1.47529302000E-01   2.47569283000E-01   3.47655397000E-01
   4.47902495000E-01   5.47985706000E-01   6.48210680000E-01   7.48483361000E-01
   8.48803819000E-01   9.53041595000E-01   3.95196000000E-07   5.86904387386E+03
   9.99681526807E-01  -9.50019739000E-01  -8.50438676000E-01  -7.50817123000E-01
  -6.51155033000E-01  -5.51554669000E-01  -4.51686015000E-01  -3.51901990000E-01
  -2.52076004000E-01  -1.52208005000E-01  -5.22984288000E-02   4.76749476000E-02
   1.47669345000E-01   2.47707192000E-01   3.47788545000E-01   4.48021705000E-01
   5.48100362000E-01   6.48312645000E-01   7.48569883000E-01   8.48872139000E-01
   9.52869660000E-01   4.10021800000E-07   4.45647490422E+03   9.99758068845E-01
  -9.50019270000E-01  -8.50413086000E-01  -7.50768985000E-01  -6.51086922000E-01
  -5.51462608000E-01  -4.51587189000E-01  -3.51790960000E-01  -2.51955453000E-01
  -1.52080620000E-01  -5.21668465000E-02   4.78063930000E-02   1.47799536000E-01
   2.47833939000E-01   3.47909655000E-01   4.48129516000E-01   5.48202008000E-01
   6.48402047000E-01   7.48644997000E-01   8.48930914000E-01   9.52709264000E-01
   4.15005900000E-07   4.06295591268E+03   9.99779299692E-01  -9.50018275000E-01
  -8.50405173000E-01  -7.50754677000E-01  -6.51066744000E-01  -5.51435748000E-01
  -4.51557092000E-01  -3.51756574000E-01  -2.51917295000E-01  -1.52039212000E-01
  -5.21226956000E-02   4.78526566000E-02   1.47847466000E-01   2.47882415000E-01
   3.47957552000E-01   4.48172912000E-01   5.48245476000E-01   6.48441537000E-01
   7.48679135000E-01   8.48958319000E-01   9.52650635000E-01   4.25050000000E-07
   3.37314192751E+03   9.99816644147E-01  -9.50017861000E-01  -8.50391865000E-01
  -7.50729757000E-01  -6.51031499000E-01  -5.51388194000E-01  -4.51505683000E-01
  -3.51698716000E-01  -2.51854272000E-01  -1.51972310000E-01  -5.20531768000E-02
   4.79227925000E-02   1.47917604000E-01   2.47951272000E-01   3.48023840000E-01
   4.48232136000E-01   5.48302064000E-01   6.48491679000E-01   7.48721544000E-01
   8.48991708000E-01   9.52564145000E-01   4.30110000000E-07   3.07152593399E+03
   9.99832949157E-01  -9.50017608000E-01  -8.50384079000E-01  -7.50715186000E-01
  -6.51010892000E-01  -5.51360397000E-01  -4.51475624000E-01  -3.51664878000E-01
  -2.51817405000E-01  -1.51933166000E-01  -5.20124936000E-02   4.79638482000E-02
   1.47958672000E-01   2.47991598000E-01   3.48062670000E-01   4.48266833000E-01
   5.48335235000E-01   6.48521078000E-01   7.48746415000E-01   8.49011293000E-01
   9.52513514000E-01   4.42760000000E-07   2.43102994775E+03   9.99867752823E-01
  -9.50016533000E-01  -8.50361220000E-01  -7.50672632000E-01  -6.50950736000E-01
  -5.51279417000E-01  -4.51387766000E-01  -3.51565724000E-01  -2.51709135000E-01
  -1.51817964000E-01  -5.18925058000E-02   4.80852629000E-02   1.48080436000E-01
   2.48111439000E-01   3.48178312000E-01   4.48370325000E-01   5.48434672000E-01
   6.48609451000E-01   7.48821357000E-01   8.49070432000E-01   9.52363834000E-01
   4.51615000000E-07   2.06420895564E+03   9.99887655493E-01  -9.50016123000E-01
  -8.50348654000E-01  -7.50649117000E-01  -6.50917481000E-01  -5.51234564000E-01
  -4.51339260000E-01  -3.51511119000E-01  -2.51649643000E-01  -1.51754798000E-01
  -5.18268586000E-02   4.81515134000E-02   1.48146705000E-01   2.48176512000E-01
   3.48240969000E-01   4.48426311000E-01   5.48488198000E-01   6.48656891000E-01
   7.48861489000E-01   8.49102033000E-01   9.52282112000E-01   4.60470000000E-07
   1.75308296232E+03   9.99904556553E-01  -9.50015664000E-01  -8.50333212000E-01
  -7.50620189000E-01  -6.50876567000E-01  -5.51179361000E-01  -4.51279796000E-01
  -3.51444189000E-01  -2.51576829000E-01  -1.51677684000E-01  -5.17470061000E-02
   4.82315965000E-02   1.48226322000E-01   2.48254275000E-01   3.48315489000E-01
   4.48492735000E-01   5.48551165000E-01   6.48712432000E-01   7.48908271000E-01
   8.49138718000E-01   9.52184260000E-01   4.69578000000E-07   1.48213196815E+03
   9.99919289722E-01  -9.50014881000E-01  -8.50320238000E-01  -7.50596155000E-01
  -6.50842607000E-01  -5.51133735000E-01  -4.51229949000E-01  -3.51387828000E-01
  -2.51515088000E-01  -1.51611702000E-01  -5.16779019000E-02   4.83021513000E-02
   1.48297684000E-01   2.48325023000E-01   3.48384201000E-01   4.48554442000E-01
   5.48611174000E-01   6.48766111000E-01   7.48954055000E-01   8.49175039000E-01
   9.52096336000E-01   4.78686000000E-07   1.25307597307E+03   9.99931745859E-01
  -9.50014659000E-01  -8.50304097000E-01  -7.50565745000E-01  -6.50799578000E-01
  -5.51075558000E-01  -4.51167624000E-01  -3.51317857000E-01  -2.51439201000E-01
  -1.51531630000E-01  -5.15953539000E-02   4.83843842000E-02   1.48378900000E-01
   2.48403895000E-01   3.48459395000E-01   4.48621313000E-01   5.48674009000E-01
   6.48821268000E-01   7.49000313000E-01   8.49211174000E-01   9.51996058000E-01
   4.90830000000E-07   1.00164997847E+03   9.99945436555E-01  -9.50013565000E-01
  -8.50288777000E-01  -7.50537481000E-01  -6.50759655000E-01  -5.51022007000E-01
  -4.51108872000E-01  -3.51251311000E-01  -2.51366146000E-01  -1.51453353000E-01
  -5.15131210000E-02   4.84687366000E-02   1.48464587000E-01   2.48489147000E-01
   3.48542441000E-01   4.48695967000E-01   5.48746918000E-01   6.48886626000E-01
   7.49056158000E-01   8.49255540000E-01   9.51890835000E-01   5.04745000000E-07
   7.75219683339E+02   9.99957799126E-01  -9.50013022000E-01  -8.50271841000E-01
  -7.50505784000E-01  -6.50714832000E-01  -5.50961559000E-01  -4.51043506000E-01
  -3.51177736000E-01  -2.51285995000E-01  -1.51368264000E-01  -5.14247083000E-02
   4.85579565000E-02   1.48553820000E-01   2.48576755000E-01   3.48626785000E-01
   4.48771320000E-01   5.48818950000E-01   6.48950457000E-01   7.49110147000E-01
   8.49298042000E-01   9.51780716000E-01   5.14232500000E-07   6.50913486011E+02
   9.99964564345E-01  -9.50012623000E-01  -8.50256548000E-01  -7.50477100000E-01
  -6.50674261000E-01  -5.50906804000E-01  -4.50984579000E-01  -3.51111453000E-01
  -2.51213931000E-01  -1.51291998000E-01  -5.13457995000E-02   4.86370315000E-02
   1.48632356000E-01   2.48653355000E-01   3.48700049000E-01   4.48836364000E-01
   5.48879999000E-01   6.49003975000E-01   7.49154953000E-01   8.49332956000E-01
   9.51685224000E-01   5.23720000000E-07   5.46551988254E+02   9.99970244822E-01
  -9.50011932000E-01  -8.50246275000E-01  -7.50458118000E-01  -6.50647447000E-01
  -5.50870820000E-01  -4.50945155000E-01  -3.51066830000E-01  -2.51164983000E-01
  -1.51239598000E-01  -5.12908112000E-02   4.86933428000E-02   1.48689480000E-01
   2.48710167000E-01   3.48755424000E-01   4.48886373000E-01   5.48929338000E-01
   6.49048471000E-01   7.49193192000E-01   8.49363519000E-01   9.51613652000E-01
   5.35484500000E-07   4.40147890541E+02   9.99976048837E-01  -9.50011518000E-01
  -8.50233796000E-01  -7.50434773000E-01  -6.50614435000E-01  -5.50826312000E-01
  -4.50897016000E-01  -3.51012635000E-01  -2.51105936000E-01  -1.51176904000E-01
  -5.12256626000E-02   4.87591008000E-02   1.48755259000E-01   2.48774758000E-01
   3.48817615000E-01   4.48941939000E-01   5.48982477000E-01   6.49095568000E-01
   7.49233032000E-01   8.49394886000E-01   9.51532468000E-01   5.47249000000E-07
   3.54412292383E+02   9.99980722639E-01  -9.50011225000E-01  -8.50219223000E-01
  -7.50407382000E-01  -6.50575689000E-01  -5.50773984000E-01  -4.50840798000E-01
  -3.50949462000E-01  -2.51037329000E-01  -1.51104384000E-01  -5.11507355000E-02
   4.88340284000E-02   1.48829533000E-01   2.48847117000E-01   3.48886794000E-01
   4.49003527000E-01   5.49040624000E-01   6.49146739000E-01   7.49276042000E-01
   8.49428548000E-01   9.51440833000E-01   5.59140000000E-07   2.84657893882E+02
   9.99984522231E-01  -9.50010489000E-01  -8.50208261000E-01  -7.50387127000E-01
  -6.50547078000E-01  -5.50735591000E-01  -4.50798733000E-01  -3.50901852000E-01
  -2.50985104000E-01  -1.51048478000E-01  -5.10920696000E-02   4.88941243000E-02
   1.48890496000E-01   2.48907702000E-01   3.48945755000E-01   4.49056512000E-01
   5.49092319000E-01   6.49193052000E-01   7.49315592000E-01   8.49459953000E-01
   9.51365790000E-01   5.73308000000E-07   2.19240595288E+02   9.99988091847E-01
  -9.50010147000E-01  -8.50196733000E-01  -7.50365535000E-01  -6.50516543000E-01
  -5.50694408000E-01  -4.50754223000E-01  -3.50851773000E-01  -2.50930572000E-01
  -1.50990609000E-01  -5.10319699000E-02   4.89547482000E-02   1.48951100000E-01
   2.48967176000E-01   3.49002988000E-01   4.49107627000E-01   5.49141142000E-01
   6.49236293000E-01   7.49352147000E-01   8.49488717000E-01   9.51290915000E-01
   5.83934000000E-07   1.80220496127E+02   9.99990214184E-01  -9.50009584000E-01
  -8.50184989000E-01  -7.50343684000E-01  -6.50485659000E-01  -5.50652858000E-01
  -4.50709132000E-01  -3.50800881000E-01  -2.50874999000E-01  -1.50931478000E-01
  -5.09703931000E-02   4.90170733000E-02   1.49013607000E-01   2.49028696000E-01
   3.49062349000E-01   4.49160744000E-01   5.49192200000E-01   6.49281670000E-01
   7.49390623000E-01   8.49519072000E-01   9.51213982000E-01   5.94560000000E-07
   1.48147596816E+02   9.99991958804E-01  -9.50009402000E-01  -8.50178362000E-01
  -7.50331260000E-01  -6.50468089000E-01  -5.50629155000E-01  -4.50683527000E-01
  -3.50772084000E-01  -2.50843653000E-01  -1.50898225000E-01  -5.09358713000E-02
   4.90518817000E-02   1.49048389000E-01   2.49062816000E-01   3.49095173000E-01
   4.49190050000E-01   5.49220170000E-01   6.49306431000E-01   7.49411547000E-01
   8.49535530000E-01   9.51170980000E-01   6.04781200000E-07   1.22713797363E+02
   9.99993343068E-01  -9.50009225000E-01  -8.50171769000E-01  -7.50318898000E-01
  -6.50450607000E-01  -5.50605569000E-01  -4.50658051000E-01  -3.50743435000E-01
  -2.50812471000E-01  -1.50865149000E-01  -5.09015372000E-02   4.90864973000E-02
   1.49082975000E-01   2.49096741000E-01   3.49127804000E-01   4.49219183000E-01
   5.49247970000E-01   6.49331038000E-01   7.49432339000E-01   8.49551882000E-01
   9.51128213000E-01   6.15002400000E-07   1.01629197816E+02   9.99994489595E-01
  -9.50009120000E-01  -8.50162641000E-01  -7.50301690000E-01  -6.50426260000E-01
  -5.50572655000E-01  -4.50622821000E-01  -3.50703899000E-01  -2.50769615000E-01
  -1.50819962000E-01  -5.08550005000E-02   4.91328060000E-02   1.49128655000E-01
   2.49141047000E-01   3.49169991000E-01   4.49256649000E-01   5.49283056000E-01
   6.49361770000E-01   7.49458058000E-01   8.49571929000E-01   9.51071859000E-01
   6.27450000000E-07   8.07540182645E+01   9.99995621129E-01  -9.50008586000E-01
  -8.50155974000E-01  -7.50289430000E-01  -6.50408949000E-01  -5.50549472000E-01
  -4.50597276000E-01  -3.50674930000E-01  -2.50737752000E-01  -1.50785735000E-01
  -5.08189342000E-02   4.91699898000E-02   1.49166599000E-01   2.49178945000E-01
   3.49207035000E-01   4.49290022000E-01   5.49315890000E-01   6.49391315000E-01
   7.49483386000E-01   8.49592110000E-01   9.51025103000E-01   6.45160000000E-07
   5.82205387487E+01   9.99996843619E-01  -9.50009044000E-01  -8.50146134000E-01
  -7.50270491000E-01  -6.50382110000E-01  -5.50512918000E-01  -4.50558272000E-01
  -3.50631624000E-01  -2.50691087000E-01  -1.50736654000E-01  -5.07683749000E-02
   4.92205636000E-02   1.49216758000E-01   2.49227845000E-01   3.49253831000E-01
   4.49331767000E-01   5.49355456000E-01   6.49426240000E-01   7.49512844000E-01
   8.49615274000E-01   9.50960658000E-01   6.73243000000E-07   3.46447092554E+01
   9.99998122254E-01  -9.50007889000E-01  -8.50134023000E-01  -7.50248348000E-01
  -6.50350860000E-01  -5.50471159000E-01  -4.50512596000E-01  -3.50579623000E-01
  -2.50633941000E-01  -1.50675543000E-01  -5.07044709000E-02   4.92854993000E-02
   1.49282110000E-01   2.49292335000E-01   3.49316181000E-01   4.49387514000E-01
   5.49409083000E-01   6.49473883000E-01   7.49553206000E-01   8.49647059000E-01
   9.50882385000E-01   7.20427500000E-07   1.44676696891E+01   9.99999217118E-01
  -9.50007518000E-01  -8.50118076000E-01  -7.50218410000E-01  -6.50308518000E-01
  -5.50414014000E-01  -4.50450903000E-01  -3.50510292000E-01  -2.50558515000E-01
  -1.50595568000E-01  -5.06214823000E-02   4.93691473000E-02   1.49365668000E-01
   2.49374298000E-01   3.49395041000E-01   4.49458014000E-01   5.49476568000E-01
   6.49533735000E-01   7.49603873000E-01   8.49686987000E-01   9.50778317000E-01
   1.78644300000E-06  -6.31088710614E-24   1.00000000000E+00  -9.50005249000E-01
  -8.50051134000E-01  -7.50093229000E-01  -6.50131534000E-01  -5.50175527000E-01
  -4.50192909000E-01  -3.50219820000E-01  -2.50242037000E-01  -1.50259559000E-01
  -5.02723912000E-02   4.97215507000E-02   1.49718161000E-01   2.49720371000E-01
   3.49728183000E-01   4.49755512000E-01   5.49760878000E-01   6.49785564000E-01
   7.49816758000E-01   8.49854461000E-01   9.50343396000E-01
