  1001.01c    0.999167  5.1704E-08   03/26/26
H1                                                                       mat 125
      0         0.      0         0.      0         0.      0         0.
      0         0.      0         0.      0         0.      0         0.
      0         0.      0         0.      0         0.      0         0.
      0         0.      0         0.      0         0.      0         0.
     9620     1001      631        2        0        1        1        0
        0        1        1        0        0        0        0        0
        1        0     3156     3158     3160     3162     3164     4430
     4431     6565     6565     6565     7196     7197     7198     7206
     7207     7207     7208     8290        0     8291        0        0
        0        0        0        0        0     8292     8293     8294
   1.00000000000E-11   1.03125000000E-11   1.06250000000E-11   1.09375000000E-11
   1.12500000000E-11   1.15625000000E-11   1.18750000000E-11   1.21875000000E-11
   1.25000000000E-11   1.28125000000E-11   1.31250000000E-11   1.34375000000E-11
   1.37500000000E-11   1.43750000000E-11   1.50000000000E-11   1.56250000000E-11
   1.62500000000E-11   1.68750000000E-11   1.75000000000E-11   1.81250000000E-11
   1.87500000000E-11   1.93750000000E-11   2.00000000000E-11   2.09375000000E-11
   2.18750000000E-11   2.28125000000E-11   2.37500000000E-11   2.46875000000E-11
   2.56250000000E-11   2.65625000000E-11   2.75000000000E-11   2.84375000000E-11
   2.93750000000E-11   3.03125000000E-11   3.12500000000E-11   3.21875000000E-11
   3.31250000000E-11   3.40625000000E-11   3.50000000000E-11   3.59375000000E-11
   3.68750000000E-11   3.78125000000E-11   3.87500000000E-11   3.96875000000E-11
   4.06250000000E-11   4.25000000000E-11   4.43750000000E-11   4.62500000000E-11
   4.81250000000E-11   5.00000000000E-11   5.15625000000E-11   5.31250000000E-11
   5.46875000000E-11   5.62500000000E-11   5.78125000000E-11   5.93750000000E-11
   6.09375000000E-11   6.25000000000E-11   6.40625000000E-11   6.56250000000E-11
   6.71875000000E-11   6.87500000000E-11   7.18750000000E-11   7.50000000000E-11
   7.81250000000E-11   8.12500000000E-11   8.43750000000E-11   8.75000000000E-11
   9.06250000000E-11   9.37500000000E-11   9.68750000000E-11   1.00000000000E-10
   1.03125000000E-10   1.06250000000E-10   1.09375000000E-10   1.12500000000E-10
   1.15625000000E-10   1.18750000000E-10   1.21875000000E-10   1.25000000000E-10
   1.28125000000E-10   1.31250000000E-10   1.34375000000E-10   1.37500000000E-10
   1.43750000000E-10   1.50000000000E-10   1.56250000000E-10   1.62500000000E-10
   1.68750000000E-10   1.75000000000E-10   1.81250000000E-10   1.87500000000E-10
   1.93750000000E-10   2.00000000000E-10   2.09375000000E-10   2.18750000000E-10
   2.28125000000E-10   2.37500000000E-10   2.46875000000E-10   2.56250000000E-10
   2.65625000000E-10   2.75000000000E-10   2.84375000000E-10   2.93750000000E-10
   3.03125000000E-10   3.12500000000E-10   3.21875000000E-10   3.31250000000E-10
   3.40625000000E-10   3.50000000000E-10   3.59375000000E-10   3.68750000000E-10
   3.78125000000E-10   3.87500000000E-10   3.96875000000E-10   4.06250000000E-10
   4.25000000000E-10   4.43750000000E-10   4.62500000000E-10   4.81250000000E-10
   5.00000000000E-10   5.15625000000E-10   5.31250000000E-10   5.46875000000E-10
   5.62500000000E-10   5.78125000000E-10   5.93750000000E-10   6.09375000000E-10
   6.25000000000E-10   6.40625000000E-10   6.56250000000E-10   6.71875000000E-10
   6.87500000000E-10   7.18750000000E-10   7.50000000000E-10   7.81250000000E-10
   8.12500000000E-10   8.43750000000E-10   8.75000000000E-10   9.06250000000E-10
   9.37500000000E-10   9.68750000000E-10   1.00000000000E-09   1.03125000000E-09
   1.06250000000E-09   1.09375000000E-09   1.12500000000E-09   1.15625000000E-09
   1.18750000000E-09   1.21875000000E-09   1.25000000000E-09   1.28125000000E-09
   1.31250000000E-09   1.34375000000E-09   1.37500000000E-09   1.43750000000E-09
   1.50000000000E-09   1.56250000000E-09   1.62500000000E-09   1.68750000000E-09
   1.75000000000E-09   1.81250000000E-09   1.87500000000E-09   1.93750000000E-09
   2.00000000000E-09   2.09375000000E-09   2.18750000000E-09   2.28125000000E-09
   2.37500000000E-09   2.46875000000E-09   2.56250000000E-09   2.65625000000E-09
   2.75000000000E-09   2.84375000000E-09   2.93750000000E-09   3.03125000000E-09
   3.12500000000E-09   3.21875000000E-09   3.31250000000E-09   3.40625000000E-09
   3.50000000000E-09   3.59375000000E-09   3.68750000000E-09   3.78125000000E-09
   3.87500000000E-09   3.96875000000E-09   4.06250000000E-09   4.25000000000E-09
   4.43750000000E-09   4.62500000000E-09   4.81250000000E-09   5.00000000000E-09
   5.15625000000E-09   5.31250000000E-09   5.46875000000E-09   5.62500000000E-09
   5.78125000000E-09   5.93750000000E-09   6.09375000000E-09   6.25000000000E-09
   6.40625000000E-09   6.56250000000E-09   6.71875000000E-09   6.87500000000E-09
   7.18750000000E-09   7.50000000000E-09   7.81250000000E-09   8.12500000000E-09
   8.43750000000E-09   8.75000000000E-09   9.06250000000E-09   9.37500000000E-09
   9.68750000000E-09   1.00000000000E-08   1.03125000000E-08   1.06250000000E-08
   1.09375000000E-08   1.12500000000E-08   1.15625000000E-08   1.18750000000E-08
   1.21875000000E-08   1.25000000000E-08   1.28125000000E-08   1.31250000000E-08
   1.34375000000E-08   1.37500000000E-08   1.43750000000E-08   1.50000000000E-08
   1.56250000000E-08   1.62500000000E-08   1.68750000000E-08   1.75000000000E-08
   1.81250000000E-08   1.87500000000E-08   1.93750000000E-08   2.00000000000E-08
   2.06625000000E-08   2.13250000000E-08   2.19875000000E-08   2.26500000000E-08
   2.33125000000E-08   2.39750000000E-08   2.46375000000E-08   2.53000000000E-08
   2.64578200000E-08   2.76156300000E-08   2.87734400000E-08   2.99312500000E-08
   3.10890700000E-08   3.22468800000E-08   3.34046900000E-08   3.45625000000E-08
   3.55273500000E-08   3.64921900000E-08   3.74570400000E-08   3.84218800000E-08
   3.93867300000E-08   4.03515700000E-08   4.13164100000E-08   4.22812500000E-08
   4.42109400000E-08   4.61406300000E-08   4.80703200000E-08   5.00000000000E-08
   5.15625000000E-08   5.31250000000E-08   5.46875000000E-08   5.62500000000E-08
   5.78125000000E-08   5.93750000000E-08   6.09375000000E-08   6.25000000000E-08
   6.40625000000E-08   6.56250000000E-08   6.71875000000E-08   6.87500000000E-08
   7.18750000000E-08   7.50000000000E-08   7.81250000000E-08   8.12500000000E-08
   8.43750000000E-08   8.75000000000E-08   9.06250000000E-08   9.37500000000E-08
   9.68750000000E-08   1.00000000000E-07   1.03125000000E-07   1.06250000000E-07
   1.09375000000E-07   1.12500000000E-07   1.15625000000E-07   1.18750000000E-07
   1.21875000000E-07   1.25000000000E-07   1.28125000000E-07   1.31250000000E-07
   1.34375000000E-07   1.37500000000E-07   1.43750000000E-07   1.50000000000E-07
   1.56250000000E-07   1.62500000000E-07   1.68750000000E-07   1.75000000000E-07
   1.81250000000E-07   1.87500000000E-07   1.93750000000E-07   2.00000000000E-07
   2.09375000000E-07   2.18750000000E-07   2.28125000000E-07   2.37500000000E-07
   2.46875000000E-07   2.56250000000E-07   2.65625000000E-07   2.75000000000E-07
   2.84375000000E-07   2.93750000000E-07   3.03125000000E-07   3.12500000000E-07
   3.21875000000E-07   3.31250000000E-07   3.40625000000E-07   3.50000000000E-07
   3.59375000000E-07   3.68750000000E-07   3.78125000000E-07   3.87500000000E-07
   3.96875000000E-07   4.06250000000E-07   4.25000000000E-07   4.43750000000E-07
   4.62500000000E-07   5.00000000000E-07   5.31250000000E-07   5.62500000000E-07
   5.93750000000E-07   6.25000000000E-07   6.87500000000E-07   7.50000000000E-07
   8.12500000000E-07   8.75000000000E-07   9.37500000000E-07   1.00000000000E-06
   1.06250000000E-06   1.12500000000E-06   1.18750000000E-06   1.25000000000E-06
   1.37500000000E-06   1.50000000000E-06   1.62500000000E-06   1.75000000000E-06
   1.87500000000E-06   2.00000000000E-06   2.18750000000E-06   2.37500000000E-06
   2.56250000000E-06   2.75000000000E-06   2.93750000000E-06   3.12500000000E-06
   3.31250000000E-06   3.50000000000E-06   3.87500000000E-06   4.25000000000E-06
   4.62500000000E-06   5.00000000000E-06   5.31250000000E-06   5.62500000000E-06
   5.93750000000E-06   6.25000000000E-06   6.87500000000E-06   7.50000000000E-06
   8.12500000000E-06   8.75000000000E-06   9.37500000000E-06   1.00000000000E-05
   1.06250000000E-05   1.12500000000E-05   1.18750000000E-05   1.25000000000E-05
   1.37500000000E-05   1.50000000000E-05   1.62500000000E-05   1.75000000000E-05
   1.87500000000E-05   2.00000000000E-05   2.18750000000E-05   2.37500000000E-05
   2.56250000000E-05   2.75000000000E-05   2.93750000000E-05   3.12500000000E-05
   3.31250000000E-05   3.50000000000E-05   3.87500000000E-05   4.25000000000E-05
   4.62500000000E-05   5.00000000000E-05   5.31250000000E-05   5.62500000000E-05
   5.93750000000E-05   6.25000000000E-05   6.87500000000E-05   7.50000000000E-05
   8.12500000000E-05   8.75000000000E-05   9.37500000000E-05   1.00000000000E-04
   1.06250000000E-04   1.12500000000E-04   1.18750000000E-04   1.25000000000E-04
   1.37500000000E-04   1.50000000000E-04   1.62500000000E-04   1.75000000000E-04
   1.87500000000E-04   2.00000000000E-04   2.18750000000E-04   2.37500000000E-04
   2.56250000000E-04   2.75000000000E-04   2.93750000000E-04   3.12500000000E-04
   3.31250000000E-04   3.50000000000E-04   3.87500000000E-04   4.25000000000E-04
   4.62500000000E-04   5.00000000000E-04   5.31250000000E-04   5.62500000000E-04
   5.93750000000E-04   6.25000000000E-04   6.87500000000E-04   7.50000000000E-04
   8.12500000000E-04   8.75000000000E-04   9.37500000000E-04   1.00000000000E-03
   1.06250000000E-03   1.12500000000E-03   1.18750000000E-03   1.25000000000E-03
   1.37500000000E-03   1.50000000000E-03   1.62500000000E-03   1.75000000000E-03
   1.87500000000E-03   2.00000000000E-03   2.12500000000E-03   2.25000000000E-03
   2.37500000000E-03   2.50000000000E-03   2.75000000000E-03   3.00000000000E-03
   3.25000000000E-03   3.50000000000E-03   3.75000000000E-03   4.00000000000E-03
   4.25000000000E-03   4.50000000000E-03   4.75000000000E-03   5.00000000000E-03
   5.25000000000E-03   5.50000000000E-03   5.75000000000E-03   6.00000000000E-03
   6.25000000000E-03   6.50000000000E-03   6.75000000000E-03   7.00000000000E-03
   7.50000000000E-03   8.00000000000E-03   8.50000000000E-03   9.00000000000E-03
   9.50000000000E-03   1.00000000000E-02   1.05000000000E-02   1.10000000000E-02
   1.15000000000E-02   1.20000000000E-02   1.25000000000E-02   1.30000000000E-02
   1.35000000000E-02   1.40000000000E-02   1.50000000000E-02   1.60000000000E-02
   1.70000000000E-02   1.80000000000E-02   1.90000000000E-02   2.00000000000E-02
   2.10000000000E-02   2.20000000000E-02   2.30000000000E-02   2.40000000000E-02
   2.50000000000E-02   2.60000000000E-02   2.70000000000E-02   2.80000000000E-02
   3.00000000000E-02   3.25000000000E-02   3.50000000000E-02   3.75000000000E-02
   4.00000000000E-02   4.25000000000E-02   4.50000000000E-02   4.75000000000E-02
   5.00000000000E-02   5.25000000000E-02   5.50000000000E-02   5.75000000000E-02
   6.00000000000E-02   6.25000000000E-02   6.50000000000E-02   6.75000000000E-02
   7.00000000000E-02   7.50000000000E-02   8.00000000000E-02   8.50000000000E-02
   9.00000000000E-02   9.50000000000E-02   1.00000000000E-01   1.05000000000E-01
   1.10000000000E-01   1.15000000000E-01   1.20000000000E-01   1.25000000000E-01
   1.30000000000E-01   1.35000000000E-01   1.40000000000E-01   1.50000000000E-01
   1.60000000000E-01   1.70000000000E-01   1.80000000000E-01   1.90000000000E-01
   2.00000000000E-01   2.10000000000E-01   2.20000000000E-01   2.30000000000E-01
   2.40000000000E-01   2.50000000000E-01   2.60000000000E-01   2.70000000000E-01
   2.80000000000E-01   3.00000000000E-01   3.20000000000E-01   3.40000000000E-01
   3.60000000000E-01   3.80000000000E-01   4.00000000000E-01   4.20000000000E-01
   4.40000000000E-01   4.60000000000E-01   4.80000000000E-01   5.00000000000E-01
   5.25000000000E-01   5.50000000000E-01   5.75000000000E-01   6.00000000000E-01
   6.25000000000E-01   6.50000000000E-01   6.75000000000E-01   7.00000000000E-01
   7.50000000000E-01   8.00000000000E-01   8.50000000000E-01   9.00000000000E-01
   9.50000000000E-01   1.00000000000E+00   1.10000000000E+00   1.20000000000E+00
   1.30000000000E+00   1.40000000000E+00   1.50000000000E+00   1.60000000000E+00
   1.70000000000E+00   1.80000000000E+00   1.90000000000E+00   2.00000000000E+00
   2.20000000000E+00   2.40000000000E+00   2.60000000000E+00   2.80000000000E+00
   3.00000000000E+00   3.20000000000E+00   3.40000000000E+00   3.60000000000E+00
   3.80000000000E+00   4.00000000000E+00   4.20000000000E+00   4.40000000000E+00
   4.60000000000E+00   4.80000000000E+00   5.00000000000E+00   5.20000000000E+00
   5.40000000000E+00   5.60000000000E+00   5.80000000000E+00   6.00000000000E+00
   6.20000000000E+00   6.40000000000E+00   6.60000000000E+00   6.80000000000E+00
   7.00000000000E+00   7.50000000000E+00   8.00000000000E+00   8.50000000000E+00
   9.00000000000E+00   9.50000000000E+00   1.00000000000E+01   1.05000000000E+01
   1.10000000000E+01   1.15000000000E+01   1.20000000000E+01   1.25000000000E+01
   1.30000000000E+01   1.35000000000E+01   1.40000000000E+01   1.45000000000E+01
   1.50000000000E+01   1.55000000000E+01   1.60000000000E+01   1.65000000000E+01
   1.70000000000E+01   1.75000000000E+01   1.80000000000E+01   1.85000000000E+01
   1.90000000000E+01   1.95000000000E+01   2.00000000000E+01   1.67563988000E+03
   1.65005944000E+03   1.62561536000E+03   1.60222782000E+03   1.57982108000E+03
   1.55832847000E+03   1.53769039000E+03   1.51785128000E+03   1.49876166000E+03
   1.48037405000E+03   1.46264703000E+03   1.44554223000E+03   1.42902429000E+03
   1.39761868000E+03   1.36819789000E+03   1.34055990000E+03   1.31453199000E+03
   1.28996466000E+03   1.26672460000E+03   1.24469864000E+03   1.22378277000E+03
   1.20388710000E+03   1.18493181000E+03   1.15810593000E+03   1.13302446000E+03
   1.10950560000E+03   1.08739378000E+03   1.06655366000E+03   1.04686807000E+03
   1.02823398000E+03   1.01056150000E+03   9.93770108000E+02   9.77789313000E+02
   9.62555881000E+02   9.48013247000E+02   9.34110806000E+02   9.20802901000E+02
   9.08048322000E+02   8.95809695000E+02   8.84053383000E+02   8.72748278000E+02
   8.61866298000E+02   8.51381786000E+02   8.41271007000E+02   8.31512343000E+02
   8.12972982000E+02   7.95621584000E+02   7.79336635000E+02   7.64012985000E+02
   7.49559828000E+02   7.38122895000E+02   7.27194340000E+02   7.16737696000E+02
   7.06719935000E+02   6.97111259000E+02   6.87884396000E+02   6.79014902000E+02
   6.70480151000E+02   6.62259638000E+02   6.54334675000E+02   6.46687790000E+02
   6.39303225000E+02   6.25263276000E+02   6.12112192000E+02   5.99756967000E+02
   5.88121733000E+02   5.77139318000E+02   5.66750834000E+02   5.56904566000E+02
   5.47555058000E+02   5.38661808000E+02   5.30188955000E+02   5.22104380000E+02
   5.14379295000E+02   5.06987842000E+02   4.99906689000E+02   4.93114723000E+02
   4.86592854000E+02   4.80323508000E+02   4.74290826000E+02   4.68480464000E+02
   4.62878887000E+02   4.57473975000E+02   4.52254515000E+02   4.42331244000E+02
   4.33035238000E+02   4.24302963000E+02   4.16079874000E+02   4.08318194000E+02
   4.00976407000E+02   3.94018051000E+02   3.87410901000E+02   3.81126174000E+02
   3.75138816000E+02   3.66665805000E+02   3.58744000000E+02   3.51316229000E+02
   3.44333100000E+02   3.37751987000E+02   3.31535720000E+02   3.25651974000E+02
   3.20072064000E+02   3.14770636000E+02   3.09725468000E+02   3.04916459000E+02
   3.00325732000E+02   2.95937427000E+02   2.91736899000E+02   2.87711318000E+02
   2.83848766000E+02   2.80138637000E+02   2.76571033000E+02   2.73137266000E+02
   2.69829053000E+02   2.66638921000E+02   2.63560000000E+02   2.57711247000E+02
   2.52237945000E+02   2.47101511000E+02   2.42268812000E+02   2.37711163000E+02
   2.34104939000E+02   2.30659421000E+02   2.27362893000E+02   2.24205051000E+02
   2.21176400000E+02   2.18268456000E+02   2.15473340000E+02   2.12783881000E+02
   2.10193715000E+02   2.07697082000E+02   2.05288127000E+02   2.02962100000E+02
   1.98540050000E+02   1.94398301000E+02   1.90508271000E+02   1.86845614000E+02
   1.83389119000E+02   1.80120100000E+02   1.77022293000E+02   1.74081255000E+02
   1.71284358000E+02   1.68619989000E+02   1.66078245000E+02   1.63649937000E+02
   1.61326983000E+02   1.59101909000E+02   1.56968048000E+02   1.54919440000E+02
   1.52950429000E+02   1.51056166000E+02   1.49232005000E+02   1.47473804000E+02
   1.45777524000E+02   1.44139729000E+02   1.41026869000E+02   1.38111789000E+02
   1.35374491000E+02   1.32797600000E+02   1.30366267000E+02   1.28067360000E+02
   1.25889165000E+02   1.23821678000E+02   1.21855810000E+02   1.19983582000E+02
   1.17335294000E+02   1.14860547000E+02   1.12541460000E+02   1.10362278000E+02
   1.08309667000E+02   1.06371908000E+02   1.04538699000E+02   1.02801150000E+02
   1.01151181000E+02   9.95818018000E+01   9.80866586000E+01   9.66601552000E+01
   9.52972411000E+01   9.39933706000E+01   9.27444727000E+01   9.15467701000E+01
   9.03969188000E+01   8.92918483000E+01   8.82287603000E+01   8.72050991000E+01
   8.62185012000E+01   8.52668049000E+01   8.34603488000E+01   8.17716090000E+01
   8.01884840000E+01   7.87005491000E+01   7.72987433000E+01   7.61906500000E+01
   7.51328445000E+01   7.41216701000E+01   7.31538740000E+01   7.22264764000E+01
   7.13368001000E+01   7.04823807000E+01   6.96610055000E+01   6.88706242000E+01
   6.81093880000E+01   6.73755595000E+01   6.66675829000E+01   6.53234381000E+01
   6.40666292000E+01   6.28882567000E+01   6.17806734000E+01   6.07371919000E+01
   5.97519936000E+01   5.88199967000E+01   5.79366660000E+01   5.70980209000E+01
   5.63005257000E+01   5.55409882000E+01   5.48165797000E+01   5.41247544000E+01
   5.34631991000E+01   5.28298425000E+01   5.22227856000E+01   5.16403310000E+01
   5.10809029000E+01   5.05430666000E+01   5.00255290000E+01   4.95270777000E+01
   4.90466017000E+01   4.81356247000E+01   4.72853541000E+01   4.64895467000E+01
   4.57428477000E+01   4.50405997000E+01   4.43787411000E+01   4.37536954000E+01
   4.31623105000E+01   4.26018078000E+01   4.20697020000E+01   4.15342259000E+01
   4.10258238000E+01   4.05424141000E+01   4.00820975000E+01   3.96432067000E+01
   3.92241958000E+01   3.88236907000E+01   3.84404484000E+01   3.78087694000E+01
   3.72210282000E+01   3.66726373000E+01   3.61596456000E+01   3.56786273000E+01
   3.52265916000E+01   3.48009310000E+01   3.43993213000E+01   3.40815506000E+01
   3.37780252000E+01   3.34877750000E+01   3.32099310000E+01   3.29437047000E+01
   3.26883584000E+01   3.24432351000E+01   3.22077083000E+01   3.17632707000E+01
   3.13510331000E+01   3.09675890000E+01   3.06099869000E+01   3.03375946000E+01
   3.00792828000E+01   2.98339600000E+01   2.96006758000E+01   2.93785608000E+01
   2.91668263000E+01   2.89647648000E+01   2.87717189000E+01   2.85870922000E+01
   2.84103689000E+01   2.82410234000E+01   2.80786308000E+01   2.77730257000E+01
   2.74905809000E+01   2.72287678000E+01   2.69854322000E+01   2.67586928000E+01
   2.65469109000E+01   2.63486802000E+01   2.61627364000E+01   2.59879967000E+01
   2.58234698000E+01   2.56683155000E+01   2.55217547000E+01   2.53830893000E+01
   2.52517319000E+01   2.51270958000E+01   2.50087050000E+01   2.48961040000E+01
   2.47888777000E+01   2.46866516000E+01   2.45891015000E+01   2.44959035000E+01
   2.44067841000E+01   2.42397581000E+01   2.40861902000E+01   2.39445503000E+01
   2.38135013000E+01   2.36919081000E+01   2.35787974000E+01   2.34733179000E+01
   2.33747193000E+01   2.32823726000E+01   2.31956897000E+01   2.30752210000E+01
   2.29649164000E+01   2.28635578000E+01   2.27701097000E+01   2.26836686000E+01
   2.26034828000E+01   2.25289021000E+01   2.24593573000E+01   2.23943605000E+01
   2.23334746000E+01   2.22763134000E+01   2.22225611000E+01   2.21719128000E+01
   2.21241139000E+01   2.20789202000E+01   2.20361280000E+01   2.19955439000E+01
   2.19570150000E+01   2.19203783000E+01   2.18855112000E+01   2.18522615000E+01
   2.18205470000E+01   2.17612755000E+01   2.17069727000E+01   2.16570363000E+01
   2.15683225000E+01   2.15038788000E+01   2.14465340000E+01   2.13951727000E+01
   2.13489044000E+01   2.12688703000E+01   2.12020640000E+01   2.11454275000E+01
   2.10967924000E+01   2.10545846000E+01   2.10175893000E+01   2.09848995000E+01
   2.09557933000E+01   2.09297227000E+01   2.09062232000E+01   2.08655407000E+01
   2.08315597000E+01   2.08027348000E+01   2.07779649000E+01   2.07564487000E+01
   2.07375817000E+01   2.07132523000E+01   2.06927013000E+01   2.06751115000E+01
   2.06598751000E+01   2.06465402000E+01   2.06347698000E+01   2.06243103000E+01
   2.06149407000E+01   2.05988670000E+01   2.05855636000E+01   2.05743712000E+01
   2.05648008000E+01   2.05578344000E+01   2.05516177000E+01   2.05460326000E+01
   2.05409826000E+01   2.05322173000E+01   2.05248681000E+01   2.05186005000E+01
   2.05131959000E+01   2.05084799000E+01   2.05043212000E+01   2.05006214000E+01
   2.04973137000E+01   2.04943427000E+01   2.04916436000E+01   2.04869267000E+01
   2.04829490000E+01   2.04795332000E+01   2.04765665000E+01   2.04739579000E+01
   2.04716395000E+01   2.04686003000E+01   2.04659842000E+01   2.04636994000E+01
   2.04616774000E+01   2.04598705000E+01   2.04582430000E+01   2.04567510000E+01
   2.04554011000E+01   2.04529870000E+01   2.04508931000E+01   2.04490470000E+01
   2.04473799000E+01   2.04461167000E+01   2.04449419000E+01   2.04438335000E+01
   2.04427995000E+01   2.04408777000E+01   2.04391258000E+01   2.04375059000E+01
   2.04359829000E+01   2.04345515000E+01   2.04331877000E+01   2.04318794000E+01
   2.04306145000E+01   2.04293912000E+01   2.04282080000E+01   2.04259174000E+01
   2.04237251000E+01   2.04216054000E+01   2.04195446000E+01   2.04175292000E+01
   2.04155461000E+01   2.04126515000E+01   2.04098069000E+01   2.04069985000E+01
   2.04042338000E+01   2.04015003000E+01   2.03987860000E+01   2.03960998000E+01
   2.03934206000E+01   2.03881100000E+01   2.03828484000E+01   2.03776220000E+01
   2.03724279000E+01   2.03681269000E+01   2.03638518000E+01   2.03595820000E+01
   2.03553267000E+01   2.03468276000E+01   2.03383613000E+01   2.03299152000E+01
   2.03214775000E+01   2.03130567000E+01   2.03046516000E+01   2.02963410000E+01
   2.02880447000E+01   2.02797522000E+01   2.02714629000E+01   2.02549025000E+01
   2.02383612000E+01   2.02218271000E+01   2.02052991000E+01   2.01887859000E+01
   2.01722969000E+01   2.01560209000E+01   2.01397580000E+01   2.01235077000E+01
   2.01072698000E+01   2.00747798000E+01   2.00423162000E+01   2.00103074000E+01
   1.99783229000E+01   1.99463320000E+01   1.99143740000E+01   1.98828383000E+01
   1.98513348000E+01   1.98198132000E+01   1.97883232000E+01   1.97572546000E+01
   1.97262172000E+01   1.96951610000E+01   1.96641359000E+01   1.96335215000E+01
   1.96029080000E+01   1.95723153000E+01   1.95417333000E+01   1.94813809000E+01
   1.94210807000E+01   1.93615821000E+01   1.93021252000E+01   1.92434695000E+01
   1.91848651000E+01   1.91274029000E+01   1.90699807000E+01   1.90125585000E+01
   1.89551764000E+01   1.88992667000E+01   1.88434072000E+01   1.87875476000E+01
   1.87317382000E+01   1.86229726000E+01   1.85142972000E+01   1.84084042000E+01
   1.83026114000E+01   1.81994904000E+01   1.80964595000E+01   1.79959900000E+01
   1.78956205000E+01   1.77977122000E+01   1.76998940000E+01   1.76044366000E+01
   1.75090693000E+01   1.74159827000E+01   1.73229862000E+01   1.71415044000E+01
   1.69239319000E+01   1.67065695000E+01   1.65015094000E+01   1.62966793000E+01
   1.61030810000E+01   1.59097127000E+01   1.57266556000E+01   1.55438186000E+01
   1.53704426000E+01   1.51972865000E+01   1.50328513000E+01   1.48686161000E+01
   1.47124315000E+01   1.45564469000E+01   1.44079028000E+01   1.42595488000E+01
   1.39768416000E+01   1.37072951000E+01   1.34500192000E+01   1.32041739000E+01
   1.29690191000E+01   1.27438947000E+01   1.25323808000E+01   1.23211069000E+01
   1.21260836000E+01   1.19313303000E+01   1.17509475000E+01   1.15708146000E+01
   1.14034721000E+01   1.12363597000E+01   1.09251753000E+01   1.06348915000E+01
   1.03634481000E+01   1.01090051000E+01   9.87001243000E+00   9.64509501000E+00
   9.43872093000E+00   9.23258485000E+00   9.04775914000E+00   8.86317743000E+00
   8.69664401000E+00   8.53032659000E+00   8.37943039000E+00   8.22872620000E+00
   7.95405118000E+00   7.70274347000E+00   7.47184301000E+00   7.25887475000E+00
   7.06174867000E+00   6.87868674000E+00   6.70817093000E+00   6.54889424000E+00
   6.39972663000E+00   6.25968411000E+00   6.12793266000E+00   5.97887923000E+00
   5.82995279000E+00   5.69969849000E+00   5.56957520000E+00   5.45458001000E+00
   5.33969682000E+00   5.23724770000E+00   5.13489559000E+00   4.95097647000E+00
   4.78464345000E+00   4.63326749000E+00   4.49472857000E+00   4.36729570000E+00
   4.24954985000E+00   4.03853019000E+00   3.85424157000E+00   3.69133395000E+00
   3.54583232000E+00   3.41471766000E+00   3.29566197000E+00   3.18683225000E+00
   3.08676649000E+00   2.99428670000E+00   2.90842888000E+00   2.75350113000E+00
   2.61701828000E+00   2.49541535000E+00   2.38604633000E+00   2.28690526000E+00
   2.19642915000E+00   2.11338900000E+00   2.03679183000E+00   1.96582864000E+00
   1.89983443000E+00   1.83824922000E+00   1.78060600000E+00   1.72650079000E+00
   1.67559457000E+00   1.62758635000E+00   1.58221914000E+00   1.53926593000E+00
   1.49852772000E+00   1.45982852000E+00   1.42301033000E+00   1.38793214000E+00
   1.35446796000E+00   1.32250478000E+00   1.29194160000E+00   1.26268544000E+00
   1.19472404000E+00   1.13329067000E+00   1.07747233000E+00   1.02652802000E+00
   9.79843718000E-01   9.36906138000E-01   8.97283872000E-01   8.60610519000E-01
   8.26572176000E-01   7.94898642000E-01   7.65355715000E-01   7.37739295000E-01
   7.11870378000E-01   6.87591866000E-01   6.64764557000E-01   6.43265050000E-01
   6.22983444000E-01   6.03821339000E-01   5.85690736000E-01   5.68512232000E-01
   5.52214429000E-01   5.36732525000E-01   5.22008022000E-01   5.07987418000E-01
   4.94622113000E-01   4.81867908000E-01   1.67298800000E+01   1.64744400000E+01
   1.62303600000E+01   1.59968200000E+01   1.57730800000E+01   1.55584700000E+01
   1.53523900000E+01   1.51542800000E+01   1.49636600000E+01   1.47800500000E+01
   1.46030300000E+01   1.44322300000E+01   1.42672900000E+01   1.39536800000E+01
   1.36598900000E+01   1.33839000000E+01   1.31239900000E+01   1.28786600000E+01
   1.26466000000E+01   1.24266400000E+01   1.22177700000E+01   1.20191000000E+01
   1.18298100000E+01   1.15619300000E+01   1.13114600000E+01   1.10766000000E+01
   1.08557800000E+01   1.06476600000E+01   1.04510700000E+01   1.02649800000E+01
   1.00885000000E+01   9.92080800000E+00   9.76121300000E+00   9.60908100000E+00
   9.46384700000E+00   9.32500600000E+00   9.19210100000E+00   9.06472200000E+00
   8.94249500000E+00   8.82508300000E+00   8.71217800000E+00   8.60349800000E+00
   8.49878600000E+00   8.39780700000E+00   8.30034300000E+00   8.11518200000E+00
   7.94188400000E+00   7.77923500000E+00   7.62618500000E+00   7.48182800000E+00
   7.36759500000E+00   7.25844000000E+00   7.15399600000E+00   7.05393500000E+00
   6.95795900000E+00   6.86579600000E+00   6.77720200000E+00   6.69195100000E+00
   6.60983800000E+00   6.53067500000E+00   6.45429000000E+00   6.38052500000E+00
   6.24027600000E+00   6.10889200000E+00   5.98546700000E+00   5.86923300000E+00
   5.75951800000E+00   5.65573400000E+00   5.55736600000E+00   5.46395800000E+00
   5.37510800000E+00   5.29045500000E+00   5.20968000000E+00   5.13249500000E+00
   5.05864200000E+00   4.98788900000E+00   4.92002300000E+00   4.85485400000E+00
   4.79220800000E+00   4.73192600000E+00   4.67386400000E+00   4.61788700000E+00
   4.56387500000E+00   4.51171500000E+00   4.41254400000E+00   4.31963800000E+00
   4.23236300000E+00   4.15017400000E+00   4.07259400000E+00   3.99920700000E+00
   3.92965100000E+00   3.86360100000E+00   3.80077400000E+00   3.74091600000E+00
   3.65620500000E+00   3.57700000000E+00   3.50272900000E+00   3.43290000000E+00
   3.36708700000E+00   3.30492000000E+00   3.24607400000E+00   3.19026400000E+00
   3.13723600000E+00   3.08676800000E+00   3.03865900000E+00   2.99273200000E+00
   2.94882700000E+00   2.90679900000E+00   2.86651800000E+00   2.82786600000E+00
   2.79073700000E+00   2.75503300000E+00   2.72066600000E+00   2.68755300000E+00
   2.65562100000E+00   2.62480000000E+00   2.56624700000E+00   2.51144500000E+00
   2.46001100000E+00   2.41161200000E+00   2.36596300000E+00   2.32983900000E+00
   2.29532100000E+00   2.26229300000E+00   2.23065100000E+00   2.20030000000E+00
   2.17115600000E+00   2.14314000000E+00   2.11618100000E+00   2.09021500000E+00
   2.06518200000E+00   2.04102700000E+00   2.01770000000E+00   1.97335000000E+00
   1.93180100000E+00   1.89277100000E+00   1.85601400000E+00   1.82131900000E+00
   1.78850000000E+00   1.75739300000E+00   1.72785500000E+00   1.69975800000E+00
   1.67298900000E+00   1.64744500000E+00   1.62303700000E+00   1.59968300000E+00
   1.57730900000E+00   1.55584800000E+00   1.53524000000E+00   1.51542900000E+00
   1.49636600000E+00   1.47800500000E+00   1.46030400000E+00   1.44322400000E+00
   1.42672900000E+00   1.39536900000E+00   1.36598900000E+00   1.33839100000E+00
   1.31240000000E+00   1.28786700000E+00   1.26466000000E+00   1.24266500000E+00
   1.22177800000E+00   1.20191000000E+00   1.18298200000E+00   1.15619400000E+00
   1.13114700000E+00   1.10766000000E+00   1.08557800000E+00   1.06476700000E+00
   1.04510800000E+00   1.02649900000E+00   1.00885000000E+00   9.92081300000E-01
   9.76121800000E-01   9.60908600000E-01   9.46385200000E-01   9.32501100000E-01
   9.19210600000E-01   9.06472700000E-01   8.94250100000E-01   8.82508800000E-01
   8.71218300000E-01   8.60350300000E-01   8.49879100000E-01   8.39781200000E-01
   8.30034900000E-01   8.11518800000E-01   7.94189000000E-01   7.77924000000E-01
   7.62619100000E-01   7.48183300000E-01   7.36760000000E-01   7.25844500000E-01
   7.15400100000E-01   7.05394000000E-01   6.95796400000E-01   6.86580100000E-01
   6.77720700000E-01   6.69195500000E-01   6.60984200000E-01   6.53068000000E-01
   6.45429500000E-01   6.38052900000E-01   6.24028100000E-01   6.10889200000E-01
   5.98546700000E-01   5.86923400000E-01   5.75951900000E-01   5.65573600000E-01
   5.55736700000E-01   5.46396000000E-01   5.37510900000E-01   5.29045700000E-01
   5.20968200000E-01   5.13249700000E-01   5.05864400000E-01   4.98789100000E-01
   4.92002500000E-01   4.85485600000E-01   4.79221000000E-01   4.73192900000E-01
   4.67386600000E-01   4.61789000000E-01   4.56387700000E-01   4.51171700000E-01
   4.41254700000E-01   4.31964100000E-01   4.23236700000E-01   4.15017700000E-01
   4.07259700000E-01   3.99921100000E-01   3.92965400000E-01   3.86360500000E-01
   3.80077800000E-01   3.74092000000E-01   3.68045900000E-01   3.62283800000E-01
   3.56784100000E-01   3.51527500000E-01   3.46496700000E-01   3.41675800000E-01
   3.37050700000E-01   3.32608400000E-01   3.25249400000E-01   3.18358200000E-01
   3.11887300000E-01   3.05795600000E-01   3.00047300000E-01   2.94611600000E-01
   2.89461000000E-01   2.84571300000E-01   2.80680600000E-01   2.76945200000E-01
   2.73355000000E-01   2.69901000000E-01   2.66574700000E-01   2.63368400000E-01
   2.60275100000E-01   2.57288300000E-01   2.51610700000E-01   2.46293100000E-01
   2.41299000000E-01   2.36596900000E-01   2.32984600000E-01   2.29532800000E-01
   2.26230000000E-01   2.23065800000E-01   2.20030800000E-01   2.17116300000E-01
   2.14314800000E-01   2.11618900000E-01   2.09022200000E-01   2.06518900000E-01
   2.04103400000E-01   2.01770800000E-01   1.97335700000E-01   1.93180900000E-01
   1.89277800000E-01   1.85602200000E-01   1.82132800000E-01   1.78850900000E-01
   1.75740200000E-01   1.72786400000E-01   1.69976700000E-01   1.67299800000E-01
   1.64745500000E-01   1.62304700000E-01   1.59969300000E-01   1.57731900000E-01
   1.55585800000E-01   1.53525000000E-01   1.51544000000E-01   1.49637700000E-01
   1.47801600000E-01   1.46031500000E-01   1.44323500000E-01   1.42674100000E-01
   1.39538100000E-01   1.36600200000E-01   1.33840300000E-01   1.31241300000E-01
   1.28788100000E-01   1.26467400000E-01   1.24267900000E-01   1.22179300000E-01
   1.20192600000E-01   1.18299700000E-01   1.15621000000E-01   1.13116400000E-01
   1.10767800000E-01   1.08559700000E-01   1.06478600000E-01   1.04512800000E-01
   1.02652100000E-01   1.00887300000E-01   9.92104700000E-02   9.76146100000E-02
   9.60933800000E-02   9.46411400000E-02   9.32528100000E-02   9.19238600000E-02
   9.06501500000E-02   8.94279700000E-02   8.82539400000E-02   8.71249800000E-02
   8.60382600000E-02   8.49912300000E-02   8.39815200000E-02   8.30069700000E-02
   8.11555200000E-02   7.94226900000E-02   7.77963400000E-02   7.48225400000E-02
   7.25888400000E-02   7.05439700000E-02   6.86627300000E-02   6.69243900000E-02
   6.38103100000E-02   6.10940300000E-02   5.86974700000E-02   5.65624300000E-02
   5.46445500000E-02   5.29093400000E-02   5.13295400000E-02   4.98832500000E-02
   4.85526800000E-02   4.73231900000E-02   4.51207000000E-02   4.31996500000E-02
   4.15047900000E-02   3.99949400000E-02   3.86387000000E-02   3.74116800000E-02
   3.57723300000E-02   3.43312600000E-02   3.30515200000E-02   3.19050500000E-02
   3.08701500000E-02   2.99297500000E-02   2.90702500000E-02   2.82806700000E-02
   2.68769900000E-02   2.56635800000E-02   2.46011800000E-02   2.36608000000E-02
   2.29544400000E-02   2.23076900000E-02   2.17125700000E-02   2.11625700000E-02
   2.01772700000E-02   1.93180900000E-02   1.85605100000E-02   1.78859300000E-02
   1.72798900000E-02   1.67312300000E-02   1.62314300000E-02   1.57737400000E-02
   1.53526600000E-02   1.49635900000E-02   1.42667000000E-02   1.36590000000E-02
   1.31232400000E-02   1.26464600000E-02   1.22179400000E-02   1.18295300000E-02
   1.13102800000E-02   1.08541700000E-02   1.04494400000E-02   1.00874000000E-02
   9.76052700000E-03   9.46301700000E-03   9.19096900000E-03   8.94109500000E-03
   8.49697600000E-03   8.11308200000E-03   7.77696800000E-03   7.47987200000E-03
   7.25666700000E-03   7.05193500000E-03   6.86353000000E-03   6.68945700000E-03
   6.37766900000E-03   6.10576000000E-03   5.86591000000E-03   5.65286700000E-03
   5.46145200000E-03   5.28766600000E-03   5.12936800000E-03   4.98445000000E-03
   4.85114900000E-03   4.72799300000E-03   4.50741200000E-03   4.31505400000E-03
   4.14537200000E-03   3.99464500000E-03   3.85924000000E-03   3.73612800000E-03
   3.57147400000E-03   3.42689800000E-03   3.29853000000E-03   3.18382600000E-03
   3.08029100000E-03   2.98596300000E-03   2.89978200000E-03   2.82063900000E-03
   2.67999000000E-03   2.55843400000E-03   2.45201000000E-03   2.35790300000E-03
   2.28693600000E-03   2.22183500000E-03   2.16196300000E-03   2.10665800000E-03
   2.00762800000E-03   1.92129500000E-03   1.84516200000E-03   1.77746700000E-03
   1.71668200000E-03   1.66157700000E-03   1.61101200000E-03   1.56471900000E-03
   1.52215600000E-03   1.48284900000E-03   1.41248800000E-03   1.35117700000E-03
   1.29713000000E-03   1.24907000000E-03   1.20593100000E-03   1.16685700000E-03
   1.13088200000E-03   1.09795900000E-03   1.06770000000E-03   1.03976500000E-03
   9.89786200000E-04   9.46246800000E-04   9.07433800000E-04   8.72931900000E-04
   8.41993000000E-04   8.14010000000E-04   7.88282500000E-04   7.64761700000E-04
   7.43159600000E-04   7.23222400000E-04   7.04552500000E-04   6.87192500000E-04
   6.71004400000E-04   6.55856400000E-04   6.41498200000E-04   6.27993000000E-04
   6.15266200000E-04   6.03253800000E-04   5.80865100000E-04   5.60652200000E-04
   5.42118300000E-04   5.25197300000E-04   5.09523600000E-04   4.95112700000E-04
   4.82860800000E-04   4.70666200000E-04   4.58471600000E-04   4.46351900000E-04
   4.36733600000E-04   4.27189700000E-04   4.17645600000E-04   4.08156600000E-04
   3.92620900000E-04   3.77181900000E-04   3.64247700000E-04   3.51388800000E-04
   3.40398000000E-04   3.29467600000E-04   3.19975500000E-04   3.10532800000E-04
   3.02226200000E-04   2.93961000000E-04   2.86612000000E-04   2.79298300000E-04
   2.72736800000E-04   2.66205500000E-04   2.54430300000E-04   2.41933700000E-04
   2.29480300000E-04   2.19387100000E-04   2.09334900000E-04   2.00982100000E-04
   1.92661300000E-04   1.85613500000E-04   1.78591400000E-04   1.72552600000E-04
   1.66534800000E-04   1.61295200000E-04   1.56073300000E-04   1.51479900000E-04
   1.46901500000E-04   1.42839100000E-04   1.38789800000E-04   1.31561800000E-04
   1.25079500000E-04   1.19232900000E-04   1.13933400000E-04   1.09108300000E-04
   1.04699000000E-04   1.00809900000E-04   9.69300100000E-05   9.36156200000E-05
   9.03102100000E-05   8.74571700000E-05   8.46117000000E-05   8.21339300000E-05
   7.96625900000E-05   7.53314500000E-05   7.15159600000E-05   6.81351200000E-05
   6.51240200000E-05   6.24299600000E-05   6.00102800000E-05   5.79302100000E-05
   5.58543200000E-05   5.41416500000E-05   5.24330100000E-05   5.10086100000E-05
   4.95875200000E-05   4.83926100000E-05   4.72004600000E-05   4.51835600000E-05
   4.34692400000E-05   4.20049400000E-05   4.07491900000E-05   3.96688100000E-05
   3.87370400000E-05   3.79320300000E-05   3.72357600000E-05   3.66332800000E-05
   3.61121000000E-05   3.56618500000E-05   3.52254200000E-05   3.47899800000E-05
   3.44944000000E-05   3.41997700000E-05   3.40078900000E-05   3.38167300000E-05
   3.37019400000E-05   3.35877200000E-05   3.34741100000E-05   3.34472900000E-05
   3.34856700000E-05   3.35727900000E-05   3.36959500000E-05   3.38452500000E-05
   3.41928700000E-05   3.45711800000E-05   3.49523900000E-05   3.53192000000E-05
   3.56611500000E-05   3.59722500000E-05   3.62495400000E-05   3.64921000000E-05
   3.67002800000E-05   3.68753300000E-05   3.71336000000E-05   3.72841000000E-05
   3.73450000000E-05   3.73333400000E-05   3.72641700000E-05   3.71503200000E-05
   3.70024400000E-05   3.68292700000E-05   3.66378300000E-05   3.64337900000E-05
   3.62216100000E-05   3.60048200000E-05   3.57861300000E-05   3.55676900000E-05
   3.53510900000E-05   3.51375600000E-05   3.49279700000E-05   3.47229700000E-05
   3.45230000000E-05   3.43283400000E-05   3.41391300000E-05   3.39554500000E-05
   3.37772500000E-05   3.36045000000E-05   3.34370700000E-05   3.30407000000E-05
   3.26737500000E-05   3.23330700000E-05   3.20154500000E-05   3.17178700000E-05
   3.14375400000E-05   3.11719200000E-05   3.09187700000E-05   3.06760900000E-05
   3.04421400000E-05   3.02154000000E-05   2.99945500000E-05   2.97784500000E-05
   2.95661100000E-05   2.93567000000E-05   2.91495100000E-05   2.89439300000E-05
   2.87394600000E-05   2.85356900000E-05   2.83322700000E-05   2.81289400000E-05
   2.79254800000E-05   2.77217400000E-05   2.75176100000E-05   2.73130100000E-05
   2.71079200000E-05   1.65891000000E+03   1.63358500000E+03   1.60938500000E+03
   1.58623100000E+03   1.56404800000E+03   1.54277000000E+03   1.52233800000E+03
   1.50269700000E+03   1.48379800000E+03   1.46559400000E+03   1.44804400000E+03
   1.43111000000E+03   1.41475700000E+03   1.38366500000E+03   1.35453800000E+03
   1.32717600000E+03   1.30140800000E+03   1.27708600000E+03   1.25407800000E+03
   1.23227200000E+03   1.21156500000E+03   1.19186800000E+03   1.17310200000E+03
   1.14654400000E+03   1.12171300000E+03   1.09842900000E+03   1.07653800000E+03
   1.05590600000E+03   1.03641700000E+03   1.01796900000E+03   1.00047300000E+03
   9.83849300000E+02   9.68028100000E+02   9.52946800000E+02   9.38549400000E+02
   9.24785800000E+02   9.11610800000E+02   8.98983600000E+02   8.86867200000E+02
   8.75228300000E+02   8.64036100000E+02   8.53262800000E+02   8.42883000000E+02
   8.32873200000E+02   8.23212000000E+02   8.04857800000E+02   7.87679700000E+02
   7.71557400000E+02   7.56386800000E+02   7.42078000000E+02   7.30755300000E+02
   7.19935900000E+02   7.09583700000E+02   6.99666000000E+02   6.90153300000E+02
   6.81018600000E+02   6.72237700000E+02   6.63788200000E+02   6.55649800000E+02
   6.47804000000E+02   6.40233500000E+02   6.32922700000E+02   6.19023000000E+02
   6.06003300000E+02   5.93771500000E+02   5.82252500000E+02   5.71379800000E+02
   5.61095100000E+02   5.51347200000E+02   5.42091100000E+02   5.33286700000E+02
   5.24898500000E+02   5.16894700000E+02   5.09246800000E+02   5.01929200000E+02
   4.94918800000E+02   4.88194700000E+02   4.81738000000E+02   4.75531300000E+02
   4.69558900000E+02   4.63806600000E+02   4.58261000000E+02   4.52910100000E+02
   4.47742800000E+02   4.37918700000E+02   4.28715600000E+02   4.20070600000E+02
   4.11929700000E+02   4.04245600000E+02   3.96977200000E+02   3.90088400000E+02
   3.83547300000E+02   3.77325400000E+02   3.71397900000E+02   3.63009600000E+02
   3.55167000000E+02   3.47813500000E+02   3.40900200000E+02   3.34384900000E+02
   3.28230800000E+02   3.22405900000E+02   3.16881800000E+02   3.11633400000E+02
   3.06638700000E+02   3.01877800000E+02   2.97333000000E+02   2.92988600000E+02
   2.88830100000E+02   2.84844800000E+02   2.81020900000E+02   2.77347900000E+02
   2.73816000000E+02   2.70416600000E+02   2.67141500000E+02   2.63983300000E+02
   2.60935200000E+02   2.55145000000E+02   2.49726500000E+02   2.44641500000E+02
   2.39857200000E+02   2.35345200000E+02   2.31775100000E+02   2.28364100000E+02
   2.25100600000E+02   2.21974400000E+02   2.18976100000E+02   2.16097300000E+02
   2.13330200000E+02   2.10667700000E+02   2.08103500000E+02   2.05631900000E+02
   2.03247100000E+02   2.00944400000E+02   1.96566700000E+02   1.92466500000E+02
   1.88615500000E+02   1.84989600000E+02   1.81567800000E+02   1.78331600000E+02
   1.75264900000E+02   1.72353400000E+02   1.69584600000E+02   1.66947000000E+02
   1.64430800000E+02   1.62026900000E+02   1.59727300000E+02   1.57524600000E+02
   1.55412200000E+02   1.53384200000E+02   1.51435000000E+02   1.49559800000E+02
   1.47754000000E+02   1.46013500000E+02   1.44334300000E+02   1.42713000000E+02
   1.39631500000E+02   1.36745800000E+02   1.34036100000E+02   1.31485200000E+02
   1.29078400000E+02   1.26802700000E+02   1.24646500000E+02   1.22599900000E+02
   1.20653900000E+02   1.18800600000E+02   1.16179100000E+02   1.13729400000E+02
   1.11433800000E+02   1.09276700000E+02   1.07244900000E+02   1.05326800000E+02
   1.03512200000E+02   1.01792300000E+02   1.00159100000E+02   9.86056800000E+01
   9.71257500000E+01   9.57137700000E+01   9.43647400000E+01   9.30741600000E+01
   9.18380000000E+01   9.06525200000E+01   8.95144100000E+01   8.84206300000E+01
   8.73684100000E+01   8.63552200000E+01   8.53787200000E+01   8.44367700000E+01
   8.26488300000E+01   8.09774200000E+01   7.94105600000E+01   7.79379300000E+01
   7.65505600000E+01   7.54538900000E+01   7.44070000000E+01   7.34062700000E+01
   7.24484800000E+01   7.15306800000E+01   7.06502200000E+01   6.98046600000E+01
   6.89918100000E+01   6.82096400000E+01   6.74563200000E+01   6.67301300000E+01
   6.60295300000E+01   6.46994100000E+01   6.34557400000E+01   6.22897100000E+01
   6.11937500000E+01   6.01612400000E+01   5.91864200000E+01   5.82642600000E+01
   5.73902700000E+01   5.65605100000E+01   5.57714800000E+01   5.50200200000E+01
   5.43033300000E+01   5.36188900000E+01   5.29644100000E+01   5.23378400000E+01
   5.17373000000E+01   5.11611100000E+01   5.06077100000E+01   5.00756800000E+01
   4.95637400000E+01   4.90706900000E+01   4.85954300000E+01   4.76943700000E+01
   4.68533900000E+01   4.60663100000E+01   4.53278300000E+01   4.46333400000E+01
   4.39788200000E+01   4.33607300000E+01   4.27759500000E+01   4.22217300000E+01
   4.16956100000E+01   4.11661800000E+01   4.06635400000E+01   4.01856300000E+01
   3.97305700000E+01   3.92967100000E+01   3.88825200000E+01   3.84866400000E+01
   3.81078400000E+01   3.74835200000E+01   3.69026700000E+01   3.63607500000E+01
   3.58538500000E+01   3.53785800000E+01   3.49319800000E+01   3.45114700000E+01
   3.41147500000E+01   3.38008700000E+01   3.35010800000E+01   3.32144200000E+01
   3.29400300000E+01   3.26771300000E+01   3.24249900000E+01   3.21829600000E+01
   3.19504200000E+01   3.15116600000E+01   3.11047400000E+01   3.07262900000E+01
   3.03733900000E+01   3.01046100000E+01   2.98497500000E+01   2.96077300000E+01
   2.93776100000E+01   2.91585300000E+01   2.89497100000E+01   2.87504500000E+01
   2.85601000000E+01   2.83780700000E+01   2.82038500000E+01   2.80369200000E+01
   2.78768600000E+01   2.75756900000E+01   2.72974000000E+01   2.70394900000E+01
   2.67998300000E+01   2.65765600000E+01   2.63680600000E+01   2.61729400000E+01
   2.59899500000E+01   2.58180200000E+01   2.56561700000E+01   2.55035700000E+01
   2.53594500000E+01   2.52231200000E+01   2.50940000000E+01   2.49715100000E+01
   2.48551800000E+01   2.47445600000E+01   2.46392400000E+01   2.45388500000E+01
   2.44430700000E+01   2.43515800000E+01   2.42641100000E+01   2.41002200000E+01
   2.39495900000E+01   2.38107100000E+01   2.36822600000E+01   2.35631200000E+01
   2.34523300000E+01   2.33490500000E+01   2.32525400000E+01   2.31621800000E+01
   2.30773900000E+01   2.29596000000E+01   2.28518000000E+01   2.27527900000E+01
   2.26615500000E+01   2.25771900000E+01   2.24989700000E+01   2.24262500000E+01
   2.23584700000E+01   2.22951500000E+01   2.22358600000E+01   2.21802200000E+01
   2.21279200000E+01   2.20786600000E+01   2.20321900000E+01   2.19882700000E+01
   2.19467000000E+01   2.19072900000E+01   2.18698900000E+01   2.18343400000E+01
   2.18005200000E+01   2.17682800000E+01   2.17375400000E+01   2.16801200000E+01
   2.16275500000E+01   2.15792400000E+01   2.14935000000E+01   2.14312900000E+01
   2.13759900000E+01   2.13265100000E+01   2.12819800000E+01   2.12050600000E+01
   2.11409700000E+01   2.10867300000E+01   2.10402300000E+01   2.09999400000E+01
   2.09646800000E+01   2.09335700000E+01   2.09059100000E+01   2.08811700000E+01
   2.08589000000E+01   2.08204200000E+01   2.07883600000E+01   2.07612300000E+01
   2.07379700000E+01   2.07178100000E+01   2.07001700000E+01   2.06774800000E+01
   2.06583700000E+01   2.06420600000E+01   2.06279700000E+01   2.06156700000E+01
   2.06048400000E+01   2.05952400000E+01   2.05866600000E+01   2.05719900000E+01
   2.05599000000E+01   2.05497700000E+01   2.05411400000E+01   2.05348800000E+01
   2.05293100000E+01   2.05243200000E+01   2.05198200000E+01   2.05120400000E+01
   2.05055500000E+01   2.05000400000E+01   2.04953100000E+01   2.04912000000E+01
   2.04875900000E+01   2.04843900000E+01   2.04815400000E+01   2.04789900000E+01
   2.04766800000E+01   2.04726600000E+01   2.04692900000E+01   2.04664100000E+01
   2.04639200000E+01   2.04617400000E+01   2.04598100000E+01   2.04572900000E+01
   2.04551300000E+01   2.04532500000E+01   2.04515900000E+01   2.04501100000E+01
   2.04487800000E+01   2.04475600000E+01   2.04464600000E+01   2.04444900000E+01
   2.04427800000E+01   2.04412700000E+01   2.04399000000E+01   2.04388600000E+01
   2.04378900000E+01   2.04369700000E+01   2.04361100000E+01   2.04345000000E+01
   2.04330200000E+01   2.04316400000E+01   2.04303300000E+01   2.04290900000E+01
   2.04279000000E+01   2.04267500000E+01   2.04256300000E+01   2.04245400000E+01
   2.04234800000E+01   2.04214100000E+01   2.04194100000E+01   2.04174600000E+01
   2.04155500000E+01   2.04136700000E+01   2.04118100000E+01   2.04090800000E+01
   2.04063800000E+01   2.04037000000E+01   2.04010500000E+01   2.03984200000E+01
   2.03958000000E+01   2.03932000000E+01   2.03906000000E+01   2.03854300000E+01
   2.03802900000E+01   2.03751700000E+01   2.03700700000E+01   2.03658400000E+01
   2.03616300000E+01   2.03574200000E+01   2.03532200000E+01   2.03448200000E+01
   2.03364400000E+01   2.03280700000E+01   2.03197000000E+01   2.03113400000E+01
   2.03029900000E+01   2.02947300000E+01   2.02864800000E+01   2.02782300000E+01
   2.02699800000E+01   2.02534900000E+01   2.02370100000E+01   2.02205300000E+01
   2.02040500000E+01   2.01875800000E+01   2.01711300000E+01   2.01548900000E+01
   2.01386600000E+01   2.01224400000E+01   2.01062300000E+01   2.00737900000E+01
   2.00413700000E+01   2.00094000000E+01   1.99774500000E+01   1.99454900000E+01
   1.99135600000E+01   1.98820500000E+01   1.98505700000E+01   1.98190700000E+01
   1.97876000000E+01   1.97565500000E+01   1.97255300000E+01   1.96944900000E+01
   1.96634800000E+01   1.96328800000E+01   1.96022800000E+01   1.95717000000E+01
   1.95411300000E+01   1.94808000000E+01   1.94205200000E+01   1.93610400000E+01
   1.93016000000E+01   1.92429600000E+01   1.91843700000E+01   1.91269200000E+01
   1.90695100000E+01   1.90121000000E+01   1.89547300000E+01   1.88988300000E+01
   1.88429800000E+01   1.87871300000E+01   1.87313300000E+01   1.86225800000E+01
   1.85139200000E+01   1.84080400000E+01   1.83022600000E+01   1.81991500000E+01
   1.80961300000E+01   1.79956700000E+01   1.78953100000E+01   1.77974100000E+01
   1.76996000000E+01   1.76041500000E+01   1.75087900000E+01   1.74157100000E+01
   1.73227200000E+01   1.71412500000E+01   1.69236900000E+01   1.67063400000E+01
   1.65012900000E+01   1.62964700000E+01   1.61028800000E+01   1.59095200000E+01
   1.57264700000E+01   1.55436400000E+01   1.53702700000E+01   1.51971200000E+01
   1.50326900000E+01   1.48684600000E+01   1.47122800000E+01   1.45563000000E+01
   1.44077600000E+01   1.42594100000E+01   1.39767100000E+01   1.37071700000E+01
   1.34499000000E+01   1.32040600000E+01   1.29689100000E+01   1.27437900000E+01
   1.25322800000E+01   1.23210100000E+01   1.21259900000E+01   1.19312400000E+01
   1.17508600000E+01   1.15707300000E+01   1.14033900000E+01   1.12362800000E+01
   1.09251000000E+01   1.06348200000E+01   1.03633800000E+01   1.01089400000E+01
   9.86995000000E+00   9.64503500000E+00   9.43866300000E+00   9.23252900000E+00
   9.04770500000E+00   8.86312500000E+00   8.69659300000E+00   8.53027700000E+00
   8.37938200000E+00   8.22867900000E+00   7.95400600000E+00   7.70270000000E+00
   7.47180100000E+00   7.25883400000E+00   7.06170900000E+00   6.87864800000E+00
   6.70813300000E+00   6.54885700000E+00   6.39969000000E+00   6.25964800000E+00
   6.12789700000E+00   5.97884400000E+00   5.82991800000E+00   5.69966400000E+00
   5.56954100000E+00   5.45454600000E+00   5.33966300000E+00   5.23721400000E+00
   5.13486200000E+00   4.95094300000E+00   4.78461000000E+00   4.63323400000E+00
   4.49469500000E+00   4.36726200000E+00   4.24951600000E+00   4.03849600000E+00
   3.85420700000E+00   3.69129900000E+00   3.54579700000E+00   3.41468200000E+00
   3.29562600000E+00   3.18679600000E+00   3.08673000000E+00   2.99425000000E+00
   2.90839200000E+00   2.75346400000E+00   2.61698100000E+00   2.49537800000E+00
   2.38600900000E+00   2.28686800000E+00   2.19639200000E+00   2.11335200000E+00
   2.03675500000E+00   1.96579200000E+00   1.89979800000E+00   1.83821300000E+00
   1.78057000000E+00   1.72646500000E+00   1.67555900000E+00   1.62755100000E+00
   1.58218400000E+00   1.53923100000E+00   1.49849300000E+00   1.45979400000E+00
   1.42297600000E+00   1.38789800000E+00   1.35443400000E+00   1.32247100000E+00
   1.29190800000E+00   1.26265200000E+00   1.19469100000E+00   1.13325800000E+00
   1.07744000000E+00   1.02649600000E+00   9.79812000000E-01   9.36874700000E-01
   8.97252700000E-01   8.60579600000E-01   8.26541500000E-01   7.94868200000E-01
   7.65325500000E-01   7.37709300000E-01   7.11840600000E-01   6.87562300000E-01
   6.64735200000E-01   6.43235900000E-01   6.22954500000E-01   6.03792600000E-01
   5.85662200000E-01   5.68483900000E-01   5.52186300000E-01   5.36704600000E-01
   5.21980300000E-01   5.07959900000E-01   4.94594800000E-01   4.81840800000E-01
   1.31371800000E-05   1.31371500000E-05   1.31371300000E-05   1.31371000000E-05
   1.31370800000E-05   1.31370600000E-05   1.31370300000E-05   1.31370100000E-05
   1.31369800000E-05   1.31369500000E-05   1.31369200000E-05   1.31369000000E-05
   1.31368700000E-05   1.31368200000E-05   1.31367700000E-05   1.31367100000E-05
   1.31366600000E-05   1.31366100000E-05   1.31365600000E-05   1.31365100000E-05
   1.31364500000E-05   1.31364100000E-05   1.31363500000E-05   1.31362800000E-05
   1.31361900000E-05   1.31361300000E-05   1.31360400000E-05   1.31359600000E-05
   1.31358800000E-05   1.31358000000E-05   1.31357400000E-05   1.31356500000E-05
   1.31355700000E-05   1.31355000000E-05   1.31354200000E-05   1.31353400000E-05
   1.31352500000E-05   1.31351800000E-05   1.31351000000E-05   1.31350200000E-05
   1.31349400000E-05   1.31348700000E-05   1.31347900000E-05   1.31347100000E-05
   1.31346300000E-05   1.31344800000E-05   1.31343200000E-05   1.31341700000E-05
   1.31340000000E-05   1.31338500000E-05   1.31337200000E-05   1.31336000000E-05
   1.31334700000E-05   1.31333400000E-05   1.31332000000E-05   1.31330700000E-05
   1.31329400000E-05   1.31328200000E-05   1.31326900000E-05   1.31325500000E-05
   1.31324200000E-05   1.31323000000E-05   1.31320300000E-05   1.31317500000E-05
   1.31314900000E-05   1.31312300000E-05   1.31309700000E-05   1.31307100000E-05
   1.31304500000E-05   1.31301900000E-05   1.31299400000E-05   1.31296800000E-05
   1.31294100000E-05   1.31291600000E-05   1.31288900000E-05   1.31286400000E-05
   1.31283800000E-05   1.31281200000E-05   1.31278600000E-05   1.31276000000E-05
   1.31273400000E-05   1.31270800000E-05   1.31268200000E-05   1.31265600000E-05
   1.31260400000E-05   1.31255200000E-05   1.31250000000E-05   1.31244800000E-05
   1.31239700000E-05   1.31234500000E-05   1.31229300000E-05   1.31224100000E-05
   1.31218900000E-05   1.31213700000E-05   1.31206000000E-05   1.31198200000E-05
   1.31190400000E-05   1.31182600000E-05   1.31174800000E-05   1.31167100000E-05
   1.31159300000E-05   1.31151500000E-05   1.31143800000E-05   1.31136000000E-05
   1.31128200000E-05   1.31120500000E-05   1.31112700000E-05   1.31104900000E-05
   1.31097200000E-05   1.31089400000E-05   1.31081600000E-05   1.31073900000E-05
   1.31066200000E-05   1.31058300000E-05   1.31050600000E-05   1.31042900000E-05
   1.31027400000E-05   1.31011900000E-05   1.30996400000E-05   1.30980900000E-05
   1.30965400000E-05   1.30952500000E-05   1.30939600000E-05   1.30926700000E-05
   1.30913800000E-05   1.30900900000E-05   1.30888000000E-05   1.30875100000E-05
   1.30862300000E-05   1.30849400000E-05   1.30836500000E-05   1.30823600000E-05
   1.30810600000E-05   1.30785000000E-05   1.30759200000E-05   1.30733600000E-05
   1.30707900000E-05   1.30682200000E-05   1.30656600000E-05   1.30630900000E-05
   1.30605300000E-05   1.30579600000E-05   1.30554200000E-05   1.30528500000E-05
   1.30502900000E-05   1.30477400000E-05   1.30451800000E-05   1.30426300000E-05
   1.30400700000E-05   1.30375200000E-05   1.30349700000E-05   1.30324300000E-05
   1.30298700000E-05   1.30273300000E-05   1.30247900000E-05   1.30197000000E-05
   1.30146200000E-05   1.30095500000E-05   1.30044800000E-05   1.29994200000E-05
   1.29943500000E-05   1.29893100000E-05   1.29842500000E-05   1.29792100000E-05
   1.29741800000E-05   1.29666300000E-05   1.29591000000E-05   1.29515600000E-05
   1.29440500000E-05   1.29365600000E-05   1.29290700000E-05   1.29216000000E-05
   1.29141200000E-05   1.29066700000E-05   1.28992200000E-05   1.28917800000E-05
   1.28843700000E-05   1.28769600000E-05   1.28695600000E-05   1.28621700000E-05
   1.28548000000E-05   1.28474300000E-05   1.28400700000E-05   1.28327300000E-05
   1.28254000000E-05   1.28180700000E-05   1.28107700000E-05   1.27961800000E-05
   1.27816500000E-05   1.27671400000E-05   1.27526900000E-05   1.27382800000E-05
   1.27263000000E-05   1.27143600000E-05   1.27024400000E-05   1.26905600000E-05
   1.26787000000E-05   1.26668700000E-05   1.26550700000E-05   1.26433000000E-05
   1.26315700000E-05   1.26198500000E-05   1.26081700000E-05   1.25965200000E-05
   1.25733000000E-05   1.25501900000E-05   1.25272000000E-05   1.25043100000E-05
   1.24815400000E-05   1.24588900000E-05   1.24363300000E-05   1.24138900000E-05
   1.23915600000E-05   1.23693300000E-05   1.23472100000E-05   1.23252000000E-05
   1.23032900000E-05   1.22814900000E-05   1.22597800000E-05   1.22381900000E-05
   1.22166900000E-05   1.21952900000E-05   1.21740000000E-05   1.21528000000E-05
   1.21317000000E-05   1.21107100000E-05   1.20690000000E-05   1.20276800000E-05
   1.19867400000E-05   1.19461800000E-05   1.19059800000E-05   1.18661500000E-05
   1.18266700000E-05   1.17875500000E-05   1.17487800000E-05   1.17103500000E-05
   1.16699900000E-05   1.16300100000E-05   1.15903900000E-05   1.15511400000E-05
   1.15122500000E-05   1.14737200000E-05   1.14355400000E-05   1.13976900000E-05
   1.13323800000E-05   1.12680900000E-05   1.12047800000E-05   1.11424500000E-05
   1.10810600000E-05   1.10206000000E-05   1.09610300000E-05   1.09023500000E-05
   1.08541100000E-05   1.08064600000E-05   1.07593800000E-05   1.07128700000E-05
   1.06669200000E-05   1.06215100000E-05   1.05766400000E-05   1.05322900000E-05
   1.04451300000E-05   1.03599700000E-05   1.02767300000E-05   1.01953500000E-05
   1.01307700000E-05   1.00673400000E-05   1.00050200000E-05   9.94378000000E-06
   9.88359500000E-06   9.82443500000E-06   9.76628000000E-06   9.70909300000E-06
   9.65286000000E-06   9.59754500000E-06   9.54313900000E-06   9.48961200000E-06
   9.38509600000E-06   9.28384900000E-06   9.18570400000E-06   9.09052300000E-06
   8.99817100000E-06   8.90851300000E-06   8.82142500000E-06   8.73680800000E-06
   8.65454200000E-06   8.57453700000E-06   8.49668900000E-06   8.42091000000E-06
   8.34712400000E-06   8.27523800000E-06   8.20518600000E-06   8.13689100000E-06
   8.07028700000E-06   8.00530800000E-06   7.94189900000E-06   7.87999500000E-06
   7.81954000000E-06   7.76049000000E-06   7.64638400000E-06   7.53731100000E-06
   7.43291500000E-06   7.33290700000E-06   7.23700300000E-06   7.14493600000E-06
   7.05648000000E-06   6.97141600000E-06   6.88954300000E-06   6.81067900000E-06
   6.69765200000E-06   6.59050500000E-06   6.48876300000E-06   6.39201100000E-06
   6.29988900000E-06   6.21205200000E-06   6.12820800000E-06   6.04806700000E-06
   5.97138700000E-06   5.89794500000E-06   5.82753500000E-06   5.75996200000E-06
   5.69506100000E-06   5.63266900000E-06   5.57263700000E-06   5.51483900000E-06
   5.45914700000E-06   5.40544300000E-06   5.35362600000E-06   5.30359100000E-06
   5.25525500000E-06   5.20852700000E-06   5.11958500000E-06   5.03619700000E-06
   4.95786200000E-06   4.81463500000E-06   4.70726200000E-06   4.60930500000E-06
   4.51962400000E-06   4.43726100000E-06   4.29138000000E-06   4.16649600000E-06
   4.05877300000E-06   3.96528100000E-06   3.88374600000E-06   3.81237500000E-06
   3.74972800000E-06   3.69463700000E-06   3.64613800000E-06   3.60343800000E-06
   3.53285400000E-06   3.47865400000E-06   3.43773300000E-06   3.40774900000E-06
   3.38689900000E-06   3.37377300000E-06   3.36617200000E-06   3.37054500000E-06
   3.38470700000E-06   3.40699200000E-06   3.43610000000E-06   3.47100700000E-06
   3.51088900000E-06   3.55508500000E-06   3.65433100000E-06   3.76538100000E-06
   3.88582900000E-06   4.01389300000E-06   4.12544500000E-06   4.24073200000E-06
   4.35925800000E-06   4.48061800000E-06   4.73055400000E-06   4.98843600000E-06
   5.25273600000E-06   5.52227900000E-06   5.79615800000E-06   6.07367600000E-06
   6.35429000000E-06   6.63757700000E-06   6.92318900000E-06   7.21083700000E-06
   7.79130000000E-06   8.37744100000E-06   8.96816300000E-06   9.56264800000E-06
   1.01602100000E-05   1.07603400000E-05   1.16645700000E-05   1.25728400000E-05
   1.34843900000E-05   1.43986800000E-05   1.53152100000E-05   1.62336300000E-05
   1.71536700000E-05   1.80751400000E-05   1.99216400000E-05   2.17719900000E-05
   2.36254100000E-05   2.54813300000E-05   2.70295000000E-05   2.85788500000E-05
   3.01292500000E-05   3.16805700000E-05   3.47855400000E-05   3.78930700000E-05
   4.10026600000E-05   4.41139700000E-05   4.72266700000E-05   5.03405100000E-05
   5.34553400000E-05   5.65710300000E-05   5.96874400000E-05   6.28045300000E-05
   6.90403800000E-05   7.52779900000E-05   8.15171000000E-05   8.77574400000E-05
   9.39987400000E-05   1.00240800000E-04   1.09605200000E-04   1.18970900000E-04
   1.28337700000E-04   1.37705300000E-04   1.47073700000E-04   1.56442600000E-04
   1.65812100000E-04   1.75182000000E-04   1.93923000000E-04   2.12665200000E-04
   2.31408400000E-04   2.50152400000E-04   2.65772900000E-04   2.81393700000E-04
   2.97014900000E-04   3.12636300000E-04   3.43880000000E-04   3.75124600000E-04
   4.06369800000E-04   4.37615500000E-04   4.68861600000E-04   5.00108100000E-04
   5.31354900000E-04   5.62602300000E-04   5.93849500000E-04   6.25097000000E-04
   6.87592500000E-04   7.50088900000E-04   8.12585800000E-04   8.75082800000E-04
   9.37580400000E-04   1.00007800000E-03   1.06257600000E-03   1.12507500000E-03
   1.18757300000E-03   1.25007100000E-03   1.37506900000E-03   1.50006700000E-03
   1.62506500000E-03   1.75006400000E-03   1.87506400000E-03   2.00006300000E-03
   2.12506200000E-03   2.25006200000E-03   2.37506200000E-03   2.50006200000E-03
   2.62506300000E-03   2.75006300000E-03   2.87506400000E-03   3.00006400000E-03
   3.12506500000E-03   3.25006600000E-03   3.37506700000E-03   3.50006800000E-03
   3.75007100000E-03   4.00007400000E-03   4.25007800000E-03   4.50008200000E-03
   4.75008600000E-03   5.00009000000E-03   5.25009600000E-03   5.50010000000E-03
   5.75010500000E-03   6.00011300000E-03   6.25012100000E-03   6.50012500000E-03
   6.75013100000E-03   7.00014100000E-03   7.50015600000E-03   8.00016900000E-03
   8.50018800000E-03   9.00020700000E-03   9.50022800000E-03   1.00002500000E-02
   1.05002700000E-02   1.10002900000E-02   1.15003200000E-02   1.20003400000E-02
   1.25003700000E-02   1.30004000000E-02   1.35004300000E-02   1.40004600000E-02
   1.50005200000E-02   1.62506000000E-02   1.75007000000E-02   1.87507900000E-02
   2.00009000000E-02   2.12510100000E-02   2.25011200000E-02   2.37512400000E-02
   2.50013700000E-02   2.62515000000E-02   2.75016500000E-02   2.87517900000E-02
   3.00019400000E-02   3.12521000000E-02   3.25022700000E-02   3.37524300000E-02
   3.50026100000E-02   3.75029700000E-02   4.00033600000E-02   4.25037700000E-02
   4.50041900000E-02   4.75046400000E-02   5.00051100000E-02   5.25056000000E-02
   5.50061100000E-02   5.75066400000E-02   6.00071900000E-02   6.25077500000E-02
   6.50083400000E-02   6.75089400000E-02   7.00095600000E-02   7.50108600000E-02
   8.00122100000E-02   8.50136400000E-02   9.00151300000E-02   9.50166900000E-02
   1.00018300000E-01   1.05020000000E-01   1.10021700000E-01   1.15023500000E-01
   1.20025400000E-01   1.25027200000E-01   1.30029100000E-01   1.35031100000E-01
   1.40033200000E-01   1.50037500000E-01   1.60041900000E-01   1.70046500000E-01
   1.80051300000E-01   1.90056300000E-01   2.00061400000E-01   2.10066800000E-01
   2.20072300000E-01   2.30078000000E-01   2.40083800000E-01   2.50089900000E-01
   2.62597500000E-01   2.75105700000E-01   2.87613800000E-01   3.00122400000E-01
   3.12631200000E-01   3.25140200000E-01   3.37649500000E-01   3.50159200000E-01
   3.75179100000E-01   4.00200400000E-01   4.25222600000E-01   4.50246300000E-01
   4.75271200000E-01   5.00297500000E-01   5.50353900000E-01   6.00416700000E-01
   6.50485700000E-01   7.00561600000E-01   7.50644800000E-01   8.00735600000E-01
   8.50834600000E-01   9.00942100000E-01   9.51058900000E-01   1.00118500000E+00
   1.10146600000E+00   1.20178800000E+00   1.30215500000E+00   1.40256800000E+00
   1.50302900000E+00   1.60354000000E+00   1.70410400000E+00   1.80472000000E+00
   1.90539100000E+00   2.00611700000E+00   2.10689900000E+00   2.20773900000E+00
   2.30863700000E+00   2.40959200000E+00   2.51060500000E+00   2.61167700000E+00
   2.71280700000E+00   2.81399500000E+00   2.91524200000E+00   3.01654500000E+00
   3.11790600000E+00   3.21932300000E+00   3.32079600000E+00   3.42232300000E+00
   3.52390500000E+00   3.77808800000E+00   4.03258100000E+00   4.28736700000E+00
   4.54241900000E+00   4.79771100000E+00   5.05321500000E+00   5.30890200000E+00
   5.56473900000E+00   5.82069700000E+00   6.07674000000E+00   6.33283600000E+00
   6.58895400000E+00   6.84505900000E+00   7.10112200000E+00   7.35711000000E+00
   7.61299700000E+00   7.86875300000E+00   8.12435200000E+00   8.37977400000E+00
   8.63499500000E+00   8.88999600000E+00   9.14476300000E+00   9.39928500000E+00
   9.65354800000E+00   9.90754900000E+00   1.01612900000E+01                 102
                 204   2.22464800000E+00   0.00000000000E+00                   0
                   0                   1                 634                   1
                 631   1.67298800000E+01   1.64744400000E+01   1.62303600000E+01
   1.59968200000E+01   1.57730800000E+01   1.55584700000E+01   1.53523900000E+01
   1.51542800000E+01   1.49636600000E+01   1.47800500000E+01   1.46030300000E+01
   1.44322300000E+01   1.42672900000E+01   1.39536800000E+01   1.36598900000E+01
   1.33839000000E+01   1.31239900000E+01   1.28786600000E+01   1.26466000000E+01
   1.24266400000E+01   1.22177700000E+01   1.20191000000E+01   1.18298100000E+01
   1.15619300000E+01   1.13114600000E+01   1.10766000000E+01   1.08557800000E+01
   1.06476600000E+01   1.04510700000E+01   1.02649800000E+01   1.00885000000E+01
   9.92080800000E+00   9.76121300000E+00   9.60908100000E+00   9.46384700000E+00
   9.32500600000E+00   9.19210100000E+00   9.06472200000E+00   8.94249500000E+00
   8.82508300000E+00   8.71217800000E+00   8.60349800000E+00   8.49878600000E+00
   8.39780700000E+00   8.30034300000E+00   8.11518200000E+00   7.94188400000E+00
   7.77923500000E+00   7.62618500000E+00   7.48182800000E+00   7.36759500000E+00
   7.25844000000E+00   7.15399600000E+00   7.05393500000E+00   6.95795900000E+00
   6.86579600000E+00   6.77720200000E+00   6.69195100000E+00   6.60983800000E+00
   6.53067500000E+00   6.45429000000E+00   6.38052500000E+00   6.24027600000E+00
   6.10889200000E+00   5.98546700000E+00   5.86923300000E+00   5.75951800000E+00
   5.65573400000E+00   5.55736600000E+00   5.46395800000E+00   5.37510800000E+00
   5.29045500000E+00   5.20968000000E+00   5.13249500000E+00   5.05864200000E+00
   4.98788900000E+00   4.92002300000E+00   4.85485400000E+00   4.79220800000E+00
   4.73192600000E+00   4.67386400000E+00   4.61788700000E+00   4.56387500000E+00
   4.51171500000E+00   4.41254400000E+00   4.31963800000E+00   4.23236300000E+00
   4.15017400000E+00   4.07259400000E+00   3.99920700000E+00   3.92965100000E+00
   3.86360100000E+00   3.80077400000E+00   3.74091600000E+00   3.65620500000E+00
   3.57700000000E+00   3.50272900000E+00   3.43290000000E+00   3.36708700000E+00
   3.30492000000E+00   3.24607400000E+00   3.19026400000E+00   3.13723600000E+00
   3.08676800000E+00   3.03865900000E+00   2.99273200000E+00   2.94882700000E+00
   2.90679900000E+00   2.86651800000E+00   2.82786600000E+00   2.79073700000E+00
   2.75503300000E+00   2.72066600000E+00   2.68755300000E+00   2.65562100000E+00
   2.62480000000E+00   2.56624700000E+00   2.51144500000E+00   2.46001100000E+00
   2.41161200000E+00   2.36596300000E+00   2.32983900000E+00   2.29532100000E+00
   2.26229300000E+00   2.23065100000E+00   2.20030000000E+00   2.17115600000E+00
   2.14314000000E+00   2.11618100000E+00   2.09021500000E+00   2.06518200000E+00
   2.04102700000E+00   2.01770000000E+00   1.97335000000E+00   1.93180100000E+00
   1.89277100000E+00   1.85601400000E+00   1.82131900000E+00   1.78850000000E+00
   1.75739300000E+00   1.72785500000E+00   1.69975800000E+00   1.67298900000E+00
   1.64744500000E+00   1.62303700000E+00   1.59968300000E+00   1.57730900000E+00
   1.55584800000E+00   1.53524000000E+00   1.51542900000E+00   1.49636600000E+00
   1.47800500000E+00   1.46030400000E+00   1.44322400000E+00   1.42672900000E+00
   1.39536900000E+00   1.36598900000E+00   1.33839100000E+00   1.31240000000E+00
   1.28786700000E+00   1.26466000000E+00   1.24266500000E+00   1.22177800000E+00
   1.20191000000E+00   1.18298200000E+00   1.15619400000E+00   1.13114700000E+00
   1.10766000000E+00   1.08557800000E+00   1.06476700000E+00   1.04510800000E+00
   1.02649900000E+00   1.00885000000E+00   9.92081300000E-01   9.76121800000E-01
   9.60908600000E-01   9.46385200000E-01   9.32501100000E-01   9.19210600000E-01
   9.06472700000E-01   8.94250100000E-01   8.82508800000E-01   8.71218300000E-01
   8.60350300000E-01   8.49879100000E-01   8.39781200000E-01   8.30034900000E-01
   8.11518800000E-01   7.94189000000E-01   7.77924000000E-01   7.62619100000E-01
   7.48183300000E-01   7.36760000000E-01   7.25844500000E-01   7.15400100000E-01
   7.05394000000E-01   6.95796400000E-01   6.86580100000E-01   6.77720700000E-01
   6.69195500000E-01   6.60984200000E-01   6.53068000000E-01   6.45429500000E-01
   6.38052900000E-01   6.24028100000E-01   6.10889200000E-01   5.98546700000E-01
   5.86923400000E-01   5.75951900000E-01   5.65573600000E-01   5.55736700000E-01
   5.46396000000E-01   5.37510900000E-01   5.29045700000E-01   5.20968200000E-01
   5.13249700000E-01   5.05864400000E-01   4.98789100000E-01   4.92002500000E-01
   4.85485600000E-01   4.79221000000E-01   4.73192900000E-01   4.67386600000E-01
   4.61789000000E-01   4.56387700000E-01   4.51171700000E-01   4.41254700000E-01
   4.31964100000E-01   4.23236700000E-01   4.15017700000E-01   4.07259700000E-01
   3.99921100000E-01   3.92965400000E-01   3.86360500000E-01   3.80077800000E-01
   3.74092000000E-01   3.68045900000E-01   3.62283800000E-01   3.56784100000E-01
   3.51527500000E-01   3.46496700000E-01   3.41675800000E-01   3.37050700000E-01
   3.32608400000E-01   3.25249400000E-01   3.18358200000E-01   3.11887300000E-01
   3.05795600000E-01   3.00047300000E-01   2.94611600000E-01   2.89461000000E-01
   2.84571300000E-01   2.80680600000E-01   2.76945200000E-01   2.73355000000E-01
   2.69901000000E-01   2.66574700000E-01   2.63368400000E-01   2.60275100000E-01
   2.57288300000E-01   2.51610700000E-01   2.46293100000E-01   2.41299000000E-01
   2.36596900000E-01   2.32984600000E-01   2.29532800000E-01   2.26230000000E-01
   2.23065800000E-01   2.20030800000E-01   2.17116300000E-01   2.14314800000E-01
   2.11618900000E-01   2.09022200000E-01   2.06518900000E-01   2.04103400000E-01
   2.01770800000E-01   1.97335700000E-01   1.93180900000E-01   1.89277800000E-01
   1.85602200000E-01   1.82132800000E-01   1.78850900000E-01   1.75740200000E-01
   1.72786400000E-01   1.69976700000E-01   1.67299800000E-01   1.64745500000E-01
   1.62304700000E-01   1.59969300000E-01   1.57731900000E-01   1.55585800000E-01
   1.53525000000E-01   1.51544000000E-01   1.49637700000E-01   1.47801600000E-01
   1.46031500000E-01   1.44323500000E-01   1.42674100000E-01   1.39538100000E-01
   1.36600200000E-01   1.33840300000E-01   1.31241300000E-01   1.28788100000E-01
   1.26467400000E-01   1.24267900000E-01   1.22179300000E-01   1.20192600000E-01
   1.18299700000E-01   1.15621000000E-01   1.13116400000E-01   1.10767800000E-01
   1.08559700000E-01   1.06478600000E-01   1.04512800000E-01   1.02652100000E-01
   1.00887300000E-01   9.92104700000E-02   9.76146100000E-02   9.60933800000E-02
   9.46411400000E-02   9.32528100000E-02   9.19238600000E-02   9.06501500000E-02
   8.94279700000E-02   8.82539400000E-02   8.71249800000E-02   8.60382600000E-02
   8.49912300000E-02   8.39815200000E-02   8.30069700000E-02   8.11555200000E-02
   7.94226900000E-02   7.77963400000E-02   7.48225400000E-02   7.25888400000E-02
   7.05439700000E-02   6.86627300000E-02   6.69243900000E-02   6.38103100000E-02
   6.10940300000E-02   5.86974700000E-02   5.65624300000E-02   5.46445500000E-02
   5.29093400000E-02   5.13295400000E-02   4.98832500000E-02   4.85526800000E-02
   4.73231900000E-02   4.51207000000E-02   4.31996500000E-02   4.15047900000E-02
   3.99949400000E-02   3.86387000000E-02   3.74116800000E-02   3.57723300000E-02
   3.43312600000E-02   3.30515200000E-02   3.19050500000E-02   3.08701500000E-02
   2.99297500000E-02   2.90702500000E-02   2.82806700000E-02   2.68769900000E-02
   2.56635800000E-02   2.46011800000E-02   2.36608000000E-02   2.29544400000E-02
   2.23076900000E-02   2.17125700000E-02   2.11625700000E-02   2.01772700000E-02
   1.93180900000E-02   1.85605100000E-02   1.78859300000E-02   1.72798900000E-02
   1.67312300000E-02   1.62314300000E-02   1.57737400000E-02   1.53526600000E-02
   1.49635900000E-02   1.42667000000E-02   1.36590000000E-02   1.31232400000E-02
   1.26464600000E-02   1.22179400000E-02   1.18295300000E-02   1.13102800000E-02
   1.08541700000E-02   1.04494400000E-02   1.00874000000E-02   9.76052700000E-03
   9.46301700000E-03   9.19096900000E-03   8.94109500000E-03   8.49697600000E-03
   8.11308200000E-03   7.77696800000E-03   7.47987200000E-03   7.25666700000E-03
   7.05193500000E-03   6.86353000000E-03   6.68945700000E-03   6.37766900000E-03
   6.10576000000E-03   5.86591000000E-03   5.65286700000E-03   5.46145200000E-03
   5.28766600000E-03   5.12936800000E-03   4.98445000000E-03   4.85114900000E-03
   4.72799300000E-03   4.50741200000E-03   4.31505400000E-03   4.14537200000E-03
   3.99464500000E-03   3.85924000000E-03   3.73612800000E-03   3.57147400000E-03
   3.42689800000E-03   3.29853000000E-03   3.18382600000E-03   3.08029100000E-03
   2.98596300000E-03   2.89978200000E-03   2.82063900000E-03   2.67999000000E-03
   2.55843400000E-03   2.45201000000E-03   2.35790300000E-03   2.28693600000E-03
   2.22183500000E-03   2.16196300000E-03   2.10665800000E-03   2.00762800000E-03
   1.92129500000E-03   1.84516200000E-03   1.77746700000E-03   1.71668200000E-03
   1.66157700000E-03   1.61101200000E-03   1.56471900000E-03   1.52215600000E-03
   1.48284900000E-03   1.41248800000E-03   1.35117700000E-03   1.29713000000E-03
   1.24907000000E-03   1.20593100000E-03   1.16685700000E-03   1.13088200000E-03
   1.09795900000E-03   1.06770000000E-03   1.03976500000E-03   9.89786200000E-04
   9.46246800000E-04   9.07433800000E-04   8.72931900000E-04   8.41993000000E-04
   8.14010000000E-04   7.88282500000E-04   7.64761700000E-04   7.43159600000E-04
   7.23222400000E-04   7.04552500000E-04   6.87192500000E-04   6.71004400000E-04
   6.55856400000E-04   6.41498200000E-04   6.27993000000E-04   6.15266200000E-04
   6.03253800000E-04   5.80865100000E-04   5.60652200000E-04   5.42118300000E-04
   5.25197300000E-04   5.09523600000E-04   4.95112700000E-04   4.82860800000E-04
   4.70666200000E-04   4.58471600000E-04   4.46351900000E-04   4.36733600000E-04
   4.27189700000E-04   4.17645600000E-04   4.08156600000E-04   3.92620900000E-04
   3.77181900000E-04   3.64247700000E-04   3.51388800000E-04   3.40398000000E-04
   3.29467600000E-04   3.19975500000E-04   3.10532800000E-04   3.02226200000E-04
   2.93961000000E-04   2.86612000000E-04   2.79298300000E-04   2.72736800000E-04
   2.66205500000E-04   2.54430300000E-04   2.41933700000E-04   2.29480300000E-04
   2.19387100000E-04   2.09334900000E-04   2.00982100000E-04   1.92661300000E-04
   1.85613500000E-04   1.78591400000E-04   1.72552600000E-04   1.66534800000E-04
   1.61295200000E-04   1.56073300000E-04   1.51479900000E-04   1.46901500000E-04
   1.42839100000E-04   1.38789800000E-04   1.31561800000E-04   1.25079500000E-04
   1.19232900000E-04   1.13933400000E-04   1.09108300000E-04   1.04699000000E-04
   1.00809900000E-04   9.69300100000E-05   9.36156200000E-05   9.03102100000E-05
   8.74571700000E-05   8.46117000000E-05   8.21339300000E-05   7.96625900000E-05
   7.53314500000E-05   7.15159600000E-05   6.81351200000E-05   6.51240200000E-05
   6.24299600000E-05   6.00102800000E-05   5.79302100000E-05   5.58543200000E-05
   5.41416500000E-05   5.24330100000E-05   5.10086100000E-05   4.95875200000E-05
   4.83926100000E-05   4.72004600000E-05   4.51835600000E-05   4.34692400000E-05
   4.20049400000E-05   4.07491900000E-05   3.96688100000E-05   3.87370400000E-05
   3.79320300000E-05   3.72357600000E-05   3.66332800000E-05   3.61121000000E-05
   3.56618500000E-05   3.52254200000E-05   3.47899800000E-05   3.44944000000E-05
   3.41997700000E-05   3.40078900000E-05   3.38167300000E-05   3.37019400000E-05
   3.35877200000E-05   3.34741100000E-05   3.34472900000E-05   3.34856700000E-05
   3.35727900000E-05   3.36959500000E-05   3.38452500000E-05   3.41928700000E-05
   3.45711800000E-05   3.49523900000E-05   3.53192000000E-05   3.56611500000E-05
   3.59722500000E-05   3.62495400000E-05   3.64921000000E-05   3.67002800000E-05
   3.68753300000E-05   3.71336000000E-05   3.72841000000E-05   3.73450000000E-05
   3.73333400000E-05   3.72641700000E-05   3.71503200000E-05   3.70024400000E-05
   3.68292700000E-05   3.66378300000E-05   3.64337900000E-05   3.62216100000E-05
   3.60048200000E-05   3.57861300000E-05   3.55676900000E-05   3.53510900000E-05
   3.51375600000E-05   3.49279700000E-05   3.47229700000E-05   3.45230000000E-05
   3.43283400000E-05   3.41391300000E-05   3.39554500000E-05   3.37772500000E-05
   3.36045000000E-05   3.34370700000E-05   3.30407000000E-05   3.26737500000E-05
   3.23330700000E-05   3.20154500000E-05   3.17178700000E-05   3.14375400000E-05
   3.11719200000E-05   3.09187700000E-05   3.06760900000E-05   3.04421400000E-05
   3.02154000000E-05   2.99945500000E-05   2.97784500000E-05   2.95661100000E-05
   2.93567000000E-05   2.91495100000E-05   2.89439300000E-05   2.87394600000E-05
   2.85356900000E-05   2.83322700000E-05   2.81289400000E-05   2.79254800000E-05
   2.77217400000E-05   2.75176100000E-05   2.73130100000E-05   2.71079200000E-05
                   1                 631   1.67298800000E+01   1.64744400000E+01
   1.62303600000E+01   1.59968200000E+01   1.57730800000E+01   1.55584700000E+01
   1.53523900000E+01   1.51542800000E+01   1.49636600000E+01   1.47800500000E+01
   1.46030300000E+01   1.44322300000E+01   1.42672900000E+01   1.39536800000E+01
   1.36598900000E+01   1.33839000000E+01   1.31239900000E+01   1.28786600000E+01
   1.26466000000E+01   1.24266400000E+01   1.22177700000E+01   1.20191000000E+01
   1.18298100000E+01   1.15619300000E+01   1.13114600000E+01   1.10766000000E+01
   1.08557800000E+01   1.06476600000E+01   1.04510700000E+01   1.02649800000E+01
   1.00885000000E+01   9.92080800000E+00   9.76121300000E+00   9.60908100000E+00
   9.46384700000E+00   9.32500600000E+00   9.19210100000E+00   9.06472200000E+00
   8.94249500000E+00   8.82508300000E+00   8.71217800000E+00   8.60349800000E+00
   8.49878600000E+00   8.39780700000E+00   8.30034300000E+00   8.11518200000E+00
   7.94188400000E+00   7.77923500000E+00   7.62618500000E+00   7.48182800000E+00
   7.36759500000E+00   7.25844000000E+00   7.15399600000E+00   7.05393500000E+00
   6.95795900000E+00   6.86579600000E+00   6.77720200000E+00   6.69195100000E+00
   6.60983800000E+00   6.53067500000E+00   6.45429000000E+00   6.38052500000E+00
   6.24027600000E+00   6.10889200000E+00   5.98546700000E+00   5.86923300000E+00
   5.75951800000E+00   5.65573400000E+00   5.55736600000E+00   5.46395800000E+00
   5.37510800000E+00   5.29045500000E+00   5.20968000000E+00   5.13249500000E+00
   5.05864200000E+00   4.98788900000E+00   4.92002300000E+00   4.85485400000E+00
   4.79220800000E+00   4.73192600000E+00   4.67386400000E+00   4.61788700000E+00
   4.56387500000E+00   4.51171500000E+00   4.41254400000E+00   4.31963800000E+00
   4.23236300000E+00   4.15017400000E+00   4.07259400000E+00   3.99920700000E+00
   3.92965100000E+00   3.86360100000E+00   3.80077400000E+00   3.74091600000E+00
   3.65620500000E+00   3.57700000000E+00   3.50272900000E+00   3.43290000000E+00
   3.36708700000E+00   3.30492000000E+00   3.24607400000E+00   3.19026400000E+00
   3.13723600000E+00   3.08676800000E+00   3.03865900000E+00   2.99273200000E+00
   2.94882700000E+00   2.90679900000E+00   2.86651800000E+00   2.82786600000E+00
   2.79073700000E+00   2.75503300000E+00   2.72066600000E+00   2.68755300000E+00
   2.65562100000E+00   2.62480000000E+00   2.56624700000E+00   2.51144500000E+00
   2.46001100000E+00   2.41161200000E+00   2.36596300000E+00   2.32983900000E+00
   2.29532100000E+00   2.26229300000E+00   2.23065100000E+00   2.20030000000E+00
   2.17115600000E+00   2.14314000000E+00   2.11618100000E+00   2.09021500000E+00
   2.06518200000E+00   2.04102700000E+00   2.01770000000E+00   1.97335000000E+00
   1.93180100000E+00   1.89277100000E+00   1.85601400000E+00   1.82131900000E+00
   1.78850000000E+00   1.75739300000E+00   1.72785500000E+00   1.69975800000E+00
   1.67298900000E+00   1.64744500000E+00   1.62303700000E+00   1.59968300000E+00
   1.57730900000E+00   1.55584800000E+00   1.53524000000E+00   1.51542900000E+00
   1.49636600000E+00   1.47800500000E+00   1.46030400000E+00   1.44322400000E+00
   1.42672900000E+00   1.39536900000E+00   1.36598900000E+00   1.33839100000E+00
   1.31240000000E+00   1.28786700000E+00   1.26466000000E+00   1.24266500000E+00
   1.22177800000E+00   1.20191000000E+00   1.18298200000E+00   1.15619400000E+00
   1.13114700000E+00   1.10766000000E+00   1.08557800000E+00   1.06476700000E+00
   1.04510800000E+00   1.02649900000E+00   1.00885000000E+00   9.92081300000E-01
   9.76121800000E-01   9.60908600000E-01   9.46385200000E-01   9.32501100000E-01
   9.19210600000E-01   9.06472700000E-01   8.94250100000E-01   8.82508800000E-01
   8.71218300000E-01   8.60350300000E-01   8.49879100000E-01   8.39781200000E-01
   8.30034900000E-01   8.11518800000E-01   7.94189000000E-01   7.77924000000E-01
   7.62619100000E-01   7.48183300000E-01   7.36760000000E-01   7.25844500000E-01
   7.15400100000E-01   7.05394000000E-01   6.95796400000E-01   6.86580100000E-01
   6.77720700000E-01   6.69195500000E-01   6.60984200000E-01   6.53068000000E-01
   6.45429500000E-01   6.38052900000E-01   6.24028100000E-01   6.10889200000E-01
   5.98546700000E-01   5.86923400000E-01   5.75951900000E-01   5.65573600000E-01
   5.55736700000E-01   5.46396000000E-01   5.37510900000E-01   5.29045700000E-01
   5.20968200000E-01   5.13249700000E-01   5.05864400000E-01   4.98789100000E-01
   4.92002500000E-01   4.85485600000E-01   4.79221000000E-01   4.73192900000E-01
   4.67386600000E-01   4.61789000000E-01   4.56387700000E-01   4.51171700000E-01
   4.41254700000E-01   4.31964100000E-01   4.23236700000E-01   4.15017700000E-01
   4.07259700000E-01   3.99921100000E-01   3.92965400000E-01   3.86360500000E-01
   3.80077800000E-01   3.74092000000E-01   3.68045900000E-01   3.62283800000E-01
   3.56784100000E-01   3.51527500000E-01   3.46496700000E-01   3.41675800000E-01
   3.37050700000E-01   3.32608400000E-01   3.25249400000E-01   3.18358200000E-01
   3.11887300000E-01   3.05795600000E-01   3.00047300000E-01   2.94611600000E-01
   2.89461000000E-01   2.84571300000E-01   2.80680600000E-01   2.76945200000E-01
   2.73355000000E-01   2.69901000000E-01   2.66574700000E-01   2.63368400000E-01
   2.60275100000E-01   2.57288300000E-01   2.51610700000E-01   2.46293100000E-01
   2.41299000000E-01   2.36596900000E-01   2.32984600000E-01   2.29532800000E-01
   2.26230000000E-01   2.23065800000E-01   2.20030800000E-01   2.17116300000E-01
   2.14314800000E-01   2.11618900000E-01   2.09022200000E-01   2.06518900000E-01
   2.04103400000E-01   2.01770800000E-01   1.97335700000E-01   1.93180900000E-01
   1.89277800000E-01   1.85602200000E-01   1.82132800000E-01   1.78850900000E-01
   1.75740200000E-01   1.72786400000E-01   1.69976700000E-01   1.67299800000E-01
   1.64745500000E-01   1.62304700000E-01   1.59969300000E-01   1.57731900000E-01
   1.55585800000E-01   1.53525000000E-01   1.51544000000E-01   1.49637700000E-01
   1.47801600000E-01   1.46031500000E-01   1.44323500000E-01   1.42674100000E-01
   1.39538100000E-01   1.36600200000E-01   1.33840300000E-01   1.31241300000E-01
   1.28788100000E-01   1.26467400000E-01   1.24267900000E-01   1.22179300000E-01
   1.20192600000E-01   1.18299700000E-01   1.15621000000E-01   1.13116400000E-01
   1.10767800000E-01   1.08559700000E-01   1.06478600000E-01   1.04512800000E-01
   1.02652100000E-01   1.00887300000E-01   9.92104700000E-02   9.76146100000E-02
   9.60933800000E-02   9.46411400000E-02   9.32528100000E-02   9.19238600000E-02
   9.06501500000E-02   8.94279700000E-02   8.82539400000E-02   8.71249800000E-02
   8.60382600000E-02   8.49912300000E-02   8.39815200000E-02   8.30069700000E-02
   8.11555200000E-02   7.94226900000E-02   7.77963400000E-02   7.48225400000E-02
   7.25888400000E-02   7.05439700000E-02   6.86627300000E-02   6.69243900000E-02
   6.38103100000E-02   6.10940300000E-02   5.86974700000E-02   5.65624300000E-02
   5.46445500000E-02   5.29093400000E-02   5.13295400000E-02   4.98832500000E-02
   4.85526800000E-02   4.73231900000E-02   4.51207000000E-02   4.31996500000E-02
   4.15047900000E-02   3.99949400000E-02   3.86387000000E-02   3.74116800000E-02
   3.57723300000E-02   3.43312600000E-02   3.30515200000E-02   3.19050500000E-02
   3.08701500000E-02   2.99297500000E-02   2.90702500000E-02   2.82806700000E-02
   2.68769900000E-02   2.56635800000E-02   2.46011800000E-02   2.36608000000E-02
   2.29544400000E-02   2.23076900000E-02   2.17125700000E-02   2.11625700000E-02
   2.01772700000E-02   1.93180900000E-02   1.85605100000E-02   1.78859300000E-02
   1.72798900000E-02   1.67312300000E-02   1.62314300000E-02   1.57737400000E-02
   1.53526600000E-02   1.49635900000E-02   1.42667000000E-02   1.36590000000E-02
   1.31232400000E-02   1.26464600000E-02   1.22179400000E-02   1.18295300000E-02
   1.13102800000E-02   1.08541700000E-02   1.04494400000E-02   1.00874000000E-02
   9.76052700000E-03   9.46301700000E-03   9.19096900000E-03   8.94109500000E-03
   8.49697600000E-03   8.11308200000E-03   7.77696800000E-03   7.47987200000E-03
   7.25666700000E-03   7.05193500000E-03   6.86353000000E-03   6.68945700000E-03
   6.37766900000E-03   6.10576000000E-03   5.86591000000E-03   5.65286700000E-03
   5.46145200000E-03   5.28766600000E-03   5.12936800000E-03   4.98445000000E-03
   4.85114900000E-03   4.72799300000E-03   4.50741200000E-03   4.31505400000E-03
   4.14537200000E-03   3.99464500000E-03   3.85924000000E-03   3.73612800000E-03
   3.57147400000E-03   3.42689800000E-03   3.29853000000E-03   3.18382600000E-03
   3.08029100000E-03   2.98596300000E-03   2.89978200000E-03   2.82063900000E-03
   2.67999000000E-03   2.55843400000E-03   2.45201000000E-03   2.35790300000E-03
   2.28693600000E-03   2.22183500000E-03   2.16196300000E-03   2.10665800000E-03
   2.00762800000E-03   1.92129500000E-03   1.84516200000E-03   1.77746700000E-03
   1.71668200000E-03   1.66157700000E-03   1.61101200000E-03   1.56471900000E-03
   1.52215600000E-03   1.48284900000E-03   1.41248800000E-03   1.35117700000E-03
   1.29713000000E-03   1.24907000000E-03   1.20593100000E-03   1.16685700000E-03
   1.13088200000E-03   1.09795900000E-03   1.06770000000E-03   1.03976500000E-03
   9.89786200000E-04   9.46246800000E-04   9.07433800000E-04   8.72931900000E-04
   8.41993000000E-04   8.14010000000E-04   7.88282500000E-04   7.64761700000E-04
   7.43159600000E-04   7.23222400000E-04   7.04552500000E-04   6.87192500000E-04
   6.71004400000E-04   6.55856400000E-04   6.41498200000E-04   6.27993000000E-04
   6.15266200000E-04   6.03253800000E-04   5.80865100000E-04   5.60652200000E-04
   5.42118300000E-04   5.25197300000E-04   5.09523600000E-04   4.95112700000E-04
   4.82860800000E-04   4.70666200000E-04   4.58471600000E-04   4.46351900000E-04
   4.36733600000E-04   4.27189700000E-04   4.17645600000E-04   4.08156600000E-04
   3.92620900000E-04   3.77181900000E-04   3.64247700000E-04   3.51388800000E-04
   3.40398000000E-04   3.29467600000E-04   3.19975500000E-04   3.10532800000E-04
   3.02226200000E-04   2.93961000000E-04   2.86612000000E-04   2.79298300000E-04
   2.72736800000E-04   2.66205500000E-04   2.54430300000E-04   2.41933700000E-04
   2.29480300000E-04   2.19387100000E-04   2.09334900000E-04   2.00982100000E-04
   1.92661300000E-04   1.85613500000E-04   1.78591400000E-04   1.72552600000E-04
   1.66534800000E-04   1.61295200000E-04   1.56073300000E-04   1.51479900000E-04
   1.46901500000E-04   1.42839100000E-04   1.38789800000E-04   1.31561800000E-04
   1.25079500000E-04   1.19232900000E-04   1.13933400000E-04   1.09108300000E-04
   1.04699000000E-04   1.00809900000E-04   9.69300100000E-05   9.36156200000E-05
   9.03102100000E-05   8.74571700000E-05   8.46117000000E-05   8.21339300000E-05
   7.96625900000E-05   7.53314500000E-05   7.15159600000E-05   6.81351200000E-05
   6.51240200000E-05   6.24299600000E-05   6.00102800000E-05   5.79302100000E-05
   5.58543200000E-05   5.41416500000E-05   5.24330100000E-05   5.10086100000E-05
   4.95875200000E-05   4.83926100000E-05   4.72004600000E-05   4.51835600000E-05
   4.34692400000E-05   4.20049400000E-05   4.07491900000E-05   3.96688100000E-05
   3.87370400000E-05   3.79320300000E-05   3.72357600000E-05   3.66332800000E-05
   3.61121000000E-05   3.56618500000E-05   3.52254200000E-05   3.47899800000E-05
   3.44944000000E-05   3.41997700000E-05   3.40078900000E-05   3.38167300000E-05
   3.37019400000E-05   3.35877200000E-05   3.34741100000E-05   3.34472900000E-05
   3.34856700000E-05   3.35727900000E-05   3.36959500000E-05   3.38452500000E-05
   3.41928700000E-05   3.45711800000E-05   3.49523900000E-05   3.53192000000E-05
   3.56611500000E-05   3.59722500000E-05   3.62495400000E-05   3.64921000000E-05
   3.67002800000E-05   3.68753300000E-05   3.71336000000E-05   3.72841000000E-05
   3.73450000000E-05   3.73333400000E-05   3.72641700000E-05   3.71503200000E-05
   3.70024400000E-05   3.68292700000E-05   3.66378300000E-05   3.64337900000E-05
   3.62216100000E-05   3.60048200000E-05   3.57861300000E-05   3.55676900000E-05
   3.53510900000E-05   3.51375600000E-05   3.49279700000E-05   3.47229700000E-05
   3.45230000000E-05   3.43283400000E-05   3.41391300000E-05   3.39554500000E-05
   3.37772500000E-05   3.36045000000E-05   3.34370700000E-05   3.30407000000E-05
   3.26737500000E-05   3.23330700000E-05   3.20154500000E-05   3.17178700000E-05
   3.14375400000E-05   3.11719200000E-05   3.09187700000E-05   3.06760900000E-05
   3.04421400000E-05   3.02154000000E-05   2.99945500000E-05   2.97784500000E-05
   2.95661100000E-05   2.93567000000E-05   2.91495100000E-05   2.89439300000E-05
   2.87394600000E-05   2.85356900000E-05   2.83322700000E-05   2.81289400000E-05
   2.79254800000E-05   2.77217400000E-05   2.75176100000E-05   2.73130100000E-05
   2.71079200000E-05                   1                 153   1.00000000000E-11
   2.00000000000E-11   5.00000000000E-11   1.00000000000E-10   2.00000000000E-10
   5.00000000000E-10   1.00000000000E-09   2.00000000000E-09   5.00000000000E-09
   1.00000000000E-08   2.53000000000E-08   1.00000000000E-07   2.00000000000E-07
   5.00000000000E-07   1.00000000000E-06   2.00000000000E-06   5.00000000000E-06
   1.00000000000E-05   2.00000000000E-05   5.00000000000E-05   1.00000000000E-04
   2.00000000000E-04   5.00000000000E-04   1.00000000000E-03   2.00000000000E-03
   3.00000000000E-03   4.00000000000E-03   5.00000000000E-03   6.00000000000E-03
   7.00000000000E-03   8.00000000000E-03   9.00000000000E-03   1.00000000000E-02
   1.20000000000E-02   1.40000000000E-02   1.60000000000E-02   1.80000000000E-02
   2.00000000000E-02   2.20000000000E-02   2.40000000000E-02   2.60000000000E-02
   2.80000000000E-02   3.00000000000E-02   3.50000000000E-02   4.00000000000E-02
   4.50000000000E-02   5.00000000000E-02   5.50000000000E-02   6.00000000000E-02
   6.50000000000E-02   7.00000000000E-02   7.50000000000E-02   8.00000000000E-02
   8.50000000000E-02   9.00000000000E-02   9.50000000000E-02   1.00000000000E-01
   1.10000000000E-01   1.20000000000E-01   1.30000000000E-01   1.40000000000E-01
   1.50000000000E-01   1.60000000000E-01   1.70000000000E-01   1.80000000000E-01
   1.90000000000E-01   2.00000000000E-01   2.20000000000E-01   2.40000000000E-01
   2.60000000000E-01   2.80000000000E-01   3.00000000000E-01   3.20000000000E-01
   3.40000000000E-01   3.60000000000E-01   3.80000000000E-01   4.00000000000E-01
   4.20000000000E-01   4.40000000000E-01   4.60000000000E-01   4.80000000000E-01
   5.00000000000E-01   5.50000000000E-01   6.00000000000E-01   6.50000000000E-01
   7.00000000000E-01   7.50000000000E-01   8.00000000000E-01   8.50000000000E-01
   9.00000000000E-01   9.50000000000E-01   1.00000000000E+00   1.10000000000E+00
   1.20000000000E+00   1.30000000000E+00   1.40000000000E+00   1.50000000000E+00
   1.60000000000E+00   1.70000000000E+00   1.80000000000E+00   1.90000000000E+00
   2.00000000000E+00   2.20000000000E+00   2.40000000000E+00   2.60000000000E+00
   2.80000000000E+00   3.00000000000E+00   3.20000000000E+00   3.40000000000E+00
   3.60000000000E+00   3.80000000000E+00   4.00000000000E+00   4.20000000000E+00
   4.40000000000E+00   4.60000000000E+00   4.80000000000E+00   5.00000000000E+00
   5.20000000000E+00   5.40000000000E+00   5.60000000000E+00   5.80000000000E+00
   6.00000000000E+00   6.20000000000E+00   6.40000000000E+00   6.60000000000E+00
   6.80000000000E+00   7.00000000000E+00   7.50000000000E+00   8.00000000000E+00
   8.50000000000E+00   9.00000000000E+00   9.50000000000E+00   1.00000000000E+01
   1.05000000000E+01   1.10000000000E+01   1.15000000000E+01   1.20000000000E+01
   1.25000000000E+01   1.30000000000E+01   1.35000000000E+01   1.40000000000E+01
   1.45000000000E+01   1.50000000000E+01   1.55000000000E+01   1.60000000000E+01
   1.65000000000E+01   1.70000000000E+01   1.75000000000E+01   1.80000000000E+01
   1.85000000000E+01   1.90000000000E+01   1.95000000000E+01   2.00000000000E+01
                -308                -319                -330                -341
                -352                -363                -374                -385
                -396                -407                -418                -429
                -440                -451                -462                -473
                -484                -495                -506                -517
                -528                -539                -550                -561
                -572                -583                -594                -605
                -616                -627                -638                -649
                -660                -671                -682                -693
                -704                -715                -726                -737
                -748                -759                -770                -781
                -792                -803                -814                -825
                -836                -847                -858                -869
                -880                -891                -902                -913
                -924                -935                -946                -957
                -968                -979                -990               -1001
               -1012               -1023               -1034               -1045
               -1056               -1067               -1078               -1089
               -1100               -1111               -1122               -1133
               -1144               -1155               -1166               -1177
               -1188               -1199               -1210               -1221
               -1232               -1243               -1254               -1265
               -1276               -1287               -1298               -1309
               -1320               -1331               -1342               -1353
               -1364               -1375               -1386               -1397
               -1408               -1419               -1430               -1441
               -1452               -1463               -1474               -1485
               -1496               -1507               -1518               -1529
               -1540               -1551               -1562               -1573
               -1584               -1595               -1606               -1617
               -1628               -1639               -1650               -1661
               -1672               -1683               -1694               -1705
               -1716               -1727               -1738               -1749
               -1760               -1771               -1782               -1796
               -1810               -1824               -1838               -1852
               -1866               -1880               -1897               -1914
               -1931               -1951               -1971               -1991
               -2014               -2037               -2060               -2083
               -2109                   2                   3  -1.00000000000E+00
   0.00000000000E+00   1.00000000000E+00   5.00000000000E-01   5.00000000000E-01
   5.00000000000E-01   0.00000000000E+00   5.00000000000E-01   1.00000000000E+00
                   2                   3  -1.00000000000E+00   0.00000000000E+00
   1.00000000000E+00   5.00000000000E-01   5.00000000000E-01   5.00000000000E-01
   0.00000000000E+00   5.00000000000E-01   1.00000000000E+00                   2
                   3  -1.00000000000E+00   0.00000000000E+00   1.00000000000E+00
   5.00000000000E-01   5.00000000000E-01   5.00000000000E-01   0.00000000000E+00
   5.00000000000E-01   1.00000000000E+00                   2                   3
  -1.00000000000E+00   0.00000000000E+00   1.00000000000E+00   5.00000000000E-01
   5.00000000000E-01   5.00000000000E-01   0.00000000000E+00   5.00000000000E-01
   1.00000000000E+00                   2                   3  -1.00000000000E+00
   0.00000000000E+00   1.00000000000E+00   5.00000000000E-01   5.00000000000E-01
   5.00000000000E-01   0.00000000000E+00   5.00000000000E-01   1.00000000000E+00
                   2                   3  -1.00000000000E+00   0.00000000000E+00
   1.00000000000E+00   5.00000000000E-01   5.00000000000E-01   5.00000000000E-01
   0.00000000000E+00   5.00000000000E-01   1.00000000000E+00                   2
                   3  -1.00000000000E+00   0.00000000000E+00   1.00000000000E+00
   5.00000000000E-01   5.00000000000E-01   5.00000000000E-01   0.00000000000E+00
   5.00000000000E-01   1.00000000000E+00                   2                   3
  -1.00000000000E+00   0.00000000000E+00   1.00000000000E+00   5.00000000000E-01
   5.00000000000E-01   5.00000000000E-01   0.00000000000E+00   5.00000000000E-01
   1.00000000000E+00                   2                   3  -1.00000000000E+00
   0.00000000000E+00   1.00000000000E+00   5.00000000000E-01   5.00000000000E-01
   5.00000000000E-01   0.00000000000E+00   5.00000000000E-01   1.00000000000E+00
                   2                   3  -1.00000000000E+00   0.00000000000E+00
   1.00000000000E+00   5.00000000000E-01   5.00000000000E-01   5.00000000000E-01
   0.00000000000E+00   5.00000000000E-01   1.00000000000E+00                   2
                   3  -1.00000000000E+00   0.00000000000E+00   1.00000000000E+00
   5.00000000000E-01   5.00000000000E-01   5.00000000000E-01   0.00000000000E+00
   5.00000000000E-01   1.00000000000E+00                   2                   3
  -1.00000000000E+00   0.00000000000E+00   1.00000000000E+00   5.00000000000E-01
   5.00000000000E-01   5.00000000000E-01   0.00000000000E+00   5.00000000000E-01
   1.00000000000E+00                   2                   3  -1.00000000000E+00
   0.00000000000E+00   1.00000000000E+00   5.00000000000E-01   5.00000000000E-01
   5.00000000000E-01   0.00000000000E+00   5.00000000000E-01   1.00000000000E+00
                   2                   3  -1.00000000000E+00   0.00000000000E+00
   1.00000000000E+00   5.00000000000E-01   5.00000000000E-01   5.00000000000E-01
   0.00000000000E+00   5.00000000000E-01   1.00000000000E+00                   2
                   3  -1.00000000000E+00   0.00000000000E+00   1.00000000000E+00
   5.00000000000E-01   5.00000000000E-01   5.00000000000E-01   0.00000000000E+00
   5.00000000000E-01   1.00000000000E+00                   2                   3
  -1.00000000000E+00   0.00000000000E+00   1.00000000000E+00   5.00000000000E-01
   5.00000000000E-01   5.00000000000E-01   0.00000000000E+00   5.00000000000E-01
   1.00000000000E+00                   2                   3  -1.00000000000E+00
   0.00000000000E+00   1.00000000000E+00   5.00000000000E-01   5.00000000000E-01
   5.00000000000E-01   0.00000000000E+00   5.00000000000E-01   1.00000000000E+00
                   2                   3  -1.00000000000E+00   0.00000000000E+00
   1.00000000000E+00   5.00000000000E-01   5.00000000000E-01   5.00000000000E-01
   0.00000000000E+00   5.00000000000E-01   1.00000000000E+00                   2
                   3  -1.00000000000E+00   0.00000000000E+00   1.00000000000E+00
   5.00000000000E-01   5.00000000000E-01   5.00000000000E-01   0.00000000000E+00
   5.00000000000E-01   1.00000000000E+00                   2                   3
  -1.00000000000E+00   0.00000000000E+00   1.00000000000E+00   5.00000100000E-01
   5.00000000000E-01   4.99999900000E-01   0.00000000000E+00   5.00000100000E-01
   1.00000000000E+00                   2                   3  -1.00000000000E+00
   0.00000000000E+00   1.00000000000E+00   5.00000200000E-01   5.00000000000E-01
   4.99999800000E-01   0.00000000000E+00   5.00000100000E-01   1.00000000000E+00
                   2                   3  -1.00000000000E+00   0.00000000000E+00
   1.00000000000E+00   5.00000300000E-01   5.00000000000E-01   4.99999700000E-01
   0.00000000000E+00   5.00000200000E-01   1.00000000000E+00                   2
                   3  -1.00000000000E+00   0.00000000000E+00   1.00000000000E+00
   5.00000900000E-01   5.00000000000E-01   4.99999100000E-01   0.00000000000E+00
   5.00000500000E-01   1.00000000000E+00                   2                   3
  -1.00000000000E+00   0.00000000000E+00   1.00000000000E+00   5.00001700000E-01
   5.00000000000E-01   4.99998300000E-01   0.00000000000E+00   5.00000900000E-01
   1.00000000000E+00                   2                   3  -1.00000000000E+00
   0.00000000000E+00   1.00000000000E+00   5.00003500000E-01   5.00000000000E-01
   4.99996500000E-01   0.00000000000E+00   5.00001800000E-01   1.00000000000E+00
                   2                   3  -1.00000000000E+00   0.00000000000E+00
   1.00000000000E+00   5.00005200000E-01   5.00000000000E-01   4.99994800000E-01
   0.00000000000E+00   5.00002600000E-01   1.00000000000E+00                   2
                   3  -1.00000000000E+00   0.00000000000E+00   1.00000000000E+00
   5.00006900000E-01   5.00000000000E-01   4.99993100000E-01   0.00000000000E+00
   5.00003500000E-01   1.00000000000E+00                   2                   3
  -1.00000000000E+00   0.00000000000E+00   1.00000000000E+00   5.00008700000E-01
   5.00000000000E-01   4.99991300000E-01   0.00000000000E+00   5.00004400000E-01
   1.00000000000E+00                   2                   3  -1.00000000000E+00
   0.00000000000E+00   1.00000000000E+00   5.00010400000E-01   5.00000000000E-01
   4.99989600000E-01   0.00000000000E+00   5.00005200000E-01   1.00000000000E+00
                   2                   3  -1.00000000000E+00   0.00000000000E+00
   1.00000000000E+00   5.00012100000E-01   5.00000000000E-01   4.99987900000E-01
   0.00000000000E+00   5.00006100000E-01   1.00000000000E+00                   2
                   3  -1.00000000000E+00   0.00000000000E+00   1.00000000000E+00
   5.00013800000E-01   5.00000000000E-01   4.99986200000E-01   0.00000000000E+00
   5.00006900000E-01   1.00000000000E+00                   2                   3
  -1.00000000000E+00   0.00000000000E+00   1.00000000000E+00   5.00015500000E-01
   5.00000000000E-01   4.99984500000E-01   0.00000000000E+00   5.00007800000E-01
   1.00000000000E+00                   2                   3  -1.00000000000E+00
   0.00000000000E+00   1.00000000000E+00   5.00017200000E-01   5.00000000000E-01
   4.99982800000E-01   0.00000000000E+00   5.00008600000E-01   1.00000000000E+00
                   2                   3  -1.00000000000E+00   0.00000000000E+00
   1.00000000000E+00   5.00020600000E-01   5.00000000000E-01   4.99979400000E-01
   0.00000000000E+00   5.00010300000E-01   1.00000000000E+00                   2
                   3  -1.00000000000E+00   0.00000000000E+00   1.00000000000E+00
   5.00024000000E-01   5.00000000000E-01   4.99976000000E-01   0.00000000000E+00
   5.00012000000E-01   1.00000000000E+00                   2                   3
  -1.00000000000E+00   0.00000000000E+00   1.00000000000E+00   5.00027300000E-01
   5.00000000000E-01   4.99972700000E-01   0.00000000000E+00   5.00013700000E-01
   1.00000000000E+00                   2                   3  -1.00000000000E+00
   0.00000000000E+00   1.00000000000E+00   5.00030600000E-01   5.00000000000E-01
   4.99969400000E-01   0.00000000000E+00   5.00015300000E-01   1.00000000000E+00
                   2                   3  -1.00000000000E+00   0.00000000000E+00
   1.00000000000E+00   5.00034000000E-01   5.00000000000E-01   4.99966000000E-01
   0.00000000000E+00   5.00017000000E-01   1.00000000000E+00                   2
                   3  -1.00000000000E+00   0.00000000000E+00   1.00000000000E+00
   5.00037300000E-01   5.00000000000E-01   4.99962700000E-01   0.00000000000E+00
   5.00018700000E-01   1.00000000000E+00                   2                   3
  -1.00000000000E+00   0.00000000000E+00   1.00000000000E+00   5.00040500000E-01
   5.00000000000E-01   4.99959500000E-01   0.00000000000E+00   5.00020300000E-01
   1.00000000000E+00                   2                   3  -1.00000000000E+00
   0.00000000000E+00   1.00000000000E+00   5.00043800000E-01   5.00000000000E-01
   4.99956200000E-01   0.00000000000E+00   5.00021900000E-01   1.00000000000E+00
                   2                   3  -1.00000000000E+00   0.00000000000E+00
   1.00000000000E+00   5.00047000000E-01   5.00000000000E-01   4.99953000000E-01
   0.00000000000E+00   5.00023500000E-01   1.00000000000E+00                   2
                   3  -1.00000000000E+00   0.00000000000E+00   1.00000000000E+00
   5.00050300000E-01   5.00000000000E-01   4.99949700000E-01   0.00000000000E+00
   5.00025200000E-01   1.00000000000E+00                   2                   3
  -1.00000000000E+00   0.00000000000E+00   1.00000000000E+00   5.00058300000E-01
   5.00000000000E-01   4.99941700000E-01   0.00000000000E+00   5.00029200000E-01
   1.00000000000E+00                   2                   3  -1.00000000000E+00
   0.00000000000E+00   1.00000000000E+00   5.00066100000E-01   5.00000000000E-01
   4.99933900000E-01   0.00000000000E+00   5.00033100000E-01   1.00000000000E+00
                   2                   3  -1.00000000000E+00   0.00000000000E+00
   1.00000000000E+00   5.00073900000E-01   5.00000000000E-01   4.99926100000E-01
   0.00000000000E+00   5.00037000000E-01   1.00000000000E+00                   2
                   3  -1.00000000000E+00   0.00000000000E+00   1.00000000000E+00
   5.00081600000E-01   5.00000000000E-01   4.99918400000E-01   0.00000000000E+00
   5.00040800000E-01   1.00000000000E+00                   2                   3
  -1.00000000000E+00   0.00000000000E+00   1.00000000000E+00   5.00089200000E-01
   5.00000000000E-01   4.99910800000E-01   0.00000000000E+00   5.00044600000E-01
   1.00000000000E+00                   2                   3  -1.00000000000E+00
   0.00000000000E+00   1.00000000000E+00   5.00096700000E-01   5.00000000000E-01
   4.99903300000E-01   0.00000000000E+00   5.00048400000E-01   1.00000000000E+00
                   2                   3  -1.00000000000E+00   0.00000000000E+00
   1.00000000000E+00   5.00104100000E-01   5.00000000000E-01   4.99895900000E-01
   0.00000000000E+00   5.00052100000E-01   1.00000000000E+00                   2
                   3  -1.00000000000E+00   0.00000000000E+00   1.00000000000E+00
   5.00111400000E-01   5.00000000000E-01   4.99888600000E-01   0.00000000000E+00
   5.00055700000E-01   1.00000000000E+00                   2                   3
  -1.00000000000E+00   0.00000000000E+00   1.00000000000E+00   5.00118600000E-01
   5.00000000000E-01   4.99881400000E-01   0.00000000000E+00   5.00059300000E-01
   1.00000000000E+00                   2                   3  -1.00000000000E+00
   0.00000000000E+00   1.00000000000E+00   5.00125700000E-01   5.00000000000E-01
   4.99874300000E-01   0.00000000000E+00   5.00062900000E-01   1.00000000000E+00
                   2                   3  -1.00000000000E+00   0.00000000000E+00
   1.00000000000E+00   5.00132700000E-01   5.00000000000E-01   4.99867200000E-01
   0.00000000000E+00   5.00066400000E-01   1.00000000000E+00                   2
                   3  -1.00000000000E+00   0.00000000000E+00   1.00000000000E+00
   5.00139700000E-01   5.00000000000E-01   4.99860300000E-01   0.00000000000E+00
   5.00069900000E-01   1.00000000000E+00                   2                   3
  -1.00000000000E+00   0.00000000000E+00   1.00000000000E+00   5.00146500000E-01
   5.00000000000E-01   4.99853400000E-01   0.00000000000E+00   5.00073300000E-01
   1.00000000000E+00                   2                   3  -1.00000000000E+00
   0.00000000000E+00   1.00000000000E+00   5.00153300000E-01   5.00000000000E-01
   4.99846600000E-01   0.00000000000E+00   5.00076700000E-01   1.00000000000E+00
                   2                   3  -1.00000000000E+00   0.00000000000E+00
   1.00000000000E+00   5.00166700000E-01   5.00000100000E-01   4.99833200000E-01
   0.00000000000E+00   5.00083400000E-01   1.00000000000E+00                   2
                   3  -1.00000000000E+00   0.00000000000E+00   1.00000000000E+00
   5.00179700000E-01   5.00000100000E-01   4.99820100000E-01   0.00000000000E+00
   5.00089900000E-01   1.00000000000E+00                   2                   3
  -1.00000000000E+00   0.00000000000E+00   1.00000000000E+00   5.00192400000E-01
   5.00000100000E-01   4.99807400000E-01   0.00000000000E+00   5.00096300000E-01
   1.00000000000E+00                   2                   3  -1.00000000000E+00
   0.00000000000E+00   1.00000000000E+00   5.00204900000E-01   5.00000100000E-01
   4.99794900000E-01   0.00000000000E+00   5.00102500000E-01   1.00000000000E+00
                   2                   3  -1.00000000000E+00   0.00000000000E+00
   1.00000000000E+00   5.00217100000E-01   5.00000200000E-01   4.99782600000E-01
   0.00000000000E+00   5.00108700000E-01   1.00000000000E+00                   2
                   3  -1.00000000000E+00   0.00000000000E+00   1.00000000000E+00
   5.00229000000E-01   5.00000200000E-01   4.99770600000E-01   0.00000000000E+00
   5.00114600000E-01   1.00000000000E+00                   2                   3
  -1.00000000000E+00   0.00000000000E+00   1.00000000000E+00   5.00240600000E-01
   5.00000200000E-01   4.99758900000E-01   0.00000000000E+00   5.00120400000E-01
   1.00000000000E+00                   2                   3  -1.00000000000E+00
   0.00000000000E+00   1.00000000000E+00   5.00252100000E-01   5.00000300000E-01
   4.99747400000E-01   0.00000000000E+00   5.00126200000E-01   1.00000000000E+00
                   2                   3  -1.00000000000E+00   0.00000000000E+00
   1.00000000000E+00   5.00263300000E-01   5.00000300000E-01   4.99736100000E-01
   0.00000000000E+00   5.00131800000E-01   1.00000000000E+00                   2
                   3  -1.00000000000E+00   0.00000000000E+00   1.00000000000E+00
   5.00274300000E-01   5.00000400000E-01   4.99725000000E-01   0.00000000000E+00
   5.00137400000E-01   1.00000000000E+00                   2                   3
  -1.00000000000E+00   0.00000000000E+00   1.00000000000E+00   5.00295600000E-01
   5.00000500000E-01   4.99703400000E-01   0.00000000000E+00   5.00148100000E-01
   1.00000000000E+00                   2                   3  -1.00000000000E+00
   0.00000000000E+00   1.00000000000E+00   5.00316100000E-01   5.00000600000E-01
   4.99682600000E-01   0.00000000000E+00   5.00158400000E-01   1.00000000000E+00
                   2                   3  -1.00000000000E+00   0.00000000000E+00
   1.00000000000E+00   5.00336000000E-01   5.00000800000E-01   4.99662500000E-01
   0.00000000000E+00   5.00168400000E-01   1.00000000000E+00                   2
                   3  -1.00000000000E+00   0.00000000000E+00   1.00000000000E+00
   5.00355100000E-01   5.00001000000E-01   4.99642900000E-01   0.00000000000E+00
   5.00178100000E-01   1.00000000000E+00                   2                   3
  -1.00000000000E+00   0.00000000000E+00   1.00000000000E+00   5.00373700000E-01
   5.00001200000E-01   4.99624000000E-01   0.00000000000E+00   5.00187500000E-01
   1.00000000000E+00                   2                   3  -1.00000000000E+00
   0.00000000000E+00   1.00000000000E+00   5.00391700000E-01   5.00001400000E-01
   4.99605500000E-01   0.00000000000E+00   5.00196600000E-01   1.00000000000E+00
                   2                   3  -1.00000000000E+00   0.00000000000E+00
   1.00000000000E+00   5.00409100000E-01   5.00001700000E-01   4.99587500000E-01
   0.00000000000E+00   5.00205400000E-01   1.00000000000E+00                   2
                   3  -1.00000000000E+00   0.00000000000E+00   1.00000000000E+00
   5.00426100000E-01   5.00001900000E-01   4.99570000000E-01   0.00000000000E+00
   5.00214000000E-01   1.00000000000E+00                   2                   3
  -1.00000000000E+00   0.00000000000E+00   1.00000000000E+00   5.00442700000E-01
   5.00002300000E-01   4.99552800000E-01   0.00000000000E+00   5.00222500000E-01
   1.00000000000E+00                   2                   3  -1.00000000000E+00
   0.00000000000E+00   1.00000000000E+00   5.00458900000E-01   5.00002600000E-01
   4.99536000000E-01   0.00000000000E+00   5.00230800000E-01   1.00000000000E+00
                   2                   3  -1.00000000000E+00   0.00000000000E+00
   1.00000000000E+00   5.00474600000E-01   5.00002900000E-01   4.99519500000E-01
   0.00000000000E+00   5.00238800000E-01   1.00000000000E+00                   2
                   3  -1.00000000000E+00   0.00000000000E+00   1.00000000000E+00
   5.00490100000E-01   5.00003300000E-01   4.99503200000E-01   0.00000000000E+00
   5.00246700000E-01   1.00000000000E+00                   2                   3
  -1.00000000000E+00   0.00000000000E+00   1.00000000000E+00   5.00505200000E-01
   5.00003800000E-01   4.99487300000E-01   0.00000000000E+00   5.00254500000E-01
   1.00000000000E+00                   2                   3  -1.00000000000E+00
   0.00000000000E+00   1.00000000000E+00   5.00520100000E-01   5.00004200000E-01
   4.99471500000E-01   0.00000000000E+00   5.00262200000E-01   1.00000000000E+00
                   2                   3  -1.00000000000E+00   0.00000000000E+00
   1.00000000000E+00   5.00534700000E-01   5.00004700000E-01   4.99456000000E-01
   0.00000000000E+00   5.00269700000E-01   1.00000000000E+00                   2
                   3  -1.00000000000E+00   0.00000000000E+00   1.00000000000E+00
   5.00570300000E-01   5.00006000000E-01   4.99417800000E-01   0.00000000000E+00
   5.00288200000E-01   1.00000000000E+00                   2                   3
  -1.00000000000E+00   0.00000000000E+00   1.00000000000E+00   5.00604700000E-01
   5.00007400000E-01   4.99380400000E-01   0.00000000000E+00   5.00306100000E-01
   1.00000000000E+00                   2                   3  -1.00000000000E+00
   0.00000000000E+00   1.00000000000E+00   5.00638400000E-01   5.00009100000E-01
   4.99343400000E-01   0.00000000000E+00   5.00323800000E-01   1.00000000000E+00
                   2                   3  -1.00000000000E+00   0.00000000000E+00
   1.00000000000E+00   5.00671400000E-01   5.00011000000E-01   4.99306700000E-01
   0.00000000000E+00   5.00341200000E-01   1.00000000000E+00                   2
                   3  -1.00000000000E+00   0.00000000000E+00   1.00000000000E+00
   5.00704100000E-01   5.00013000000E-01   4.99269900000E-01   0.00000000000E+00
   5.00358600000E-01   1.00000000000E+00                   2                   3
  -1.00000000000E+00   0.00000000000E+00   1.00000000000E+00   5.00736500000E-01
   5.00015200000E-01   4.99233100000E-01   0.00000000000E+00   5.00375900000E-01
   1.00000000000E+00                   2                   3  -1.00000000000E+00
   0.00000000000E+00   1.00000000000E+00   5.00769000000E-01   5.00017600000E-01
   4.99195900000E-01   0.00000000000E+00   5.00393300000E-01   1.00000000000E+00
                   2                   3  -1.00000000000E+00   0.00000000000E+00
   1.00000000000E+00   5.00801500000E-01   5.00020200000E-01   4.99158200000E-01
   0.00000000000E+00   5.00410900000E-01   1.00000000000E+00                   2
                   3  -1.00000000000E+00   0.00000000000E+00   1.00000000000E+00
   5.00834200000E-01   5.00022900000E-01   4.99120000000E-01   0.00000000000E+00
   5.00428600000E-01   1.00000000000E+00                   2                   3
  -1.00000000000E+00   0.00000000000E+00   1.00000000000E+00   5.00867200000E-01
   5.00025800000E-01   4.99081200000E-01   0.00000000000E+00   5.00446500000E-01
   1.00000000000E+00                   2                   3  -1.00000000000E+00
   0.00000000000E+00   1.00000000000E+00   5.00934400000E-01   5.00032200000E-01
   4.99001200000E-01   0.00000000000E+00   5.00483300000E-01   1.00000000000E+00
                   2                   3  -1.00000000000E+00   0.00000000000E+00
   1.00000000000E+00   5.01003700000E-01   5.00039200000E-01   4.98917800000E-01
   0.00000000000E+00   5.00521500000E-01   1.00000000000E+00                   2
                   3  -1.00000000000E+00   0.00000000000E+00   1.00000000000E+00
   5.01075500000E-01   5.00046900000E-01   4.98830600000E-01   0.00000000000E+00
   5.00561200000E-01   1.00000000000E+00                   2                   3
  -1.00000000000E+00   0.00000000000E+00   1.00000000000E+00   5.01150200000E-01
   5.00055200000E-01   4.98739400000E-01   0.00000000000E+00   5.00602700000E-01
   1.00000000000E+00                   2                   3  -1.00000000000E+00
   0.00000000000E+00   1.00000000000E+00   5.01227900000E-01   5.00064100000E-01
   4.98643900000E-01   0.00000000000E+00   5.00646000000E-01   1.00000000000E+00
                   2                   3  -1.00000000000E+00   0.00000000000E+00
   1.00000000000E+00   5.01308800000E-01   5.00073500000E-01   4.98544100000E-01
   0.00000000000E+00   5.00691200000E-01   1.00000000000E+00                   2
                   3  -1.00000000000E+00   0.00000000000E+00   1.00000000000E+00
   5.01393100000E-01   5.00083500000E-01   4.98440000000E-01   0.00000000000E+00
   5.00738300000E-01   1.00000000000E+00                   2                   3
  -1.00000000000E+00   0.00000000000E+00   1.00000000000E+00   5.01480800000E-01
   5.00093900000E-01   4.98331400000E-01   0.00000000000E+00   5.00787400000E-01
   1.00000000000E+00                   2                   3  -1.00000000000E+00
   0.00000000000E+00   1.00000000000E+00   5.01571900000E-01   5.00104800000E-01
   4.98218400000E-01   0.00000000000E+00   5.00838400000E-01   1.00000000000E+00
                   2                   3  -1.00000000000E+00   0.00000000000E+00
   1.00000000000E+00   5.01666600000E-01   5.00116200000E-01   4.98101000000E-01
   0.00000000000E+00   5.00891400000E-01   1.00000000000E+00                   2
                   3  -1.00000000000E+00   0.00000000000E+00   1.00000000000E+00
   5.01866500000E-01   5.00140000000E-01   4.97853500000E-01   0.00000000000E+00
   5.01003300000E-01   1.00000000000E+00                   2                   3
  -1.00000000000E+00   0.00000000000E+00   1.00000000000E+00   5.02080400000E-01
   5.00165100000E-01   4.97589400000E-01   0.00000000000E+00   5.01122800000E-01
   1.00000000000E+00                   2                   3  -1.00000000000E+00
   0.00000000000E+00   1.00000000000E+00   5.02308000000E-01   5.00191200000E-01
   4.97309600000E-01   0.00000000000E+00   5.01249600000E-01   1.00000000000E+00
                   2                   3  -1.00000000000E+00   0.00000000000E+00
   1.00000000000E+00   5.02548900000E-01   5.00218100000E-01   4.97014800000E-01
   0.00000000000E+00   5.01383500000E-01   1.00000000000E+00                   2
                   3  -1.00000000000E+00   0.00000000000E+00   1.00000000000E+00
   5.02802900000E-01   5.00245500000E-01   4.96706100000E-01   0.00000000000E+00
   5.01524200000E-01   1.00000000000E+00                   2                   3
  -1.00000000000E+00   0.00000000000E+00   1.00000000000E+00   5.03069400000E-01
   5.00273100000E-01   4.96384400000E-01   0.00000000000E+00   5.01671300000E-01
   1.00000000000E+00                   2                   3  -1.00000000000E+00
   0.00000000000E+00   1.00000000000E+00   5.03347900000E-01   5.00300700000E-01
   4.96050700000E-01   0.00000000000E+00   5.01824300000E-01   1.00000000000E+00
                   2                   3  -1.00000000000E+00   0.00000000000E+00
   1.00000000000E+00   5.03638100000E-01   5.00328000000E-01   4.95706000000E-01
   0.00000000000E+00   5.01983100000E-01   1.00000000000E+00                   2
                   3  -1.00000000000E+00   0.00000000000E+00   1.00000000000E+00
   5.03939500000E-01   5.00354700000E-01   4.95351200000E-01   0.00000000000E+00
   5.02147100000E-01   1.00000000000E+00                   2                   3
  -1.00000000000E+00   0.00000000000E+00   1.00000000000E+00   5.04251500000E-01
   5.00380600000E-01   4.94987300000E-01   0.00000000000E+00   5.02316100000E-01
   1.00000000000E+00                   2                   3  -1.00000000000E+00
   0.00000000000E+00   1.00000000000E+00   5.04573800000E-01   5.00405500000E-01
   4.94615200000E-01   0.00000000000E+00   5.02489700000E-01   1.00000000000E+00
                   2                   3  -1.00000000000E+00   0.00000000000E+00
   1.00000000000E+00   5.04905900000E-01   5.00429100000E-01   4.94236000000E-01
   0.00000000000E+00   5.02667500000E-01   1.00000000000E+00                   2
                   3  -1.00000000000E+00   0.00000000000E+00   1.00000000000E+00
   5.05247300000E-01   5.00451100000E-01   4.93850400000E-01   0.00000000000E+00
   5.02849200000E-01   1.00000000000E+00                   2                   3
  -1.00000000000E+00   0.00000000000E+00   1.00000000000E+00   5.05597800000E-01
   5.00471400000E-01   4.93459400000E-01   0.00000000000E+00   5.03034600000E-01
   1.00000000000E+00                   2                   3  -1.00000000000E+00
   0.00000000000E+00   1.00000000000E+00   5.05956800000E-01   5.00489700000E-01
   4.93063900000E-01   0.00000000000E+00   5.03223300000E-01   1.00000000000E+00
                   2                   3  -1.00000000000E+00   0.00000000000E+00
   1.00000000000E+00   5.06323900000E-01   5.00505700000E-01   4.92664700000E-01
   0.00000000000E+00   5.03414800000E-01   1.00000000000E+00                   2
                   3  -1.00000000000E+00   0.00000000000E+00   1.00000000000E+00
   5.06698900000E-01   5.00519300000E-01   4.92262600000E-01   0.00000000000E+00
   5.03609100000E-01   1.00000000000E+00                   2                   3
  -1.00000000000E+00   0.00000000000E+00   1.00000000000E+00   5.07081300000E-01
   5.00530100000E-01   4.91858400000E-01   0.00000000000E+00   5.03805700000E-01
   1.00000000000E+00                   2                   3  -1.00000000000E+00
   0.00000000000E+00   1.00000000000E+00   5.07470800000E-01   5.00538100000E-01
   4.91453000000E-01   0.00000000000E+00   5.04004500000E-01   1.00000000000E+00
                   2                   3  -1.00000000000E+00   0.00000000000E+00
   1.00000000000E+00   5.07867000000E-01   5.00543000000E-01   4.91047100000E-01
   0.00000000000E+00   5.04205000000E-01   1.00000000000E+00                   2
                   3  -1.00000000000E+00   0.00000000000E+00   1.00000000000E+00
   5.08269600000E-01   5.00544500000E-01   4.90641400000E-01   0.00000000000E+00
   5.04407100000E-01   1.00000000000E+00                   2                   3
  -1.00000000000E+00   0.00000000000E+00   1.00000000000E+00   5.08678300000E-01
   5.00542500000E-01   4.90236700000E-01   0.00000000000E+00   5.04610400000E-01
   1.00000000000E+00                   2                   3  -1.00000000000E+00
   0.00000000000E+00   1.00000000000E+00   5.09092800000E-01   5.00536700000E-01
   4.89833800000E-01   0.00000000000E+00   5.04814800000E-01   1.00000000000E+00
                   2                   3  -1.00000000000E+00   0.00000000000E+00
   1.00000000000E+00   5.09512700000E-01   5.00527100000E-01   4.89433200000E-01
   0.00000000000E+00   5.05019900000E-01   1.00000000000E+00                   2
                   3  -1.00000000000E+00   0.00000000000E+00   1.00000000000E+00
   5.09937900000E-01   5.00513200000E-01   4.89035600000E-01   0.00000000000E+00
   5.05225600000E-01   1.00000000000E+00                   2                   3
  -1.00000000000E+00   0.00000000000E+00   1.00000000000E+00   5.11021700000E-01
   5.00459300000E-01   4.88059600000E-01   0.00000000000E+00   5.05740500000E-01
   1.00000000000E+00                   2                   3  -1.00000000000E+00
   0.00000000000E+00   1.00000000000E+00   5.12132300000E-01   5.00375600000E-01
   4.87116600000E-01   0.00000000000E+00   5.06254000000E-01   1.00000000000E+00
                   2                   3  -1.00000000000E+00   0.00000000000E+00
   1.00000000000E+00   5.13265900000E-01   5.00259100000E-01   4.86215900000E-01
   0.00000000000E+00   5.06762500000E-01   1.00000000000E+00                   2
                   3  -1.00000000000E+00   0.00000000000E+00   1.00000000000E+00
   5.14419000000E-01   5.00107500000E-01   4.85365900000E-01   0.00000000000E+00
   5.07263300000E-01   1.00000000000E+00                   2                   3
  -1.00000000000E+00   0.00000000000E+00   1.00000000000E+00   5.15588800000E-01
   4.99918400000E-01   4.84574500000E-01   0.00000000000E+00   5.07753600000E-01
   1.00000000000E+00                   2                   3  -1.00000000000E+00
   0.00000000000E+00   1.00000000000E+00   5.16772200000E-01   4.99689400000E-01
   4.83848900000E-01   0.00000000000E+00   5.08230800000E-01   1.00000000000E+00
                   2                   3  -1.00000000000E+00   0.00000000000E+00
   1.00000000000E+00   5.17967000000E-01   4.99418600000E-01   4.83195700000E-01
   0.00000000000E+00   5.08692800000E-01   1.00000000000E+00                   2
                   4  -1.00000000000E+00  -1.25000000000E-01   8.13000000000E-01
   1.00000000000E+00   5.19266200000E-01   5.01301300000E-01   4.85792100000E-01
   4.82709300000E-01   0.00000000000E+00   4.46498300000E-01   9.09445100000E-01
   1.00000000000E+00                   2                   4  -1.00000000000E+00
  -2.50000000000E-01   6.88000000000E-01   1.00000000000E+00   5.20607200000E-01
   5.03434700000E-01   4.87405900000E-01   4.82337700000E-01   0.00000000000E+00
   3.84015738000E-01   8.48719985000E-01   1.00000000000E+00                   2
                   4  -1.00000000000E+00  -3.75000000000E-01   5.63000000000E-01
   1.00000000000E+00   5.21962400000E-01   5.05878800000E-01   4.89035700000E-01
   4.82061300000E-01   0.00000000000E+00   3.21200400000E-01   7.87815300000E-01
   1.00000000000E+00                   2                   4  -1.00000000000E+00
  -4.37000000000E-01   5.00000000000E-01   1.00000000000E+00   5.23297000000E-01
   5.07252300000E-01   4.89616400000E-01   4.81853400000E-01   0.00000000000E+00
   2.90099600000E-01   7.57132600000E-01   1.00000000000E+00                   2
                   4  -1.00000000000E+00  -5.00000000000E-01   4.38000000000E-01
   1.00000000000E+00   5.24635600000E-01   5.08823300000E-01   4.90170700000E-01
   4.81740700000E-01   0.00000000000E+00   2.58364700000E-01   7.26892900000E-01
   1.00000000000E+00                   2                   4  -1.00000000000E+00
  -5.00000000000E-01   3.13000000000E-01   1.00000000000E+00   5.26045500000E-01
   5.08932000000E-01   4.91840600000E-01   4.81788300000E-01   0.00000000000E+00
   2.58744400000E-01   6.65558500000E-01   1.00000000000E+00                   2
                   4  -1.00000000000E+00  -5.62000000000E-01   1.25000000000E-01
   1.00000000000E+00   5.27424400000E-01   5.10780000000E-01   4.94682400000E-01
   4.81904900000E-01   0.00000000000E+00   2.27366800000E-01   5.72743100000E-01
   1.00000000000E+00                   2                   5  -1.00000000000E+00
  -6.25000000000E-01  -6.25000000000E-02   7.50000000000E-01   1.00000000000E+00
   5.29049900000E-01   5.13187600000E-01   4.98092500000E-01   4.84733600000E-01
   4.82345300000E-01   0.00000000000E+00   1.95419500000E-01   4.79842000000E-01
   8.79115100000E-01   1.00000000000E+00                   2                   5
  -1.00000000000E+00  -6.25000000000E-01  -1.25000000000E-01   6.25000000000E-01
   1.00000000000E+00   5.30575400000E-01   5.13470500000E-01   4.99057000000E-01
   4.86114500000E-01   4.82793500000E-01   0.00000000000E+00   1.95758600000E-01
   4.48890500000E-01   8.18329800000E-01   1.00000000000E+00                   2
                   5  -1.00000000000E+00  -6.25000000000E-01  -1.25000000000E-01
   5.63000000000E-01   1.00000000000E+00   5.32082300000E-01   5.13678000000E-01
   4.98590300000E-01   4.86633900000E-01   4.83323900000E-01   0.00000000000E+00
   1.96080100000E-01   4.49147200000E-01   7.88064300000E-01   1.00000000000E+00
                   2                   6  -1.00000000000E+00  -6.87000000000E-01
  -2.50000000000E-01   3.75000000000E-01   9.38000000000E-01   1.00000000000E+00
   5.33650000000E-01   5.16558500000E-01   5.01281500000E-01   4.88789300000E-01
   4.83996000000E-01   4.84007900000E-01   0.00000000000E+00   1.64357616000E-01
   3.86755639000E-01   6.96152770000E-01   9.69991897000E-01   1.00000000000E+00
                   2                   6  -1.00000000000E+00  -6.87000000000E-01
  -3.12000000000E-01   2.50000000000E-01   8.13000000000E-01   1.00000000000E+00
   5.35304800000E-01   5.16958700000E-01   5.02699300000E-01   4.90267600000E-01
   4.84708700000E-01   4.84867100000E-01   0.00000000000E+00   1.64679216000E-01
   3.55865136000E-01   6.34888863000E-01   9.09344691000E-01   1.00000000000E+00
                   2                   6  -1.00000000000E+00  -6.87000000000E-01
  -3.12000000000E-01   1.88000000000E-01   7.50000000000E-01   1.00000000000E+00
   5.36929400000E-01   5.17275400000E-01   5.02286300000E-01   4.90750900000E-01
   4.85134700000E-01   4.85793000000E-01   0.00000000000E+00   1.64983100000E-01
   3.56150900000E-01   6.04410200000E-01   8.78634100000E-01   1.00000000000E+00
                   2                   7  -1.00000000000E+00  -7.50000000000E-01
  -4.37000000000E-01   0.00000000000E+00   5.00000000000E-01   9.38000000000E-01
   1.00000000000E+00   5.38638400000E-01   5.21153800000E-01   5.06258500000E-01
   4.93712000000E-01   4.86490900000E-01   4.86226800000E-01   4.86885700000E-01
   0.00000000000E+00   1.32474000000E-01   2.93264000000E-01   5.11757600000E-01
   7.56808300000E-01   9.69833500000E-01   1.00000000000E+00                   2
                   7  -1.00000000000E+00  -7.50000000000E-01  -4.37000000000E-01
  -6.25000000000E-02   4.38000000000E-01   8.75000000000E-01   1.00000000000E+00
   5.40342200000E-01   5.21652800000E-01   5.05947000000E-01   4.94462500000E-01
   4.86746300000E-01   4.86474200000E-01   4.88060700000E-01   0.00000000000E+00
   1.32749400000E-01   2.93568800000E-01   4.80895500000E-01   7.26443000000E-01
   9.39091700000E-01   1.00000000000E+00                   2                   7
  -1.00000000000E+00  -7.50000000000E-01  -4.37000000000E-01  -6.25000000000E-02
   3.75000000000E-01   8.13000000000E-01   1.00000000000E+00   5.42078000000E-01
   5.22133800000E-01   5.05595100000E-01   4.93807600000E-01   4.86948900000E-01
   4.86590700000E-01   4.89346600000E-01   0.00000000000E+00   1.33026500000E-01
   2.93866100000E-01   4.81004300000E-01   6.95544800000E-01   9.08750000000E-01
   1.00000000000E+00                   2                   7  -1.00000000000E+00
  -7.50000000000E-01  -4.37000000000E-01  -6.25000000000E-02   3.75000000000E-01
   7.50000000000E-01   1.00000000000E+00   5.43832600000E-01   5.22584100000E-01
   5.05190400000E-01   4.93105700000E-01   4.86559000000E-01   4.86553300000E-01
   4.90726700000E-01   0.00000000000E+00   1.33302100000E-01   2.94148800000E-01
   4.81079700000E-01   6.95381400000E-01   8.77840000000E-01   1.00000000000E+00
                   2                   8  -1.00000000000E+00  -8.12000000000E-01
  -5.62000000000E-01  -2.50000000000E-01   1.25000000000E-01   5.63000000000E-01
   8.75000000000E-01   1.00000000000E+00   5.45701500000E-01   5.27917900000E-01
   5.11041400000E-01   4.97628200000E-01   4.88871900000E-01   4.85851500000E-01
   4.89079200000E-01   4.92281400000E-01   0.00000000000E+00   1.00920200000E-01
   2.30790100000E-01   3.88142600000E-01   5.73111400000E-01   7.86575800000E-01
   9.38665000000E-01   1.00000000000E+00                   2                   8
  -1.00000000000E+00  -8.12000000000E-01  -5.62000000000E-01  -2.50000000000E-01
   1.25000000000E-01   5.00000000000E-01   8.13000000000E-01   1.00000000000E+00
   5.47551700000E-01   5.28641500000E-01   5.10853500000E-01   4.96942600000E-01
   4.88205900000E-01   4.85679900000E-01   4.88715100000E-01   4.93884300000E-01
   0.00000000000E+00   1.01162200000E-01   2.31099100000E-01   3.88315300000E-01
   5.73030600000E-01   7.55634200000E-01   9.08127000000E-01   1.00000000000E+00
   1.67298800000E+01   1.64744500000E+01   1.62303700000E+01   1.59968300000E+01
   1.57730900000E+01   1.55584800000E+01   1.53524000000E+01   1.51542900000E+01
   1.49636600000E+01   1.47800500000E+01   1.46030400000E+01   1.44322400000E+01
   1.42672900000E+01   1.39536900000E+01   1.36598900000E+01   1.33839100000E+01
   1.31240000000E+01   1.28786700000E+01   1.26466000000E+01   1.24266500000E+01
   1.22177800000E+01   1.20191000000E+01   1.18298100000E+01   1.15619400000E+01
   1.13114700000E+01   1.10766000000E+01   1.08557800000E+01   1.06476700000E+01
   1.04510800000E+01   1.02649900000E+01   1.00885000000E+01   9.92081200000E+00
   9.76121800000E+00   9.60908600000E+00   9.46385200000E+00   9.32501000000E+00
   9.19210600000E+00   9.06472600000E+00   8.94250000000E+00   8.82508700000E+00
   8.71218200000E+00   8.60350200000E+00   8.49879000000E+00   8.39781100000E+00
   8.30034700000E+00   8.11518600000E+00   7.94188800000E+00   7.77923800000E+00
   7.62618900000E+00   7.48183200000E+00   7.36759900000E+00   7.25844300000E+00
   7.15400000000E+00   7.05393900000E+00   6.95796200000E+00   6.86580000000E+00
   6.77720500000E+00   6.69195400000E+00   6.60984100000E+00   6.53067800000E+00
   6.45429300000E+00   6.38052800000E+00   6.24027900000E+00   6.10889000000E+00
   5.98546600000E+00   5.86923200000E+00   5.75951700000E+00   5.65573300000E+00
   5.55736500000E+00   5.46395700000E+00   5.37510700000E+00   5.29045400000E+00
   5.20967900000E+00   5.13249400000E+00   5.05864200000E+00   4.98788800000E+00
   4.92002200000E+00   4.85485400000E+00   4.79220800000E+00   4.73192600000E+00
   4.67386300000E+00   4.61788700000E+00   4.56387500000E+00   4.51171600000E+00
   4.41254600000E+00   4.31963900000E+00   4.23236500000E+00   4.15017500000E+00
   4.07259500000E+00   3.99920900000E+00   3.92965200000E+00   3.86360300000E+00
   3.80077600000E+00   3.74091700000E+00   3.65620600000E+00   3.57700100000E+00
   3.50273000000E+00   3.43290100000E+00   3.36708800000E+00   3.30492100000E+00
   3.24607500000E+00   3.19026500000E+00   3.13723700000E+00   3.08676900000E+00
   3.03866000000E+00   2.99273300000E+00   2.94882800000E+00   2.90680000000E+00
   2.86651900000E+00   2.82786700000E+00   2.79073800000E+00   2.75503400000E+00
   2.72066700000E+00   2.68755400000E+00   2.65562100000E+00   2.62480100000E+00
   2.56624800000E+00   2.51144600000E+00   2.46001200000E+00   2.41161400000E+00
   2.36596400000E+00   2.32984000000E+00   2.29532200000E+00   2.26229400000E+00
   2.23065200000E+00   2.20030200000E+00   2.17115700000E+00   2.14314100000E+00
   2.11618200000E+00   2.09021600000E+00   2.06518300000E+00   2.04102800000E+00
   2.01770100000E+00   1.97335000000E+00   1.93180100000E+00   1.89277100000E+00
   1.85601500000E+00   1.82132000000E+00   1.78850100000E+00   1.75739400000E+00
   1.72785600000E+00   1.69975900000E+00   1.67298900000E+00   1.64744600000E+00
   1.62303800000E+00   1.59968400000E+00   1.57730900000E+00   1.55584800000E+00
   1.53524000000E+00   1.51543000000E+00   1.49636700000E+00   1.47800600000E+00
   1.46030500000E+00   1.44322400000E+00   1.42673000000E+00   1.39536900000E+00
   1.36599000000E+00   1.33839100000E+00   1.31240100000E+00   1.28786800000E+00
   1.26466100000E+00   1.24266500000E+00   1.22177800000E+00   1.20191100000E+00
   1.18298200000E+00   1.15619400000E+00   1.13114700000E+00   1.10766100000E+00
   1.08557900000E+00   1.06476700000E+00   1.04510800000E+00   1.02649900000E+00
   1.00885000000E+00   9.92081700000E-01   9.76122300000E-01   9.60909000000E-01
   9.46385600000E-01   9.32501500000E-01   9.19211000000E-01   9.06473000000E-01
   8.94250400000E-01   8.82509200000E-01   8.71218600000E-01   8.60350600000E-01
   8.49879400000E-01   8.39781500000E-01   8.30035200000E-01   8.11519000000E-01
   7.94189200000E-01   7.77924300000E-01   7.62619300000E-01   7.48183600000E-01
   7.36760300000E-01   7.25844700000E-01   7.15400400000E-01   7.05394300000E-01
   6.95796600000E-01   6.86580400000E-01   6.77720900000E-01   6.69195800000E-01
   6.60984500000E-01   6.53068200000E-01   6.45429700000E-01   6.38053200000E-01
   6.24028300000E-01   6.10889400000E-01   5.98547000000E-01   5.86923600000E-01
   5.75952100000E-01   5.65573800000E-01   5.55736900000E-01   5.46396200000E-01
   5.37511100000E-01   5.29045800000E-01   5.20968300000E-01   5.13249900000E-01
   5.05864600000E-01   4.98789200000E-01   4.92002700000E-01   4.85485800000E-01
   4.79221200000E-01   4.73193000000E-01   4.67386800000E-01   4.61789100000E-01
   4.56387900000E-01   4.51171900000E-01   4.41254800000E-01   4.31964200000E-01
   4.23236800000E-01   4.15017800000E-01   4.07259800000E-01   3.99921200000E-01
   3.92965600000E-01   3.86360600000E-01   3.80077900000E-01   3.74092100000E-01
   3.68046000000E-01   3.62283900000E-01   3.56784200000E-01   3.51527700000E-01
   3.46496800000E-01   3.41675900000E-01   3.37050800000E-01   3.32608600000E-01
   3.25249500000E-01   3.18358300000E-01   3.11887400000E-01   3.05795700000E-01
   3.00047500000E-01   2.94611700000E-01   2.89461100000E-01   2.84571400000E-01
   2.80680700000E-01   2.76945300000E-01   2.73355100000E-01   2.69901100000E-01
   2.66574800000E-01   2.63368500000E-01   2.60275200000E-01   2.57288400000E-01
   2.51610800000E-01   2.46293200000E-01   2.41299100000E-01   2.36597000000E-01
   2.32984700000E-01   2.29532900000E-01   2.26230100000E-01   2.23065900000E-01
   2.20030900000E-01   2.17116400000E-01   2.14314800000E-01   2.11619000000E-01
   2.09022300000E-01   2.06519000000E-01   2.04103500000E-01   2.01770800000E-01
   1.97335800000E-01   1.93180900000E-01   1.89277900000E-01   1.85602300000E-01
   1.82132800000E-01   1.78850900000E-01   1.75740300000E-01   1.72786500000E-01
   1.69976800000E-01   1.67299900000E-01   1.64745500000E-01   1.62304800000E-01
   1.59969400000E-01   1.57732000000E-01   1.55585900000E-01   1.53525100000E-01
   1.51544100000E-01   1.49637800000E-01   1.47801700000E-01   1.46031600000E-01
   1.44323600000E-01   1.42674200000E-01   1.39538200000E-01   1.36600300000E-01
   1.33840500000E-01   1.31241400000E-01   1.28788200000E-01   1.26467600000E-01
   1.24268000000E-01   1.22179400000E-01   1.20192700000E-01   1.18299900000E-01
   1.15621100000E-01   1.13116500000E-01   1.10768000000E-01   1.08559900000E-01
   1.06478800000E-01   1.04513000000E-01   1.02652200000E-01   1.00887400000E-01
   9.92106000000E-02   9.76147400000E-02   9.60935000000E-02   9.46412500000E-02
   9.32529300000E-02   9.19239700000E-02   9.06502600000E-02   8.94280800000E-02
   8.82540400000E-02   8.71250700000E-02   8.60383500000E-02   8.49913100000E-02
   8.39816000000E-02   8.30070500000E-02   8.11555800000E-02   7.94227500000E-02
   7.77963900000E-02   7.48225700000E-02   7.25888700000E-02   7.05439800000E-02
   6.86627300000E-02   6.69243900000E-02   6.38102900000E-02   6.10939900000E-02
   5.86974100000E-02   5.65623600000E-02   5.46444800000E-02   5.29092800000E-02
   5.13294900000E-02   4.98832200000E-02   4.85526600000E-02   4.73231800000E-02
   4.51207100000E-02   4.31996600000E-02   4.15047900000E-02   3.99949400000E-02
   3.86387000000E-02   3.74116900000E-02   3.57723500000E-02   3.43312900000E-02
   3.30515400000E-02   3.19050400000E-02   3.08701100000E-02   2.99297000000E-02
   2.90702000000E-02   2.82806500000E-02   2.68770000000E-02   2.56636200000E-02
   2.46012000000E-02   2.36608000000E-02   2.29544100000E-02   2.23076500000E-02
   2.17125400000E-02   2.11625600000E-02   2.01772900000E-02   1.93181300000E-02
   1.85605400000E-02   1.78859200000E-02   1.72798500000E-02   1.67312000000E-02
   1.62314100000E-02   1.57737300000E-02   1.53526600000E-02   1.49635900000E-02
   1.42667000000E-02   1.36590100000E-02   1.31232700000E-02   1.26464500000E-02
   1.22178900000E-02   1.18295100000E-02   1.13102900000E-02   1.08541800000E-02
   1.04494600000E-02   1.00874000000E-02   9.76050500000E-03   9.46301000000E-03
   9.19096900000E-03   8.94109500000E-03   8.49697600000E-03   8.11308200000E-03
   7.77697600000E-03   7.47987000000E-03   7.25665600000E-03   7.05193400000E-03
   6.86353000000E-03   6.68945700000E-03   6.37766900000E-03   6.10576000000E-03
   5.86591500000E-03   5.65286800000E-03   5.46144900000E-03   5.28766600000E-03
   5.12936900000E-03   4.98445000000E-03   4.85114900000E-03   4.72799300000E-03
   4.50741200000E-03   4.31505400000E-03   4.14537200000E-03   3.99465200000E-03
   3.85925000000E-03   3.73613100000E-03   3.57147400000E-03   3.42689900000E-03
   3.29853000000E-03   3.18383200000E-03   3.08030300000E-03   2.98597200000E-03
   2.89978900000E-03   2.82064500000E-03   2.67999400000E-03   2.55843700000E-03
   2.45201200000E-03   2.35790800000E-03   2.28694500000E-03   2.22184200000E-03
   2.16197000000E-03   2.10666400000E-03   2.00763200000E-03   1.92129800000E-03
   1.84516500000E-03   1.77747300000E-03   1.71669100000E-03   1.66158300000E-03
   1.61101900000E-03   1.56472500000E-03   1.52216100000E-03   1.48285300000E-03
   1.41249200000E-03   1.35117900000E-03   1.29713300000E-03   1.24907400000E-03
   1.20593600000E-03   1.16686100000E-03   1.13088600000E-03   1.09796200000E-03
   1.06770300000E-03   1.03976800000E-03   9.89788500000E-04   9.46248100000E-04
   9.07435400000E-04   8.72934300000E-04   8.41996000000E-04   8.14012200000E-04
   7.88284900000E-04   7.64763800000E-04   7.43161400000E-04   7.23223800000E-04
   7.04554000000E-04   6.87193900000E-04   6.71005700000E-04   6.55857300000E-04
   6.41499300000E-04   6.27994000000E-04   6.15267000000E-04   6.03254900000E-04
   5.80866800000E-04   5.60653500000E-04   5.42119700000E-04   5.25198400000E-04
   5.09524700000E-04   4.95114900000E-04   4.82860700000E-04   4.70666100000E-04
   4.58471400000E-04   4.46354800000E-04   4.36733500000E-04   4.27189500000E-04
   4.17645500000E-04   4.08158700000E-04   3.92620800000E-04   3.77183500000E-04
   3.64247600000E-04   3.51390100000E-04   3.40398000000E-04   3.29468600000E-04
   3.19975400000E-04   3.10533700000E-04   3.02226100000E-04   2.93961700000E-04
   2.86612000000E-04   2.79298900000E-04   2.72736800000E-04   2.66206000000E-04
   2.54431100000E-04   2.41933700000E-04   2.29481200000E-04   2.19387100000E-04
   2.09335600000E-04   2.00982100000E-04   1.92661800000E-04   1.85613500000E-04
   1.78591900000E-04   1.72552600000E-04   1.66535200000E-04   1.61295200000E-04
   1.56073600000E-04   1.51479900000E-04   1.46901700000E-04   1.42839100000E-04
   1.38790000000E-04   1.31562000000E-04   1.25079700000E-04   1.19233000000E-04
   1.13933500000E-04   1.09108400000E-04   1.04699200000E-04   1.00809900000E-04
   9.69302000000E-05   9.36156100000E-05   9.03103800000E-05   8.74571700000E-05
   8.46118300000E-05   8.21339300000E-05   7.96627100000E-05   7.53315500000E-05
   7.15160400000E-05   6.81351900000E-05   6.51240900000E-05   6.24300200000E-05
   6.00103600000E-05   5.79302100000E-05   5.58544000000E-05   5.41416500000E-05
   5.24330800000E-05   5.10086100000E-05   4.95875800000E-05   4.83926100000E-05
   4.72005100000E-05   4.51836000000E-05   4.34692800000E-05   4.20049800000E-05
   4.07492200000E-05   3.96688400000E-05   3.87370600000E-05   3.79320500000E-05
   3.72357700000E-05   3.66333000000E-05   3.61121200000E-05   3.56618700000E-05
   3.52254200000E-05   3.47900000000E-05   3.44944000000E-05   3.41997900000E-05
   3.40078900000E-05   3.38167400000E-05   3.37019400000E-05   3.35877300000E-05
   3.34741200000E-05   3.34473000000E-05   3.34856700000E-05   3.35727900000E-05
   3.36959500000E-05   3.38452600000E-05   3.41928700000E-05   3.45711800000E-05
   3.49523900000E-05   3.53192000000E-05   3.56611500000E-05   3.59722400000E-05
   3.62495400000E-05   3.64921000000E-05   3.67002800000E-05   3.68753200000E-05
   3.71335900000E-05   3.72841000000E-05   3.73449900000E-05   3.73333400000E-05
   3.72641700000E-05   3.71503200000E-05   3.70024400000E-05   3.68292700000E-05
   3.66378300000E-05   3.64337900000E-05   3.62216100000E-05   3.60048200000E-05
   3.57861300000E-05   3.55676900000E-05   3.53510900000E-05   3.51375600000E-05
   3.49279700000E-05   3.47229700000E-05   3.45230000000E-05   3.43283400000E-05
   3.41391300000E-05   3.39554500000E-05   3.37772500000E-05   3.36045000000E-05
   3.34370700000E-05   3.30407000000E-05   3.26737500000E-05   3.23330700000E-05
   3.20154500000E-05   3.17178700000E-05   3.14375400000E-05   3.11719200000E-05
   3.09187700000E-05   3.06760900000E-05   3.04421400000E-05   3.02154000000E-05
   2.99945500000E-05   2.97784500000E-05   2.95661100000E-05   2.93567000000E-05
   2.91495100000E-05   2.89439300000E-05   2.87394600000E-05   2.85356900000E-05
   2.83322700000E-05   2.81289400000E-05   2.79254800000E-05   2.77217400000E-05
   2.75176100000E-05   2.73130100000E-05   2.71079200000E-05              102001
                   1                  16                 102                   0
                   2   1.00000000000E-11   2.00000000000E+01   1.00000000000E+00
   1.00000000000E+00                   0                   1                   0
                   4                  10                   0                   2
   1.00000000000E-11   2.00000000000E+01   1.00000000000E+00   1.00000000000E+00
                   0                 153   1.00000000000E-11   2.00000000000E-11
   5.00000000000E-11   1.00000000000E-10   2.00000000000E-10   5.00000000000E-10
   1.00000000000E-09   2.00000000000E-09   5.00000000000E-09   1.00000000000E-08
   2.53000000000E-08   1.00000000000E-07   2.00000000000E-07   5.00000000000E-07
   1.00000000000E-06   2.00000000000E-06   5.00000000000E-06   1.00000000000E-05
   2.00000000000E-05   5.00000000000E-05   1.00000000000E-04   2.00000000000E-04
   5.00000000000E-04   1.00000000000E-03   2.00000000000E-03   3.00000000000E-03
   4.00000000000E-03   5.00000000000E-03   6.00000000000E-03   7.00000000000E-03
   8.00000000000E-03   9.00000000000E-03   1.00000000000E-02   1.20000000000E-02
   1.40000000000E-02   1.60000000000E-02   1.80000000000E-02   2.00000000000E-02
   2.20000000000E-02   2.40000000000E-02   2.60000000000E-02   2.80000000000E-02
   3.00000000000E-02   3.50000000000E-02   4.00000000000E-02   4.50000000000E-02
   5.00000000000E-02   5.50000000000E-02   6.00000000000E-02   6.50000000000E-02
   7.00000000000E-02   7.50000000000E-02   8.00000000000E-02   8.50000000000E-02
   9.00000000000E-02   9.50000000000E-02   1.00000000000E-01   1.10000000000E-01
   1.20000000000E-01   1.30000000000E-01   1.40000000000E-01   1.50000000000E-01
   1.60000000000E-01   1.70000000000E-01   1.80000000000E-01   1.90000000000E-01
   2.00000000000E-01   2.20000000000E-01   2.40000000000E-01   2.60000000000E-01
   2.80000000000E-01   3.00000000000E-01   3.20000000000E-01   3.40000000000E-01
   3.60000000000E-01   3.80000000000E-01   4.00000000000E-01   4.20000000000E-01
   4.40000000000E-01   4.60000000000E-01   4.80000000000E-01   5.00000000000E-01
   5.50000000000E-01   6.00000000000E-01   6.50000000000E-01   7.00000000000E-01
   7.50000000000E-01   8.00000000000E-01   8.50000000000E-01   9.00000000000E-01
   9.50000000000E-01   1.00000000000E+00   1.10000000000E+00   1.20000000000E+00
   1.30000000000E+00   1.40000000000E+00   1.50000000000E+00   1.60000000000E+00
   1.70000000000E+00   1.80000000000E+00   1.90000000000E+00   2.00000000000E+00
   2.20000000000E+00   2.40000000000E+00   2.60000000000E+00   2.80000000000E+00
   3.00000000000E+00   3.20000000000E+00   3.40000000000E+00   3.60000000000E+00
   3.80000000000E+00   4.00000000000E+00   4.20000000000E+00   4.40000000000E+00
   4.60000000000E+00   4.80000000000E+00   5.00000000000E+00   5.20000000000E+00
   5.40000000000E+00   5.60000000000E+00   5.80000000000E+00   6.00000000000E+00
   6.20000000000E+00   6.40000000000E+00   6.60000000000E+00   6.80000000000E+00
   7.00000000000E+00   7.50000000000E+00   8.00000000000E+00   8.50000000000E+00
   9.00000000000E+00   9.50000000000E+00   1.00000000000E+01   1.05000000000E+01
   1.10000000000E+01   1.15000000000E+01   1.20000000000E+01   1.25000000000E+01
   1.30000000000E+01   1.35000000000E+01   1.40000000000E+01   1.45000000000E+01
   1.50000000000E+01   1.55000000000E+01   1.60000000000E+01   1.65000000000E+01
   1.70000000000E+01   1.75000000000E+01   1.80000000000E+01   1.85000000000E+01
   1.90000000000E+01   1.95000000000E+01   2.00000000000E+01                 318
                 323                 328                 333                 338
                 343                 348                 353                 358
                 363                 368                 373                 378
                 383                 388                 393                 398
                 403                 408                 413                 418
                 423                 428                 433                 438
                 443                 448                 453                 458
                 463                 468                 473                 478
                 483                 488                 493                 498
                 503                 508                 513                 518
                 523                 528                 533                 538
                 543                 548                 553                 558
                 563                 568                 573                 578
                 583                 588                 593                 598
                 603                 608                 613                 618
                 623                 628                 633                 638
                 643                 648                 653                 658
                 663                 668                 673                 678
                 683                 688                 693                 698
                 703                 708                 713                 718
                 723                 728                 733                 738
                 743                 748                 753                 758
                 763                 768                 773                 778
                 783                 788                 793                 798
                 803                 808                 813                 818
                 823                 828                 833                 838
                 843                 848                 853                 858
                 863                 868                 873                 878
                 883                 888                 893                 898
                 903                 908                 913                 918
                 923                 928                 933                 938
                 943                 948                 953                 958
                 963                 968                 973                 978
                 983                 988                 993                 998
                1003                1008                1013                1018
                1023                1028                1033                1038
                1043                1048                1053                1058
                1063                1068                1073                1078
                  10                   1   2.22330000000E+00   1.00000000000E+00
   1.00000000000E+00                  10                   1   2.22330000000E+00
   1.00000000000E+00   1.00000000000E+00                  10                   1
   2.22330000000E+00   1.00000000000E+00   1.00000000000E+00                  10
                   1   2.22330000000E+00   1.00000000000E+00   1.00000000000E+00
                  10                   1   2.22330000000E+00   1.00000000000E+00
   1.00000000000E+00                  10                   1   2.22330000000E+00
   1.00000000000E+00   1.00000000000E+00                  10                   1
   2.22330000000E+00   1.00000000000E+00   1.00000000000E+00                  10
                   1   2.22330000000E+00   1.00000000000E+00   1.00000000000E+00
                  10                   1   2.22330000000E+00   1.00000000000E+00
   1.00000000000E+00                  10                   1   2.22330000000E+00
   1.00000000000E+00   1.00000000000E+00                  10                   1
   2.22330000000E+00   1.00000000000E+00   1.00000000000E+00                  10
                   1   2.22330000000E+00   1.00000000000E+00   1.00000000000E+00
                  10                   1   2.22330000000E+00   1.00000000000E+00
   1.00000000000E+00                  10                   1   2.22330000000E+00
   1.00000000000E+00   1.00000000000E+00                  10                   1
   2.22330000000E+00   1.00000000000E+00   1.00000000000E+00                  10
                   1   2.22330100000E+00   1.00000000000E+00   1.00000000000E+00
                  10                   1   2.22330200000E+00   1.00000000000E+00
   1.00000000000E+00                  10                   1   2.22330500000E+00
   1.00000000000E+00   1.00000000000E+00                  10                   1
   2.22331000000E+00   1.00000000000E+00   1.00000000000E+00                  10
                   1   2.22332500000E+00   1.00000000000E+00   1.00000000000E+00
                  10                   1   2.22335000000E+00   1.00000000000E+00
   1.00000000000E+00                  10                   1   2.22340000000E+00
   1.00000000000E+00   1.00000000000E+00                  10                   1
   2.22355000000E+00   1.00000000000E+00   1.00000000000E+00                  10
                   1   2.22380000000E+00   1.00000000000E+00   1.00000000000E+00
                  10                   1   2.22430000000E+00   1.00000000000E+00
   1.00000000000E+00                  10                   1   2.22479900000E+00
   1.00000000000E+00   1.00000000000E+00                  10                   1
   2.22529900000E+00   1.00000000000E+00   1.00000000000E+00                  10
                   1   2.22579900000E+00   1.00000000000E+00   1.00000000000E+00
                  10                   1   2.22629900000E+00   1.00000000000E+00
   1.00000000000E+00                  10                   1   2.22679900000E+00
   1.00000000000E+00   1.00000000000E+00                  10                   1
   2.22729800000E+00   1.00000000000E+00   1.00000000000E+00                  10
                   1   2.22779800000E+00   1.00000000000E+00   1.00000000000E+00
                  10                   1   2.22829800000E+00   1.00000000000E+00
   1.00000000000E+00                  10                   1   2.22929800000E+00
   1.00000000000E+00   1.00000000000E+00                  10                   1
   2.23029700000E+00   1.00000000000E+00   1.00000000000E+00                  10
                   1   2.23129700000E+00   1.00000000000E+00   1.00000000000E+00
                  10                   1   2.23229600000E+00   1.00000000000E+00
   1.00000000000E+00                  10                   1   2.23329600000E+00
   1.00000000000E+00   1.00000000000E+00                  10                   1
   2.23429500000E+00   1.00000000000E+00   1.00000000000E+00                  10
                   1   2.23529500000E+00   1.00000000000E+00   1.00000000000E+00
                  10                   1   2.23629500000E+00   1.00000000000E+00
   1.00000000000E+00                  10                   1   2.23729400000E+00
   1.00000000000E+00   1.00000000000E+00                  10                   1
   2.23829400000E+00   1.00000000000E+00   1.00000000000E+00                  10
                   1   2.24079300000E+00   1.00000000000E+00   1.00000000000E+00
                  10                   1   2.24329200000E+00   1.00000000000E+00
   1.00000000000E+00                  10                   1   2.24579100000E+00
   1.00000000000E+00   1.00000000000E+00                  10                   1
   2.24829000000E+00   1.00000000000E+00   1.00000000000E+00                  10
                   1   2.25078900000E+00   1.00000000000E+00   1.00000000000E+00
                  10                   1   2.25328800000E+00   1.00000000000E+00
   1.00000000000E+00                  10                   1   2.25578600000E+00
   1.00000000000E+00   1.00000000000E+00                  10                   1
   2.25828500000E+00   1.00000000000E+00   1.00000000000E+00                  10
                   1   2.26078400000E+00   1.00000000000E+00   1.00000000000E+00
                  10                   1   2.26328300000E+00   1.00000000000E+00
   1.00000000000E+00                  10                   1   2.26578200000E+00
   1.00000000000E+00   1.00000000000E+00                  10                   1
   2.26828100000E+00   1.00000000000E+00   1.00000000000E+00                  10
                   1   2.27078000000E+00   1.00000000000E+00   1.00000000000E+00
                  10                   1   2.27327900000E+00   1.00000000000E+00
   1.00000000000E+00                  10                   1   2.27827700000E+00
   1.00000000000E+00   1.00000000000E+00                  10                   1
   2.28327500000E+00   1.00000000000E+00   1.00000000000E+00                  10
                   1   2.28827300000E+00   1.00000000000E+00   1.00000000000E+00
                  10                   1   2.29327100000E+00   1.00000000000E+00
   1.00000000000E+00                  10                   1   2.29826900000E+00
   1.00000000000E+00   1.00000000000E+00                  10                   1
   2.30326700000E+00   1.00000000000E+00   1.00000000000E+00                  10
                   1   2.30826500000E+00   1.00000000000E+00   1.00000000000E+00
                  10                   1   2.31326300000E+00   1.00000000000E+00
   1.00000000000E+00                  10                   1   2.31826000000E+00
   1.00000000000E+00   1.00000000000E+00                  10                   1
   2.32325800000E+00   1.00000000000E+00   1.00000000000E+00                  10
                   1   2.33325400000E+00   1.00000000000E+00   1.00000000000E+00
                  10                   1   2.34325000000E+00   1.00000000000E+00
   1.00000000000E+00                  10                   1   2.35324600000E+00
   1.00000000000E+00   1.00000000000E+00                  10                   1
   2.36324200000E+00   1.00000000000E+00   1.00000000000E+00                  10
                   1   2.37323800000E+00   1.00000000000E+00   1.00000000000E+00
                  10                   1   2.38323300000E+00   1.00000000000E+00
   1.00000000000E+00                  10                   1   2.39322900000E+00
   1.00000000000E+00   1.00000000000E+00                  10                   1
   2.40322500000E+00   1.00000000000E+00   1.00000000000E+00                  10
                   1   2.41322100000E+00   1.00000000000E+00   1.00000000000E+00
                  10                   1   2.42321700000E+00   1.00000000000E+00
   1.00000000000E+00                  10                   1   2.43321300000E+00
   1.00000000000E+00   1.00000000000E+00                  10                   1
   2.44320800000E+00   1.00000000000E+00   1.00000000000E+00                  10
                   1   2.45320400000E+00   1.00000000000E+00   1.00000000000E+00
                  10                   1   2.46320000000E+00   1.00000000000E+00
   1.00000000000E+00                  10                   1   2.47319600000E+00
   1.00000000000E+00   1.00000000000E+00                  10                   1
   2.49818500000E+00   1.00000000000E+00   1.00000000000E+00                  10
                   1   2.52317500000E+00   1.00000000000E+00   1.00000000000E+00
                  10                   1   2.54816500000E+00   1.00000000000E+00
   1.00000000000E+00                  10                   1   2.57315400000E+00
   1.00000000000E+00   1.00000000000E+00                  10                   1
   2.59814400000E+00   1.00000000000E+00   1.00000000000E+00                  10
                   1   2.62313300000E+00   1.00000000000E+00   1.00000000000E+00
                  10                   1   2.64812300000E+00   1.00000000000E+00
   1.00000000000E+00                  10                   1   2.67311300000E+00
   1.00000000000E+00   1.00000000000E+00                  10                   1
   2.69810200000E+00   1.00000000000E+00   1.00000000000E+00                  10
                   1   2.72309200000E+00   1.00000000000E+00   1.00000000000E+00
                  10                   1   2.77307100000E+00   1.00000000000E+00
   1.00000000000E+00                  10                   1   2.82305000000E+00
   1.00000000000E+00   1.00000000000E+00                  10                   1
   2.87302900000E+00   1.00000000000E+00   1.00000000000E+00                  10
                   1   2.92300800000E+00   1.00000000000E+00   1.00000000000E+00
                  10                   1   2.97298800000E+00   1.00000000000E+00
   1.00000000000E+00                  10                   1   3.02296700000E+00
   1.00000000000E+00   1.00000000000E+00                  10                   1
   3.07294600000E+00   1.00000000000E+00   1.00000000000E+00                  10
                   1   3.12292500000E+00   1.00000000000E+00   1.00000000000E+00
                  10                   1   3.17290400000E+00   1.00000000000E+00
   1.00000000000E+00                  10                   1   3.22288300000E+00
   1.00000000000E+00   1.00000000000E+00                  10                   1
   3.32284200000E+00   1.00000000000E+00   1.00000000000E+00                  10
                   1   3.42280000000E+00   1.00000000000E+00   1.00000000000E+00
                  10                   1   3.52275900000E+00   1.00000000000E+00
   1.00000000000E+00                  10                   1   3.62271700000E+00
   1.00000000000E+00   1.00000000000E+00                  10                   1
   3.72267500000E+00   1.00000000000E+00   1.00000000000E+00                  10
                   1   3.82263400000E+00   1.00000000000E+00   1.00000000000E+00
                  10                   1   3.92259200000E+00   1.00000000000E+00
   1.00000000000E+00                  10                   1   4.02255000000E+00
   1.00000000000E+00   1.00000000000E+00                  10                   1
   4.12250900000E+00   1.00000000000E+00   1.00000000000E+00                  10
                   1   4.22246700000E+00   1.00000000000E+00   1.00000000000E+00
                  10                   1   4.32242500000E+00   1.00000000000E+00
   1.00000000000E+00                  10                   1   4.42238400000E+00
   1.00000000000E+00   1.00000000000E+00                  10                   1
   4.52234200000E+00   1.00000000000E+00   1.00000000000E+00                  10
                   1   4.62230000000E+00   1.00000000000E+00   1.00000000000E+00
                  10                   1   4.72225900000E+00   1.00000000000E+00
   1.00000000000E+00                  10                   1   4.82221700000E+00
   1.00000000000E+00   1.00000000000E+00                  10                   1
   4.92217500000E+00   1.00000000000E+00   1.00000000000E+00                  10
                   1   5.02213400000E+00   1.00000000000E+00   1.00000000000E+00
                  10                   1   5.12209200000E+00   1.00000000000E+00
   1.00000000000E+00                  10                   1   5.22205000000E+00
   1.00000000000E+00   1.00000000000E+00                  10                   1
   5.32200900000E+00   1.00000000000E+00   1.00000000000E+00                  10
                   1   5.42196700000E+00   1.00000000000E+00   1.00000000000E+00
                  10                   1   5.52192500000E+00   1.00000000000E+00
   1.00000000000E+00                  10                   1   5.62188400000E+00
   1.00000000000E+00   1.00000000000E+00                  10                   1
   5.72184200000E+00   1.00000000000E+00   1.00000000000E+00                  10
                   1   5.97173800000E+00   1.00000000000E+00   1.00000000000E+00
                  10                   1   6.22163400000E+00   1.00000000000E+00
   1.00000000000E+00                  10                   1   6.47153000000E+00
   1.00000000000E+00   1.00000000000E+00                  10                   1
   6.72142600000E+00   1.00000000000E+00   1.00000000000E+00                  10
                   1   6.97132200000E+00   1.00000000000E+00   1.00000000000E+00
                  10                   1   7.22121700000E+00   1.00000000000E+00
   1.00000000000E+00                  10                   1   7.47111300000E+00
   1.00000000000E+00   1.00000000000E+00                  10                   1
   7.72100900000E+00   1.00000000000E+00   1.00000000000E+00                  10
                   1   7.97090500000E+00   1.00000000000E+00   1.00000000000E+00
                  10                   1   8.22080100000E+00   1.00000000000E+00
   1.00000000000E+00                  10                   1   8.47069700000E+00
   1.00000000000E+00   1.00000000000E+00                  10                   1
   8.72059300000E+00   1.00000000000E+00   1.00000000000E+00                  10
                   1   8.97048800000E+00   1.00000000000E+00   1.00000000000E+00
                  10                   1   9.22038400000E+00   1.00000000000E+00
   1.00000000000E+00                  10                   1   9.47028000000E+00
   1.00000000000E+00   1.00000000000E+00                  10                   1
   9.72017600000E+00   1.00000000000E+00   1.00000000000E+00                  10
                   1   9.97007200000E+00   1.00000000000E+00   1.00000000000E+00
                  10                   1   1.02199700000E+01   1.00000000000E+00
   1.00000000000E+00                  10                   1   1.04698600000E+01
   1.00000000000E+00   1.00000000000E+00                  10                   1
   1.07197600000E+01   1.00000000000E+00   1.00000000000E+00                  10
                   1   1.09696600000E+01   1.00000000000E+00   1.00000000000E+00
                  10                   1   1.12195500000E+01   1.00000000000E+00
   1.00000000000E+00                  10                   1   1.14694500000E+01
   1.00000000000E+00   1.00000000000E+00                  10                   1
   1.17193400000E+01   1.00000000000E+00   1.00000000000E+00                  10
                   1   1.19692400000E+01   1.00000000000E+00   1.00000000000E+00
                  10                   1   1.22191300000E+01   1.00000000000E+00
   1.00000000000E+00                   1                 102                  31
                   1                8304                9568                9569
                9570                9571                9579                9580
                9607                9608                9619                   1
                 631   1.67298800000E+01   1.64744400000E+01   1.62303600000E+01
   1.59968200000E+01   1.57730800000E+01   1.55584700000E+01   1.53523900000E+01
   1.51542800000E+01   1.49636600000E+01   1.47800500000E+01   1.46030300000E+01
   1.44322300000E+01   1.42672900000E+01   1.39536800000E+01   1.36598900000E+01
   1.33839000000E+01   1.31239900000E+01   1.28786600000E+01   1.26466000000E+01
   1.24266400000E+01   1.22177700000E+01   1.20191000000E+01   1.18298100000E+01
   1.15619300000E+01   1.13114600000E+01   1.10766000000E+01   1.08557800000E+01
   1.06476600000E+01   1.04510700000E+01   1.02649800000E+01   1.00885000000E+01
   9.92080800000E+00   9.76121300000E+00   9.60908100000E+00   9.46384700000E+00
   9.32500600000E+00   9.19210100000E+00   9.06472200000E+00   8.94249500000E+00
   8.82508300000E+00   8.71217800000E+00   8.60349800000E+00   8.49878600000E+00
   8.39780700000E+00   8.30034300000E+00   8.11518200000E+00   7.94188400000E+00
   7.77923500000E+00   7.62618500000E+00   7.48182800000E+00   7.36759500000E+00
   7.25844000000E+00   7.15399600000E+00   7.05393500000E+00   6.95795900000E+00
   6.86579600000E+00   6.77720200000E+00   6.69195100000E+00   6.60983800000E+00
   6.53067500000E+00   6.45429000000E+00   6.38052500000E+00   6.24027600000E+00
   6.10889200000E+00   5.98546700000E+00   5.86923300000E+00   5.75951800000E+00
   5.65573400000E+00   5.55736600000E+00   5.46395800000E+00   5.37510800000E+00
   5.29045500000E+00   5.20968000000E+00   5.13249500000E+00   5.05864200000E+00
   4.98788900000E+00   4.92002300000E+00   4.85485400000E+00   4.79220800000E+00
   4.73192600000E+00   4.67386400000E+00   4.61788700000E+00   4.56387500000E+00
   4.51171500000E+00   4.41254400000E+00   4.31963800000E+00   4.23236300000E+00
   4.15017400000E+00   4.07259400000E+00   3.99920700000E+00   3.92965100000E+00
   3.86360100000E+00   3.80077400000E+00   3.74091600000E+00   3.65620500000E+00
   3.57700000000E+00   3.50272900000E+00   3.43290000000E+00   3.36708700000E+00
   3.30492000000E+00   3.24607400000E+00   3.19026400000E+00   3.13723600000E+00
   3.08676800000E+00   3.03865900000E+00   2.99273200000E+00   2.94882700000E+00
   2.90679900000E+00   2.86651800000E+00   2.82786600000E+00   2.79073700000E+00
   2.75503300000E+00   2.72066600000E+00   2.68755300000E+00   2.65562100000E+00
   2.62480000000E+00   2.56624700000E+00   2.51144500000E+00   2.46001100000E+00
   2.41161200000E+00   2.36596300000E+00   2.32983900000E+00   2.29532100000E+00
   2.26229300000E+00   2.23065100000E+00   2.20030000000E+00   2.17115600000E+00
   2.14314000000E+00   2.11618100000E+00   2.09021500000E+00   2.06518200000E+00
   2.04102700000E+00   2.01770000000E+00   1.97335000000E+00   1.93180100000E+00
   1.89277100000E+00   1.85601400000E+00   1.82131900000E+00   1.78850000000E+00
   1.75739300000E+00   1.72785500000E+00   1.69975800000E+00   1.67298900000E+00
   1.64744500000E+00   1.62303700000E+00   1.59968300000E+00   1.57730900000E+00
   1.55584800000E+00   1.53524000000E+00   1.51542900000E+00   1.49636600000E+00
   1.47800500000E+00   1.46030400000E+00   1.44322400000E+00   1.42672900000E+00
   1.39536900000E+00   1.36598900000E+00   1.33839100000E+00   1.31240000000E+00
   1.28786700000E+00   1.26466000000E+00   1.24266500000E+00   1.22177800000E+00
   1.20191000000E+00   1.18298200000E+00   1.15619400000E+00   1.13114700000E+00
   1.10766000000E+00   1.08557800000E+00   1.06476700000E+00   1.04510800000E+00
   1.02649900000E+00   1.00885000000E+00   9.92081300000E-01   9.76121800000E-01
   9.60908600000E-01   9.46385200000E-01   9.32501100000E-01   9.19210600000E-01
   9.06472700000E-01   8.94250100000E-01   8.82508800000E-01   8.71218300000E-01
   8.60350300000E-01   8.49879100000E-01   8.39781200000E-01   8.30034900000E-01
   8.11518800000E-01   7.94189000000E-01   7.77924000000E-01   7.62619100000E-01
   7.48183300000E-01   7.36760000000E-01   7.25844500000E-01   7.15400100000E-01
   7.05394000000E-01   6.95796400000E-01   6.86580100000E-01   6.77720700000E-01
   6.69195500000E-01   6.60984200000E-01   6.53068000000E-01   6.45429500000E-01
   6.38052900000E-01   6.24028100000E-01   6.10889200000E-01   5.98546700000E-01
   5.86923400000E-01   5.75951900000E-01   5.65573600000E-01   5.55736700000E-01
   5.46396000000E-01   5.37510900000E-01   5.29045700000E-01   5.20968200000E-01
   5.13249700000E-01   5.05864400000E-01   4.98789100000E-01   4.92002500000E-01
   4.85485600000E-01   4.79221000000E-01   4.73192900000E-01   4.67386600000E-01
   4.61789000000E-01   4.56387700000E-01   4.51171700000E-01   4.41254700000E-01
   4.31964100000E-01   4.23236700000E-01   4.15017700000E-01   4.07259700000E-01
   3.99921100000E-01   3.92965400000E-01   3.86360500000E-01   3.80077800000E-01
   3.74092000000E-01   3.68045900000E-01   3.62283800000E-01   3.56784100000E-01
   3.51527500000E-01   3.46496700000E-01   3.41675800000E-01   3.37050700000E-01
   3.32608400000E-01   3.25249400000E-01   3.18358200000E-01   3.11887300000E-01
   3.05795600000E-01   3.00047300000E-01   2.94611600000E-01   2.89461000000E-01
   2.84571300000E-01   2.80680600000E-01   2.76945200000E-01   2.73355000000E-01
   2.69901000000E-01   2.66574700000E-01   2.63368400000E-01   2.60275100000E-01
   2.57288300000E-01   2.51610700000E-01   2.46293100000E-01   2.41299000000E-01
   2.36596900000E-01   2.32984600000E-01   2.29532800000E-01   2.26230000000E-01
   2.23065800000E-01   2.20030800000E-01   2.17116300000E-01   2.14314800000E-01
   2.11618900000E-01   2.09022200000E-01   2.06518900000E-01   2.04103400000E-01
   2.01770800000E-01   1.97335700000E-01   1.93180900000E-01   1.89277800000E-01
   1.85602200000E-01   1.82132800000E-01   1.78850900000E-01   1.75740200000E-01
   1.72786400000E-01   1.69976700000E-01   1.67299800000E-01   1.64745500000E-01
   1.62304700000E-01   1.59969300000E-01   1.57731900000E-01   1.55585800000E-01
   1.53525000000E-01   1.51544000000E-01   1.49637700000E-01   1.47801600000E-01
   1.46031500000E-01   1.44323500000E-01   1.42674100000E-01   1.39538100000E-01
   1.36600200000E-01   1.33840300000E-01   1.31241300000E-01   1.28788100000E-01
   1.26467400000E-01   1.24267900000E-01   1.22179300000E-01   1.20192600000E-01
   1.18299700000E-01   1.15621000000E-01   1.13116400000E-01   1.10767800000E-01
   1.08559700000E-01   1.06478600000E-01   1.04512800000E-01   1.02652100000E-01
   1.00887300000E-01   9.92104700000E-02   9.76146100000E-02   9.60933800000E-02
   9.46411400000E-02   9.32528100000E-02   9.19238600000E-02   9.06501500000E-02
   8.94279700000E-02   8.82539400000E-02   8.71249800000E-02   8.60382600000E-02
   8.49912300000E-02   8.39815200000E-02   8.30069700000E-02   8.11555200000E-02
   7.94226900000E-02   7.77963400000E-02   7.48225400000E-02   7.25888400000E-02
   7.05439700000E-02   6.86627300000E-02   6.69243900000E-02   6.38103100000E-02
   6.10940300000E-02   5.86974700000E-02   5.65624300000E-02   5.46445500000E-02
   5.29093400000E-02   5.13295400000E-02   4.98832500000E-02   4.85526800000E-02
   4.73231900000E-02   4.51207000000E-02   4.31996500000E-02   4.15047900000E-02
   3.99949400000E-02   3.86387000000E-02   3.74116800000E-02   3.57723300000E-02
   3.43312600000E-02   3.30515200000E-02   3.19050500000E-02   3.08701500000E-02
   2.99297500000E-02   2.90702500000E-02   2.82806700000E-02   2.68769900000E-02
   2.56635800000E-02   2.46011800000E-02   2.36608000000E-02   2.29544400000E-02
   2.23076900000E-02   2.17125700000E-02   2.11625700000E-02   2.01772700000E-02
   1.93180900000E-02   1.85605100000E-02   1.78859300000E-02   1.72798900000E-02
   1.67312300000E-02   1.62314300000E-02   1.57737400000E-02   1.53526600000E-02
   1.49635900000E-02   1.42667000000E-02   1.36590000000E-02   1.31232400000E-02
   1.26464600000E-02   1.22179400000E-02   1.18295300000E-02   1.13102800000E-02
   1.08541700000E-02   1.04494400000E-02   1.00874000000E-02   9.76052700000E-03
   9.46301700000E-03   9.19096900000E-03   8.94109500000E-03   8.49697600000E-03
   8.11308200000E-03   7.77696800000E-03   7.47987200000E-03   7.25666700000E-03
   7.05193500000E-03   6.86353000000E-03   6.68945700000E-03   6.37766900000E-03
   6.10576000000E-03   5.86591000000E-03   5.65286700000E-03   5.46145200000E-03
   5.28766600000E-03   5.12936800000E-03   4.98445000000E-03   4.85114900000E-03
   4.72799300000E-03   4.50741200000E-03   4.31505400000E-03   4.14537200000E-03
   3.99464500000E-03   3.85924000000E-03   3.73612800000E-03   3.57147400000E-03
   3.42689800000E-03   3.29853000000E-03   3.18382600000E-03   3.08029100000E-03
   2.98596300000E-03   2.89978200000E-03   2.82063900000E-03   2.67999000000E-03
   2.55843400000E-03   2.45201000000E-03   2.35790300000E-03   2.28693600000E-03
   2.22183500000E-03   2.16196300000E-03   2.10665800000E-03   2.00762800000E-03
   1.92129500000E-03   1.84516200000E-03   1.77746700000E-03   1.71668200000E-03
   1.66157700000E-03   1.61101200000E-03   1.56471900000E-03   1.52215600000E-03
   1.48284900000E-03   1.41248800000E-03   1.35117700000E-03   1.29713000000E-03
   1.24907000000E-03   1.20593100000E-03   1.16685700000E-03   1.13088200000E-03
   1.09795900000E-03   1.06770000000E-03   1.03976500000E-03   9.89786200000E-04
   9.46246800000E-04   9.07433800000E-04   8.72931900000E-04   8.41993000000E-04
   8.14010000000E-04   7.88282500000E-04   7.64761700000E-04   7.43159600000E-04
   7.23222400000E-04   7.04552500000E-04   6.87192500000E-04   6.71004400000E-04
   6.55856400000E-04   6.41498200000E-04   6.27993000000E-04   6.15266200000E-04
   6.03253800000E-04   5.80865100000E-04   5.60652200000E-04   5.42118300000E-04
   5.25197300000E-04   5.09523600000E-04   4.95112700000E-04   4.82860800000E-04
   4.70666200000E-04   4.58471600000E-04   4.46351900000E-04   4.36733600000E-04
   4.27189700000E-04   4.17645600000E-04   4.08156600000E-04   3.92620900000E-04
   3.77181900000E-04   3.64247700000E-04   3.51388800000E-04   3.40398000000E-04
   3.29467600000E-04   3.19975500000E-04   3.10532800000E-04   3.02226200000E-04
   2.93961000000E-04   2.86612000000E-04   2.79298300000E-04   2.72736800000E-04
   2.66205500000E-04   2.54430300000E-04   2.41933700000E-04   2.29480300000E-04
   2.19387100000E-04   2.09334900000E-04   2.00982100000E-04   1.92661300000E-04
   1.85613500000E-04   1.78591400000E-04   1.72552600000E-04   1.66534800000E-04
   1.61295200000E-04   1.56073300000E-04   1.51479900000E-04   1.46901500000E-04
   1.42839100000E-04   1.38789800000E-04   1.31561800000E-04   1.25079500000E-04
   1.19232900000E-04   1.13933400000E-04   1.09108300000E-04   1.04699000000E-04
   1.00809900000E-04   9.69300100000E-05   9.36156200000E-05   9.03102100000E-05
   8.74571700000E-05   8.46117000000E-05   8.21339300000E-05   7.96625900000E-05
   7.53314500000E-05   7.15159600000E-05   6.81351200000E-05   6.51240200000E-05
   6.24299600000E-05   6.00102800000E-05   5.79302100000E-05   5.58543200000E-05
   5.41416500000E-05   5.24330100000E-05   5.10086100000E-05   4.95875200000E-05
   4.83926100000E-05   4.72004600000E-05   4.51835600000E-05   4.34692400000E-05
   4.20049400000E-05   4.07491900000E-05   3.96688100000E-05   3.87370400000E-05
   3.79320300000E-05   3.72357600000E-05   3.66332800000E-05   3.61121000000E-05
   3.56618500000E-05   3.52254200000E-05   3.47899800000E-05   3.44944000000E-05
   3.41997700000E-05   3.40078900000E-05   3.38167300000E-05   3.37019400000E-05
   3.35877200000E-05   3.34741100000E-05   3.34472900000E-05   3.34856700000E-05
   3.35727900000E-05   3.36959500000E-05   3.38452500000E-05   3.41928700000E-05
   3.45711800000E-05   3.49523900000E-05   3.53192000000E-05   3.56611500000E-05
   3.59722500000E-05   3.62495400000E-05   3.64921000000E-05   3.67002800000E-05
   3.68753300000E-05   3.71336000000E-05   3.72841000000E-05   3.73450000000E-05
   3.73333400000E-05   3.72641700000E-05   3.71503200000E-05   3.70024400000E-05
   3.68292700000E-05   3.66378300000E-05   3.64337900000E-05   3.62216100000E-05
   3.60048200000E-05   3.57861300000E-05   3.55676900000E-05   3.53510900000E-05
   3.51375600000E-05   3.49279700000E-05   3.47229700000E-05   3.45230000000E-05
   3.43283400000E-05   3.41391300000E-05   3.39554500000E-05   3.37772500000E-05
   3.36045000000E-05   3.34370700000E-05   3.30407000000E-05   3.26737500000E-05
   3.23330700000E-05   3.20154500000E-05   3.17178700000E-05   3.14375400000E-05
   3.11719200000E-05   3.09187700000E-05   3.06760900000E-05   3.04421400000E-05
   3.02154000000E-05   2.99945500000E-05   2.97784500000E-05   2.95661100000E-05
   2.93567000000E-05   2.91495100000E-05   2.89439300000E-05   2.87394600000E-05
   2.85356900000E-05   2.83322700000E-05   2.81289400000E-05   2.79254800000E-05
   2.77217400000E-05   2.75176100000E-05   2.73130100000E-05   2.71079200000E-05
   0.00000000000E+00   0.00000000000E+00   0.00000000000E+00   0.00000000000E+00
   0.00000000000E+00   0.00000000000E+00   0.00000000000E+00   0.00000000000E+00
   0.00000000000E+00   0.00000000000E+00   0.00000000000E+00   0.00000000000E+00
   0.00000000000E+00   0.00000000000E+00   0.00000000000E+00   0.00000000000E+00
   0.00000000000E+00   0.00000000000E+00   0.00000000000E+00   0.00000000000E+00
   0.00000000000E+00   0.00000000000E+00   0.00000000000E+00   0.00000000000E+00
   0.00000000000E+00   0.00000000000E+00   0.00000000000E+00   0.00000000000E+00
   0.00000000000E+00   0.00000000000E+00   0.00000000000E+00   0.00000000000E+00
   0.00000000000E+00   0.00000000000E+00   0.00000000000E+00   0.00000000000E+00
   0.00000000000E+00   0.00000000000E+00   0.00000000000E+00   0.00000000000E+00
   0.00000000000E+00   0.00000000000E+00   0.00000000000E+00   0.00000000000E+00
   0.00000000000E+00   0.00000000000E+00   0.00000000000E+00   0.00000000000E+00
   0.00000000000E+00   0.00000000000E+00   0.00000000000E+00   0.00000000000E+00
   0.00000000000E+00   0.00000000000E+00   0.00000000000E+00   0.00000000000E+00
   0.00000000000E+00   0.00000000000E+00   0.00000000000E+00   0.00000000000E+00
   0.00000000000E+00   0.00000000000E+00   0.00000000000E+00   0.00000000000E+00
   0.00000000000E+00   0.00000000000E+00   0.00000000000E+00   0.00000000000E+00
   0.00000000000E+00   0.00000000000E+00   0.00000000000E+00   0.00000000000E+00
   0.00000000000E+00   0.00000000000E+00   0.00000000000E+00   0.00000000000E+00
   0.00000000000E+00   0.00000000000E+00   0.00000000000E+00   0.00000000000E+00
   0.00000000000E+00   0.00000000000E+00   0.00000000000E+00   0.00000000000E+00
   0.00000000000E+00   0.00000000000E+00   0.00000000000E+00   0.00000000000E+00
   0.00000000000E+00   0.00000000000E+00   0.00000000000E+00   0.00000000000E+00
   0.00000000000E+00   0.00000000000E+00   0.00000000000E+00   0.00000000000E+00
   0.00000000000E+00   0.00000000000E+00   0.00000000000E+00   0.00000000000E+00
   0.00000000000E+00   0.00000000000E+00   0.00000000000E+00   0.00000000000E+00
   0.00000000000E+00   0.00000000000E+00   0.00000000000E+00   0.00000000000E+00
   0.00000000000E+00   0.00000000000E+00   0.00000000000E+00   0.00000000000E+00
   0.00000000000E+00   0.00000000000E+00   0.00000000000E+00   0.00000000000E+00
   0.00000000000E+00   0.00000000000E+00   0.00000000000E+00   0.00000000000E+00
   0.00000000000E+00   0.00000000000E+00   0.00000000000E+00   0.00000000000E+00
   0.00000000000E+00   0.00000000000E+00   0.00000000000E+00   0.00000000000E+00
   0.00000000000E+00   0.00000000000E+00   0.00000000000E+00   0.00000000000E+00
   0.00000000000E+00   0.00000000000E+00   0.00000000000E+00   0.00000000000E+00
   0.00000000000E+00   0.00000000000E+00   0.00000000000E+00   0.00000000000E+00
   0.00000000000E+00   0.00000000000E+00   0.00000000000E+00   0.00000000000E+00
   0.00000000000E+00   0.00000000000E+00   0.00000000000E+00   0.00000000000E+00
   0.00000000000E+00   0.00000000000E+00   0.00000000000E+00   0.00000000000E+00
   0.00000000000E+00   0.00000000000E+00   0.00000000000E+00   0.00000000000E+00
   0.00000000000E+00   0.00000000000E+00   0.00000000000E+00   0.00000000000E+00
   0.00000000000E+00   0.00000000000E+00   0.00000000000E+00   0.00000000000E+00
   0.00000000000E+00   0.00000000000E+00   0.00000000000E+00   0.00000000000E+00
   0.00000000000E+00   0.00000000000E+00   0.00000000000E+00   0.00000000000E+00
   0.00000000000E+00   0.00000000000E+00   0.00000000000E+00   0.00000000000E+00
   0.00000000000E+00   0.00000000000E+00   0.00000000000E+00   0.00000000000E+00
   0.00000000000E+00   0.00000000000E+00   0.00000000000E+00   0.00000000000E+00
   0.00000000000E+00   0.00000000000E+00   0.00000000000E+00   0.00000000000E+00
   0.00000000000E+00   0.00000000000E+00   0.00000000000E+00   0.00000000000E+00
   0.00000000000E+00   0.00000000000E+00   0.00000000000E+00   0.00000000000E+00
   0.00000000000E+00   0.00000000000E+00   0.00000000000E+00   0.00000000000E+00
   0.00000000000E+00   0.00000000000E+00   0.00000000000E+00   0.00000000000E+00
   0.00000000000E+00   0.00000000000E+00   0.00000000000E+00   0.00000000000E+00
   0.00000000000E+00   0.00000000000E+00   0.00000000000E+00   0.00000000000E+00
   0.00000000000E+00   0.00000000000E+00   0.00000000000E+00   0.00000000000E+00
   0.00000000000E+00   0.00000000000E+00   0.00000000000E+00   0.00000000000E+00
   0.00000000000E+00   0.00000000000E+00   0.00000000000E+00   0.00000000000E+00
   0.00000000000E+00   0.00000000000E+00   0.00000000000E+00   0.00000000000E+00
   0.00000000000E+00   0.00000000000E+00   0.00000000000E+00   0.00000000000E+00
   0.00000000000E+00   0.00000000000E+00   0.00000000000E+00   0.00000000000E+00
   0.00000000000E+00   0.00000000000E+00   0.00000000000E+00   0.00000000000E+00
   1.01922500000E-10   1.04464700000E-10   1.06990700000E-10   1.09500500000E-10
   1.13848900000E-10   1.18149900000E-10   1.22404700000E-10   1.26614300000E-10
   1.30779700000E-10   1.34901800000E-10   1.38981700000E-10   1.43020200000E-10
   1.46354700000E-10   1.49661600000E-10   1.52941400000E-10   1.56194600000E-10
   1.59421600000E-10   1.62623000000E-10   1.65799000000E-10   1.68950300000E-10
   1.75180000000E-10   1.81315400000E-10   1.87359600000E-10   1.93315500000E-10
   1.98075600000E-10   2.02780900000E-10   2.07433200000E-10   2.12033600000E-10
   2.16583600000E-10   2.21084200000E-10   2.25536900000E-10   2.29942600000E-10
   2.34302600000E-10   2.38617900000E-10   2.42889700000E-10   2.47118900000E-10
   2.55453100000E-10   2.63628500000E-10   2.71651800000E-10   2.79529700000E-10
   2.87268400000E-10   2.94873700000E-10   3.02350800000E-10   3.09705200000E-10
   3.16941500000E-10   3.24064700000E-10   3.31078500000E-10   3.37987300000E-10
   3.44795100000E-10   3.51505200000E-10   3.58121400000E-10   3.64646800000E-10
   3.71084500000E-10   3.77437500000E-10   3.83708700000E-10   3.89900700000E-10
   3.96016200000E-10   4.02057500000E-10   4.13926500000E-10   4.25525300000E-10
   4.36868900000E-10   4.47972600000E-10   4.58849600000E-10   4.69511100000E-10
   4.79969200000E-10   4.90233900000E-10   5.00314500000E-10   5.10219700000E-10
   5.24767000000E-10   5.38963800000E-10   5.52832400000E-10   5.66393100000E-10
   5.79664900000E-10   5.92664400000E-10   6.05407300000E-10   6.17906500000E-10
   6.30174900000E-10   6.42225100000E-10   6.54067800000E-10   6.65712500000E-10
   6.77168700000E-10   6.88444800000E-10   6.99548900000E-10   7.10488400000E-10
   7.21270400000E-10   7.31900900000E-10   7.42386100000E-10   7.52731300000E-10
   7.62942700000E-10   7.73024300000E-10   7.92818000000E-10   8.12146800000E-10
   8.31041600000E-10   8.67634800000E-10   8.97021500000E-10   9.25499500000E-10
   9.53146700000E-10   9.80030800000E-10   1.03173900000E-09   1.08101800000E-09
   1.12817700000E-09   1.17346600000E-09   1.21708900000E-09   1.25921600000E-09
   1.29999100000E-09   1.33953500000E-09   1.37795200000E-09   1.41533500000E-09
   1.48730400000E-09   1.55596800000E-09   1.62174300000E-09   1.68496500000E-09
   1.74590900000E-09   1.80480400000E-09   1.88972200000E-09   1.97100200000E-09
   2.04907700000E-09   2.12429700000E-09   2.19695000000E-09   2.26727600000E-09
   2.33548000000E-09   2.40174300000E-09   2.52906400000E-09   2.65029500000E-09
   2.76625300000E-09   2.87756900000E-09   2.96714800000E-09   3.05409100000E-09
   3.13861300000E-09   3.22090600000E-09   3.37948200000E-09   3.53098500000E-09
   3.67634600000E-09   3.81625300000E-09   3.95120600000E-09   4.08162700000E-09
   4.20794000000E-09   4.33053100000E-09   4.44973500000E-09   4.56583100000E-09
   4.78961100000E-09   5.00343800000E-09   5.20865100000E-09   5.40630800000E-09
   5.59691000000E-09   5.78090400000E-09   6.04622300000E-09   6.30055000000E-09
   6.54521000000E-09   6.78143400000E-09   7.00969500000E-09   7.23039700000E-09
   7.44442900000E-09   7.65247000000E-09   8.05249000000E-09   8.43360700000E-09
   8.79832200000E-09   9.14907900000E-09   9.43140000000E-09   9.70500600000E-09
   9.97102200000E-09   1.02301400000E-08   1.07296600000E-08   1.12070000000E-08
   1.16649200000E-08   1.21068800000E-08   1.25332900000E-08   1.29443100000E-08
   1.33424400000E-08   1.37290100000E-08   1.41050200000E-08   1.44713000000E-08
   1.51774700000E-08   1.58523400000E-08   1.64997700000E-08   1.71246200000E-08
   1.77276300000E-08   1.83080300000E-08   1.91446300000E-08   1.99469600000E-08
   2.07183900000E-08   2.14641000000E-08   2.21849500000E-08   2.28813200000E-08
   2.35572700000E-08   2.42145500000E-08   2.54787900000E-08   2.66838900000E-08
   2.78375700000E-08   2.89470300000E-08   2.98368300000E-08   3.06990700000E-08
   3.15379800000E-08   3.23554000000E-08   3.39320500000E-08   3.54397100000E-08
   3.68869900000E-08   3.82829300000E-08   3.96311500000E-08   4.09332100000E-08
   4.21852700000E-08   4.34009800000E-08   4.45842000000E-08   4.57375300000E-08
   4.79632000000E-08   5.00932300000E-08   5.21395600000E-08   5.41141000000E-08
   5.60227500000E-08   5.78686200000E-08   5.96378900000E-08   6.13571600000E-08
   6.30318500000E-08   6.46655500000E-08   6.78225600000E-08   7.08481700000E-08
   7.37217100000E-08   7.64962700000E-08   7.91822000000E-08   8.17850500000E-08
   8.42836400000E-08   8.67161100000E-08   8.90896000000E-08   9.14079000000E-08
   9.36476600000E-08   9.58403000000E-08   9.79906300000E-08   1.00100400000E-07
   1.02147600000E-07   1.04159400000E-07   1.06139100000E-07   1.08090100000E-07
   1.11858200000E-07   1.15521000000E-07   1.19048200000E-07   1.22492800000E-07
   1.25821700000E-07   1.29091100000E-07   1.32588600000E-07   1.35802000000E-07
   1.38714100000E-07   1.41345400000E-07   1.44488200000E-07   1.47419700000E-07
   1.50114400000E-07   1.52590600000E-07   1.58185400000E-07   1.63047600000E-07
   1.68259800000E-07   1.72861500000E-07   1.77759300000E-07   1.82137700000E-07
   1.86771700000E-07   1.90956400000E-07   1.95364900000E-07   1.99379800000E-07
   2.03593100000E-07   2.07457600000E-07   2.11500000000E-07   2.15230200000E-07
   2.22736800000E-07   2.32396400000E-07   2.40478900000E-07   2.49384600000E-07
   2.57012000000E-07   2.65331100000E-07   2.72581000000E-07   2.80425600000E-07
   2.87358300000E-07   2.94812100000E-07   3.01475800000E-07   3.08602000000E-07
   3.15036000000E-07   3.21885500000E-07   3.28121800000E-07   3.34734900000E-07
   3.40800800000E-07   3.53128600000E-07   3.65153300000E-07   3.76914600000E-07
   3.88448300000E-07   3.99783700000E-07   4.10952100000E-07   4.22483500000E-07
   4.32864600000E-07   4.44095600000E-07   4.54339100000E-07   4.65354000000E-07
   4.75511100000E-07   4.86373800000E-07   4.96486800000E-07   5.17356600000E-07
   5.38196400000E-07   5.59070400000E-07   5.80037600000E-07   6.01145800000E-07
   6.22443600000E-07   6.44706600000E-07   6.65743600000E-07   6.88444800000E-07
   7.10194700000E-07   7.33470500000E-07   7.56015900000E-07   7.79972300000E-07
   8.03382800000E-07   8.52440700000E-07   9.03311300000E-07   9.56098000000E-07
   1.01088800000E-06   1.06775400000E-06   1.12676100000E-06   1.18796100000E-06
   1.25139900000E-06   1.31711300000E-06   1.38513600000E-06   1.45549500000E-06
   1.54720000000E-06   1.64173400000E-06   1.74066600000E-06   1.84290600000E-06
   1.94916800000E-06   2.05910800000E-06   2.17273300000E-06   2.29032900000E-06
   2.53647300000E-06   2.79738500000E-06   3.07285000000E-06   3.36261600000E-06
   3.66639800000E-06   3.98387500000E-06   4.65860400000E-06   5.38402900000E-06
   6.15726400000E-06   6.97543900000E-06   7.83578800000E-06   8.73566100000E-06
   9.67259700000E-06   1.06443300000E-05   1.16487800000E-05   1.26840600000E-05
   1.48407300000E-05   1.71032600000E-05   1.94631800000E-05   2.19142600000E-05
   2.44520600000E-05   2.70736100000E-05   2.97769800000E-05   3.25611600000E-05
   3.54257100000E-05   3.83706800000E-05   4.13964900000E-05   4.45037200000E-05
   4.76932200000E-05   5.09658000000E-05   5.43224900000E-05   5.77642500000E-05
   6.12920700000E-05   6.49069200000E-05   6.86097000000E-05   7.24013800000E-05
   7.62828200000E-05   8.02549100000E-05   8.43183000000E-05   8.84737300000E-05
   9.27218200000E-05   1.03751400000E-04   1.15371500000E-04   1.27588200000E-04
   1.40404900000E-04   1.53823100000E-04   1.67843000000E-04   1.82462600000E-04
   1.97678300000E-04   2.13485300000E-04   2.29877000000E-04   2.46845900000E-04
   2.64383100000E-04   2.82478800000E-04   3.01121900000E-04   3.20301000000E-04
   3.40003500000E-04   3.60216500000E-04   3.80926300000E-04   4.02119200000E-04
   4.23780900000E-04   4.45897000000E-04   4.68453100000E-04   4.91434800000E-04
   5.14828100000E-04   5.38618800000E-04   5.62793500000E-04                 102
                   1                   1                  12                 102
                   0                   2   1.00000000000E-11   2.00000000000E+01
   1.00000000000E+00   1.00000000000E+00                   1                   2
   1.00000000000E-11   2.00000000000E+01                  -6                 -17
                   2                   3  -1.00000000000E+00   9.90000000000E-01
   1.00000000000E+00   0.00000000000E+00   0.00000000000E+00   2.00000000000E+02
   0.00000000000E+00   0.00000000000E+00   1.00000000000E+00                   2
                   3  -1.00000000000E+00   9.90000000000E-01   1.00000000000E+00
   0.00000000000E+00   0.00000000000E+00   2.00000000000E+02   0.00000000000E+00
   0.00000000000E+00   1.00000000000E+00                   1                   0
                  33                  10                   0                   2
   1.00000000000E-11   2.00000000000E+01   1.00000000000E+00   1.00000000000E+00
  -4.45115000000E+00   4.99791700000E-01                   1                 102
  1001.02c    0.999167  5.6013E-08   03/26/26
H1                                                                       mat 125
      0         0.      0         0.      0         0.      0         0.
      0         0.      0         0.      0         0.      0         0.
      0         0.      0         0.      0         0.      0         0.
      0         0.      0         0.      0         0.      0         0.
     9620     1001      631        2        0        1        1        0
        0        1        1        0        0        0        0        0
        1        0     3156     3158     3160     3162     3164     4430
     4431     6565     6565     6565     7196     7197     7198     7206
     7207     7207     7208     8290        0     8291        0        0
        0        0        0        0        0     8292     8293     8294
   1.00000000000E-11   1.03125000000E-11   1.06250000000E-11   1.09375000000E-11
   1.12500000000E-11   1.15625000000E-11   1.18750000000E-11   1.21875000000E-11
   1.25000000000E-11   1.28125000000E-11   1.31250000000E-11   1.34375000000E-11
   1.37500000000E-11   1.43750000000E-11   1.50000000000E-11   1.56250000000E-11
   1.62500000000E-11   1.68750000000E-11   1.75000000000E-11   1.81250000000E-11
   1.87500000000E-11   1.93750000000E-11   2.00000000000E-11   2.09375000000E-11
   2.18750000000E-11   2.28125000000E-11   2.37500000000E-11   2.46875000000E-11
   2.56250000000E-11   2.65625000000E-11   2.75000000000E-11   2.84375000000E-11
   2.93750000000E-11   3.03125000000E-11   3.12500000000E-11   3.21875000000E-11
   3.31250000000E-11   3.40625000000E-11   3.50000000000E-11   3.59375000000E-11
   3.68750000000E-11   3.78125000000E-11   3.87500000000E-11   3.96875000000E-11
   4.06250000000E-11   4.25000000000E-11   4.43750000000E-11   4.62500000000E-11
   4.81250000000E-11   5.00000000000E-11   5.15625000000E-11   5.31250000000E-11
   5.46875000000E-11   5.62500000000E-11   5.78125000000E-11   5.93750000000E-11
   6.09375000000E-11   6.25000000000E-11   6.40625000000E-11   6.56250000000E-11
   6.71875000000E-11   6.87500000000E-11   7.18750000000E-11   7.50000000000E-11
   7.81250000000E-11   8.12500000000E-11   8.43750000000E-11   8.75000000000E-11
   9.06250000000E-11   9.37500000000E-11   9.68750000000E-11   1.00000000000E-10
   1.03125000000E-10   1.06250000000E-10   1.09375000000E-10   1.12500000000E-10
   1.15625000000E-10   1.18750000000E-10   1.21875000000E-10   1.25000000000E-10
   1.28125000000E-10   1.31250000000E-10   1.34375000000E-10   1.37500000000E-10
   1.43750000000E-10   1.50000000000E-10   1.56250000000E-10   1.62500000000E-10
   1.68750000000E-10   1.75000000000E-10   1.81250000000E-10   1.87500000000E-10
   1.93750000000E-10   2.00000000000E-10   2.09375000000E-10   2.18750000000E-10
   2.28125000000E-10   2.37500000000E-10   2.46875000000E-10   2.56250000000E-10
   2.65625000000E-10   2.75000000000E-10   2.84375000000E-10   2.93750000000E-10
   3.03125000000E-10   3.12500000000E-10   3.21875000000E-10   3.31250000000E-10
   3.40625000000E-10   3.50000000000E-10   3.59375000000E-10   3.68750000000E-10
   3.78125000000E-10   3.87500000000E-10   3.96875000000E-10   4.06250000000E-10
   4.25000000000E-10   4.43750000000E-10   4.62500000000E-10   4.81250000000E-10
   5.00000000000E-10   5.15625000000E-10   5.31250000000E-10   5.46875000000E-10
   5.62500000000E-10   5.78125000000E-10   5.93750000000E-10   6.09375000000E-10
   6.25000000000E-10   6.40625000000E-10   6.56250000000E-10   6.71875000000E-10
   6.87500000000E-10   7.18750000000E-10   7.50000000000E-10   7.81250000000E-10
   8.12500000000E-10   8.43750000000E-10   8.75000000000E-10   9.06250000000E-10
   9.37500000000E-10   9.68750000000E-10   1.00000000000E-09   1.03125000000E-09
   1.06250000000E-09   1.09375000000E-09   1.12500000000E-09   1.15625000000E-09
   1.18750000000E-09   1.21875000000E-09   1.25000000000E-09   1.28125000000E-09
   1.31250000000E-09   1.34375000000E-09   1.37500000000E-09   1.43750000000E-09
   1.50000000000E-09   1.56250000000E-09   1.62500000000E-09   1.68750000000E-09
   1.75000000000E-09   1.81250000000E-09   1.87500000000E-09   1.93750000000E-09
   2.00000000000E-09   2.09375000000E-09   2.18750000000E-09   2.28125000000E-09
   2.37500000000E-09   2.46875000000E-09   2.56250000000E-09   2.65625000000E-09
   2.75000000000E-09   2.84375000000E-09   2.93750000000E-09   3.03125000000E-09
   3.12500000000E-09   3.21875000000E-09   3.31250000000E-09   3.40625000000E-09
   3.50000000000E-09   3.59375000000E-09   3.68750000000E-09   3.78125000000E-09
   3.87500000000E-09   3.96875000000E-09   4.06250000000E-09   4.25000000000E-09
   4.43750000000E-09   4.62500000000E-09   4.81250000000E-09   5.00000000000E-09
   5.15625000000E-09   5.31250000000E-09   5.46875000000E-09   5.62500000000E-09
   5.78125000000E-09   5.93750000000E-09   6.09375000000E-09   6.25000000000E-09
   6.40625000000E-09   6.56250000000E-09   6.71875000000E-09   6.87500000000E-09
   7.18750000000E-09   7.50000000000E-09   7.81250000000E-09   8.12500000000E-09
   8.43750000000E-09   8.75000000000E-09   9.06250000000E-09   9.37500000000E-09
   9.68750000000E-09   1.00000000000E-08   1.03125000000E-08   1.06250000000E-08
   1.09375000000E-08   1.12500000000E-08   1.15625000000E-08   1.18750000000E-08
   1.21875000000E-08   1.25000000000E-08   1.28125000000E-08   1.31250000000E-08
   1.34375000000E-08   1.37500000000E-08   1.43750000000E-08   1.50000000000E-08
   1.56250000000E-08   1.62500000000E-08   1.68750000000E-08   1.75000000000E-08
   1.81250000000E-08   1.87500000000E-08   1.93750000000E-08   2.00000000000E-08
   2.06625000000E-08   2.13250000000E-08   2.19875000000E-08   2.26500000000E-08
   2.33125000000E-08   2.39750000000E-08   2.46375000000E-08   2.53000000000E-08
   2.64578200000E-08   2.76156300000E-08   2.87734400000E-08   2.99312500000E-08
   3.10890700000E-08   3.22468800000E-08   3.34046900000E-08   3.45625000000E-08
   3.55273500000E-08   3.64921900000E-08   3.74570400000E-08   3.84218800000E-08
   3.93867300000E-08   4.03515700000E-08   4.13164100000E-08   4.22812500000E-08
   4.42109400000E-08   4.61406300000E-08   4.80703200000E-08   5.00000000000E-08
   5.15625000000E-08   5.31250000000E-08   5.46875000000E-08   5.62500000000E-08
   5.78125000000E-08   5.93750000000E-08   6.09375000000E-08   6.25000000000E-08
   6.40625000000E-08   6.56250000000E-08   6.71875000000E-08   6.87500000000E-08
   7.18750000000E-08   7.50000000000E-08   7.81250000000E-08   8.12500000000E-08
   8.43750000000E-08   8.75000000000E-08   9.06250000000E-08   9.37500000000E-08
   9.68750000000E-08   1.00000000000E-07   1.03125000000E-07   1.06250000000E-07
   1.09375000000E-07   1.12500000000E-07   1.15625000000E-07   1.18750000000E-07
   1.21875000000E-07   1.25000000000E-07   1.28125000000E-07   1.31250000000E-07
   1.34375000000E-07   1.37500000000E-07   1.43750000000E-07   1.50000000000E-07
   1.56250000000E-07   1.62500000000E-07   1.68750000000E-07   1.75000000000E-07
   1.81250000000E-07   1.87500000000E-07   1.93750000000E-07   2.00000000000E-07
   2.09375000000E-07   2.18750000000E-07   2.28125000000E-07   2.37500000000E-07
   2.46875000000E-07   2.56250000000E-07   2.65625000000E-07   2.75000000000E-07
   2.84375000000E-07   2.93750000000E-07   3.03125000000E-07   3.12500000000E-07
   3.21875000000E-07   3.31250000000E-07   3.40625000000E-07   3.50000000000E-07
   3.59375000000E-07   3.68750000000E-07   3.78125000000E-07   3.87500000000E-07
   3.96875000000E-07   4.06250000000E-07   4.25000000000E-07   4.43750000000E-07
   4.62500000000E-07   5.00000000000E-07   5.31250000000E-07   5.62500000000E-07
   5.93750000000E-07   6.25000000000E-07   6.87500000000E-07   7.50000000000E-07
   8.12500000000E-07   8.75000000000E-07   9.37500000000E-07   1.00000000000E-06
   1.06250000000E-06   1.12500000000E-06   1.18750000000E-06   1.25000000000E-06
   1.37500000000E-06   1.50000000000E-06   1.62500000000E-06   1.75000000000E-06
   1.87500000000E-06   2.00000000000E-06   2.18750000000E-06   2.37500000000E-06
   2.56250000000E-06   2.75000000000E-06   2.93750000000E-06   3.12500000000E-06
   3.31250000000E-06   3.50000000000E-06   3.87500000000E-06   4.25000000000E-06
   4.62500000000E-06   5.00000000000E-06   5.31250000000E-06   5.62500000000E-06
   5.93750000000E-06   6.25000000000E-06   6.87500000000E-06   7.50000000000E-06
   8.12500000000E-06   8.75000000000E-06   9.37500000000E-06   1.00000000000E-05
   1.06250000000E-05   1.12500000000E-05   1.18750000000E-05   1.25000000000E-05
   1.37500000000E-05   1.50000000000E-05   1.62500000000E-05   1.75000000000E-05
   1.87500000000E-05   2.00000000000E-05   2.18750000000E-05   2.37500000000E-05
   2.56250000000E-05   2.75000000000E-05   2.93750000000E-05   3.12500000000E-05
   3.31250000000E-05   3.50000000000E-05   3.87500000000E-05   4.25000000000E-05
   4.62500000000E-05   5.00000000000E-05   5.31250000000E-05   5.62500000000E-05
   5.93750000000E-05   6.25000000000E-05   6.87500000000E-05   7.50000000000E-05
   8.12500000000E-05   8.75000000000E-05   9.37500000000E-05   1.00000000000E-04
   1.06250000000E-04   1.12500000000E-04   1.18750000000E-04   1.25000000000E-04
   1.37500000000E-04   1.50000000000E-04   1.62500000000E-04   1.75000000000E-04
   1.87500000000E-04   2.00000000000E-04   2.18750000000E-04   2.37500000000E-04
   2.56250000000E-04   2.75000000000E-04   2.93750000000E-04   3.12500000000E-04
   3.31250000000E-04   3.50000000000E-04   3.87500000000E-04   4.25000000000E-04
   4.62500000000E-04   5.00000000000E-04   5.31250000000E-04   5.62500000000E-04
   5.93750000000E-04   6.25000000000E-04   6.87500000000E-04   7.50000000000E-04
   8.12500000000E-04   8.75000000000E-04   9.37500000000E-04   1.00000000000E-03
   1.06250000000E-03   1.12500000000E-03   1.18750000000E-03   1.25000000000E-03
   1.37500000000E-03   1.50000000000E-03   1.62500000000E-03   1.75000000000E-03
   1.87500000000E-03   2.00000000000E-03   2.12500000000E-03   2.25000000000E-03
   2.37500000000E-03   2.50000000000E-03   2.75000000000E-03   3.00000000000E-03
   3.25000000000E-03   3.50000000000E-03   3.75000000000E-03   4.00000000000E-03
   4.25000000000E-03   4.50000000000E-03   4.75000000000E-03   5.00000000000E-03
   5.25000000000E-03   5.50000000000E-03   5.75000000000E-03   6.00000000000E-03
   6.25000000000E-03   6.50000000000E-03   6.75000000000E-03   7.00000000000E-03
   7.50000000000E-03   8.00000000000E-03   8.50000000000E-03   9.00000000000E-03
   9.50000000000E-03   1.00000000000E-02   1.05000000000E-02   1.10000000000E-02
   1.15000000000E-02   1.20000000000E-02   1.25000000000E-02   1.30000000000E-02
   1.35000000000E-02   1.40000000000E-02   1.50000000000E-02   1.60000000000E-02
   1.70000000000E-02   1.80000000000E-02   1.90000000000E-02   2.00000000000E-02
   2.10000000000E-02   2.20000000000E-02   2.30000000000E-02   2.40000000000E-02
   2.50000000000E-02   2.60000000000E-02   2.70000000000E-02   2.80000000000E-02
   3.00000000000E-02   3.25000000000E-02   3.50000000000E-02   3.75000000000E-02
   4.00000000000E-02   4.25000000000E-02   4.50000000000E-02   4.75000000000E-02
   5.00000000000E-02   5.25000000000E-02   5.50000000000E-02   5.75000000000E-02
   6.00000000000E-02   6.25000000000E-02   6.50000000000E-02   6.75000000000E-02
   7.00000000000E-02   7.50000000000E-02   8.00000000000E-02   8.50000000000E-02
   9.00000000000E-02   9.50000000000E-02   1.00000000000E-01   1.05000000000E-01
   1.10000000000E-01   1.15000000000E-01   1.20000000000E-01   1.25000000000E-01
   1.30000000000E-01   1.35000000000E-01   1.40000000000E-01   1.50000000000E-01
   1.60000000000E-01   1.70000000000E-01   1.80000000000E-01   1.90000000000E-01
   2.00000000000E-01   2.10000000000E-01   2.20000000000E-01   2.30000000000E-01
   2.40000000000E-01   2.50000000000E-01   2.60000000000E-01   2.70000000000E-01
   2.80000000000E-01   3.00000000000E-01   3.20000000000E-01   3.40000000000E-01
   3.60000000000E-01   3.80000000000E-01   4.00000000000E-01   4.20000000000E-01
   4.40000000000E-01   4.60000000000E-01   4.80000000000E-01   5.00000000000E-01
   5.25000000000E-01   5.50000000000E-01   5.75000000000E-01   6.00000000000E-01
   6.25000000000E-01   6.50000000000E-01   6.75000000000E-01   7.00000000000E-01
   7.50000000000E-01   8.00000000000E-01   8.50000000000E-01   9.00000000000E-01
   9.50000000000E-01   1.00000000000E+00   1.10000000000E+00   1.20000000000E+00
   1.30000000000E+00   1.40000000000E+00   1.50000000000E+00   1.60000000000E+00
   1.70000000000E+00   1.80000000000E+00   1.90000000000E+00   2.00000000000E+00
   2.20000000000E+00   2.40000000000E+00   2.60000000000E+00   2.80000000000E+00
   3.00000000000E+00   3.20000000000E+00   3.40000000000E+00   3.60000000000E+00
   3.80000000000E+00   4.00000000000E+00   4.20000000000E+00   4.40000000000E+00
   4.60000000000E+00   4.80000000000E+00   5.00000000000E+00   5.20000000000E+00
   5.40000000000E+00   5.60000000000E+00   5.80000000000E+00   6.00000000000E+00
   6.20000000000E+00   6.40000000000E+00   6.60000000000E+00   6.80000000000E+00
   7.00000000000E+00   7.50000000000E+00   8.00000000000E+00   8.50000000000E+00
   9.00000000000E+00   9.50000000000E+00   1.00000000000E+01   1.05000000000E+01
   1.10000000000E+01   1.15000000000E+01   1.20000000000E+01   1.25000000000E+01
   1.30000000000E+01   1.35000000000E+01   1.40000000000E+01   1.45000000000E+01
   1.50000000000E+01   1.55000000000E+01   1.60000000000E+01   1.65000000000E+01
   1.70000000000E+01   1.75000000000E+01   1.80000000000E+01   1.85000000000E+01
   1.90000000000E+01   1.95000000000E+01   2.00000000000E+01   1.74336988000E+03
   1.71675545000E+03   1.69132337000E+03   1.66698983000E+03   1.64367709000E+03
   1.62131548000E+03   1.59984340000E+03   1.57920229000E+03   1.55934066000E+03
   1.54020905000E+03   1.52176604000E+03   1.50396924000E+03   1.48678329000E+03
   1.45410869000E+03   1.42349789000E+03   1.39474191000E+03   1.36766200000E+03
   1.34210067000E+03   1.31792160000E+03   1.29500465000E+03   1.27324278000E+03
   1.25254310000E+03   1.23282081000E+03   1.20491094000E+03   1.17881547000E+03
   1.15434560000E+03   1.13133978000E+03   1.10965667000E+03   1.08917508000E+03
   1.06978699000E+03   1.05139950000E+03   1.03392981000E+03   1.01730222000E+03
   1.00145309000E+03   9.86322352000E+02   9.71857610000E+02   9.58011506000E+02
   9.44741126000E+02   9.32007600000E+02   9.19775687000E+02   9.08013382000E+02
   8.96691302000E+02   8.85782690000E+02   8.75263011000E+02   8.65109647000E+02
   8.45820386000E+02   8.27767288000E+02   8.10823538000E+02   7.94880089000E+02
   7.79842332000E+02   7.67942699000E+02   7.56572143000E+02   7.45692500000E+02
   7.35269439000E+02   7.25271962000E+02   7.15671900000E+02   7.06443505000E+02
   6.97563554000E+02   6.89010441000E+02   6.80764778000E+02   6.72808593000E+02
   6.65125128000E+02   6.50517179000E+02   6.36832290000E+02   6.23977166000E+02
   6.11871132000E+02   6.00444317000E+02   5.89635533000E+02   5.79390865000E+02
   5.69662957000E+02   5.60409807000E+02   5.51594054000E+02   5.43182279000E+02
   5.35144494000E+02   5.27453942000E+02   5.20086088000E+02   5.13019222000E+02
   5.06233254000E+02   4.99710108000E+02   4.93433326000E+02   4.87387663000E+02
   4.81559287000E+02   4.75935575000E+02   4.70505516000E+02   4.60180346000E+02
   4.50507739000E+02   4.41421865000E+02   4.32865675000E+02   4.24789595000E+02
   4.17150409000E+02   4.09910152000E+02   4.03035203000E+02   3.96495876000E+02
   3.90265817000E+02   3.81449406000E+02   3.73206601000E+02   3.65477630000E+02
   3.58211301000E+02   3.51363388000E+02   3.44895121000E+02   3.38772675000E+02
   3.32966365000E+02   3.27449937000E+02   3.22200069000E+02   3.17195860000E+02
   3.12418933000E+02   3.07852428000E+02   3.03481500000E+02   2.99292419000E+02
   2.95273067000E+02   2.91412338000E+02   2.87699934000E+02   2.84126567000E+02
   2.80683954000E+02   2.77364221000E+02   2.74160301000E+02   2.68073848000E+02
   2.62378046000E+02   2.57033012000E+02   2.52003914000E+02   2.47260864000E+02
   2.43507940000E+02   2.39922122000E+02   2.36491494000E+02   2.33205152000E+02
   2.30053102000E+02   2.27026757000E+02   2.24117741000E+02   2.21318782000E+02
   2.18623116000E+02   2.16024483000E+02   2.13517328000E+02   2.11096401000E+02
   2.06494050000E+02   2.02183301000E+02   1.98134571000E+02   1.94322415000E+02
   1.90724720000E+02   1.87322201000E+02   1.84097694000E+02   1.81036456000E+02
   1.78125059000E+02   1.75351689000E+02   1.72705946000E+02   1.70178138000E+02
   1.67759984000E+02   1.65443709000E+02   1.63222348000E+02   1.61089740000E+02
   1.59039930000E+02   1.57067967000E+02   1.55168906000E+02   1.53338405000E+02
   1.51572424000E+02   1.49867330000E+02   1.46626369000E+02   1.43591290000E+02
   1.40741191000E+02   1.38058201000E+02   1.35526468000E+02   1.33132561000E+02
   1.30864465000E+02   1.28711378000E+02   1.26664211000E+02   1.24714382000E+02
   1.21956394000E+02   1.19378947000E+02   1.16963461000E+02   1.14693679000E+02
   1.12555567000E+02   1.10537008000E+02   1.08627399000E+02   1.06817150000E+02
   1.05098282000E+02   1.03463122000E+02   1.01905309000E+02   1.00418966000E+02
   9.89987915000E+01   9.76400810000E+01   9.63385630000E+01   9.50903704000E+01
   9.38920092000E+01   9.27402586000E+01   9.16322106000E+01   9.05651994000E+01
   8.95367815000E+01   8.85447252000E+01   8.66615090000E+01   8.49008592000E+01
   8.32501643000E+01   8.16985893000E+01   8.02367136000E+01   7.90810303000E+01
   7.79777147000E+01   7.69229804000E+01   7.59134043000E+01   7.49459066000E+01
   7.40176804000E+01   7.31261909000E+01   7.22691058000E+01   7.14443145000E+01
   7.06498682000E+01   6.98839897000E+01   6.91450132000E+01   6.77419183000E+01
   6.64297694000E+01   6.51993470000E+01   6.40426636000E+01   6.29527821000E+01
   6.19236338000E+01   6.09499169000E+01   6.00269262000E+01   5.91505011000E+01
   5.83169658000E+01   5.75229983000E+01   5.67656399000E+01   5.60422446000E+01
   5.53504192000E+01   5.46879827000E+01   5.40529858000E+01   5.34436212000E+01
   5.28582730000E+01   5.22954468000E+01   5.17537891000E+01   5.12320379000E+01
   5.07290319000E+01   4.97751548000E+01   4.88845942000E+01   4.80508668000E+01
   4.72683978000E+01   4.65323098000E+01   4.58383812000E+01   4.51828856000E+01
   4.45625306000E+01   4.39744279000E+01   4.34159821000E+01   4.28538560000E+01
   4.23200139000E+01   4.18122742000E+01   4.13286677000E+01   4.08674468000E+01
   4.04270159000E+01   4.00059408000E+01   3.96029086000E+01   3.89383695000E+01
   3.83198083000E+01   3.77424074000E+01   3.72020657000E+01   3.66951775000E+01
   3.62186517000E+01   3.57697411000E+01   3.53460414000E+01   3.50106707000E+01
   3.46902253000E+01   3.43836951000E+01   3.40901811000E+01   3.38088548000E+01
   3.35389385000E+01   3.32797452000E+01   3.30306384000E+01   3.25603508000E+01
   3.21238932000E+01   3.17176891000E+01   3.13386470000E+01   3.10497947000E+01
   3.07757429000E+01   3.05153701000E+01   3.02676659000E+01   3.00317309000E+01
   2.98067364000E+01   2.95919248000E+01   2.93866290000E+01   2.91902223000E+01
   2.90021290000E+01   2.88218535000E+01   2.86489008000E+01   2.83232558000E+01
   2.80221009000E+01   2.77427779000E+01   2.74829923000E+01   2.72407928000E+01
   2.70144409000E+01   2.68024503000E+01   2.66035165000E+01   2.64164568000E+01
   2.62402699000E+01   2.60740255000E+01   2.59169248000E+01   2.57682394000E+01
   2.56273120000E+01   2.54935659000E+01   2.53664651000E+01   2.52455341000E+01
   2.51303478000E+01   2.50204917000E+01   2.49156316000E+01   2.48154236000E+01
   2.47195642000E+01   2.45398582000E+01   2.43745603000E+01   2.42220205000E+01
   2.40808314000E+01   2.39497882000E+01   2.38278476000E+01   2.37140980000E+01
   2.36077594000E+01   2.35081227000E+01   2.34145799000E+01   2.32845411000E+01
   2.31654565000E+01   2.30560080000E+01   2.29550699000E+01   2.28617088000E+01
   2.27750830000E+01   2.26945022000E+01   2.26193574000E+01   2.25491206000E+01
   2.24833247000E+01   2.24215635000E+01   2.23634713000E+01   2.23087329000E+01
   2.22570640000E+01   2.22082203000E+01   2.21619781000E+01   2.21181240000E+01
   2.20764851000E+01   2.20368884000E+01   2.19992013000E+01   2.19632716000E+01
   2.19289971000E+01   2.18649456000E+01   2.18062628000E+01   2.17523064000E+01
   2.16564426000E+01   2.15868189000E+01   2.15248640000E+01   2.14693827000E+01
   2.14194044000E+01   2.13329603000E+01   2.12608040000E+01   2.11996574000E+01
   2.11471524000E+01   2.11015845000E+01   2.10616493000E+01   2.10263695000E+01
   2.09949632000E+01   2.09668227000E+01   2.09414632000E+01   2.08975907000E+01
   2.08609397000E+01   2.08298448000E+01   2.08031449000E+01   2.07799487000E+01
   2.07596117000E+01   2.07333924000E+01   2.07112513000E+01   2.06923015000E+01
   2.06758950000E+01   2.06615401000E+01   2.06488697000E+01   2.06376102000E+01
   2.06275307000E+01   2.06102370000E+01   2.05959336000E+01   2.05838912000E+01
   2.05736108000E+01   2.05661244000E+01   2.05594477000E+01   2.05534525000E+01
   2.05480326000E+01   2.05386273000E+01   2.05307381000E+01   2.05240205000E+01
   2.05182259000E+01   2.05131699000E+01   2.05087212000E+01   2.05047714000E+01
   2.05012337000E+01   2.04980427000E+01   2.04951636000E+01   2.04901267000E+01
   2.04858890000E+01   2.04822433000E+01   2.04790865000E+01   2.04763079000E+01
   2.04738395000E+01   2.04706103000E+01   2.04678342000E+01   2.04654095000E+01
   2.04632774000E+01   2.04613705000E+01   2.04596430000E+01   2.04580810000E+01
   2.04566511000E+01   2.04541270000E+01   2.04519331000E+01   2.04499970000E+01
   2.04482599000E+01   2.04469467000E+01   2.04457219000E+01   2.04445735000E+01
   2.04434995000E+01   2.04415177000E+01   2.04397058000E+01   2.04380459000E+01
   2.04364829000E+01   2.04350215000E+01   2.04336277000E+01   2.04322894000E+01
   2.04310045000E+01   2.04297612000E+01   2.04285580000E+01   2.04262374000E+01
   2.04240251000E+01   2.04218754000E+01   2.04197947000E+01   2.04177593000E+01
   2.04157661000E+01   2.04128515000E+01   2.04099869000E+01   2.04071685000E+01
   2.04043938000E+01   2.04016503000E+01   2.03989260000E+01   2.03962298000E+01
   2.03935406000E+01   2.03882300000E+01   2.03829584000E+01   2.03777220000E+01
   2.03725179000E+01   2.03682169000E+01   2.03639318000E+01   2.03596520000E+01
   2.03553867000E+01   2.03468876000E+01   2.03384213000E+01   2.03299652000E+01
   2.03215275000E+01   2.03131067000E+01   2.03047016000E+01   2.02963810000E+01
   2.02880847000E+01   2.02797822000E+01   2.02715029000E+01   2.02549325000E+01
   2.02383912000E+01   2.02218471000E+01   2.02053291000E+01   2.01888059000E+01
   2.01723169000E+01   2.01560409000E+01   2.01397780000E+01   2.01235277000E+01
   2.01072898000E+01   2.00747998000E+01   2.00423262000E+01   2.00103174000E+01
   1.99783329000E+01   1.99463420000E+01   1.99143840000E+01   1.98828483000E+01
   1.98513448000E+01   1.98198232000E+01   1.97883332000E+01   1.97572646000E+01
   1.97262172000E+01   1.96951710000E+01   1.96641359000E+01   1.96335215000E+01
   1.96029180000E+01   1.95723153000E+01   1.95417333000E+01   1.94813909000E+01
   1.94210807000E+01   1.93615921000E+01   1.93021252000E+01   1.92434695000E+01
   1.91848651000E+01   1.91274029000E+01   1.90699807000E+01   1.90125585000E+01
   1.89551764000E+01   1.88992767000E+01   1.88434072000E+01   1.87875476000E+01
   1.87317382000E+01   1.86229726000E+01   1.85143072000E+01   1.84084142000E+01
   1.83026114000E+01   1.81994904000E+01   1.80964595000E+01   1.79959900000E+01
   1.78956205000E+01   1.77977122000E+01   1.76998940000E+01   1.76044366000E+01
   1.75090793000E+01   1.74159827000E+01   1.73229962000E+01   1.71415044000E+01
   1.69239319000E+01   1.67065795000E+01   1.65015094000E+01   1.62966793000E+01
   1.61030810000E+01   1.59097227000E+01   1.57266556000E+01   1.55438186000E+01
   1.53704426000E+01   1.51972865000E+01   1.50328513000E+01   1.48686261000E+01
   1.47124315000E+01   1.45564469000E+01   1.44079028000E+01   1.42595588000E+01
   1.39768416000E+01   1.37072951000E+01   1.34500292000E+01   1.32041739000E+01
   1.29690191000E+01   1.27438947000E+01   1.25323808000E+01   1.23211069000E+01
   1.21260836000E+01   1.19313303000E+01   1.17509475000E+01   1.15708146000E+01
   1.14034721000E+01   1.12363597000E+01   1.09251853000E+01   1.06349015000E+01
   1.03634481000E+01   1.01090151000E+01   9.87001543000E+00   9.64509901000E+00
   9.43872093000E+00   9.23259085000E+00   9.04775914000E+00   8.86318143000E+00
   8.69664401000E+00   8.53033059000E+00   8.37943039000E+00   8.22873020000E+00
   7.95405418000E+00   7.70274647000E+00   7.47184601000E+00   7.25887775000E+00
   7.06175067000E+00   6.87868874000E+00   6.70817293000E+00   6.54889624000E+00
   6.39972863000E+00   6.25968611000E+00   6.12793466000E+00   5.97887823000E+00
   5.82995579000E+00   5.69969849000E+00   5.56957820000E+00   5.45458001000E+00
   5.33969882000E+00   5.23724770000E+00   5.13489659000E+00   4.95097747000E+00
   4.78464445000E+00   4.63326849000E+00   4.49472957000E+00   4.36729670000E+00
   4.24955185000E+00   4.03853119000E+00   3.85424257000E+00   3.69133495000E+00
   3.54583332000E+00   3.41471866000E+00   3.29566197000E+00   3.18683225000E+00
   3.08676749000E+00   2.99428670000E+00   2.90842988000E+00   2.75350213000E+00
   2.61701828000E+00   2.49541535000E+00   2.38604633000E+00   2.28690526000E+00
   2.19643015000E+00   2.11338900000E+00   2.03679183000E+00   1.96582864000E+00
   1.89983443000E+00   1.83824922000E+00   1.78060600000E+00   1.72650179000E+00
   1.67559457000E+00   1.62758635000E+00   1.58221914000E+00   1.53926593000E+00
   1.49852772000E+00   1.45982852000E+00   1.42301033000E+00   1.38793214000E+00
   1.35446896000E+00   1.32250478000E+00   1.29194160000E+00   1.26268544000E+00
   1.19472404000E+00   1.13329067000E+00   1.07747233000E+00   1.02652802000E+00
   9.79843718000E-01   9.36906138000E-01   8.97283872000E-01   8.60610519000E-01
   8.26572176000E-01   7.94898642000E-01   7.65355715000E-01   7.37739295000E-01
   7.11870378000E-01   6.87591866000E-01   6.64764557000E-01   6.43265050000E-01
   6.22983444000E-01   6.03821339000E-01   5.85690736000E-01   5.68512232000E-01
   5.52214429000E-01   5.36732525000E-01   5.22008022000E-01   5.07987418000E-01
   4.94622113000E-01   4.81867908000E-01   1.67298800000E+01   1.64744500000E+01
   1.62303700000E+01   1.59968300000E+01   1.57730900000E+01   1.55584800000E+01
   1.53524000000E+01   1.51542900000E+01   1.49636600000E+01   1.47800500000E+01
   1.46030400000E+01   1.44322400000E+01   1.42672900000E+01   1.39536900000E+01
   1.36598900000E+01   1.33839100000E+01   1.31240000000E+01   1.28786700000E+01
   1.26466000000E+01   1.24266500000E+01   1.22177800000E+01   1.20191000000E+01
   1.18298100000E+01   1.15619400000E+01   1.13114700000E+01   1.10766000000E+01
   1.08557800000E+01   1.06476700000E+01   1.04510800000E+01   1.02649900000E+01
   1.00885000000E+01   9.92081200000E+00   9.76121800000E+00   9.60908600000E+00
   9.46385200000E+00   9.32501000000E+00   9.19210600000E+00   9.06472600000E+00
   8.94250000000E+00   8.82508700000E+00   8.71218200000E+00   8.60350200000E+00
   8.49879000000E+00   8.39781100000E+00   8.30034700000E+00   8.11518600000E+00
   7.94188800000E+00   7.77923800000E+00   7.62618900000E+00   7.48183200000E+00
   7.36759900000E+00   7.25844300000E+00   7.15400000000E+00   7.05393900000E+00
   6.95796200000E+00   6.86580000000E+00   6.77720500000E+00   6.69195400000E+00
   6.60984100000E+00   6.53067800000E+00   6.45429300000E+00   6.38052800000E+00
   6.24027900000E+00   6.10889000000E+00   5.98546600000E+00   5.86923200000E+00
   5.75951700000E+00   5.65573300000E+00   5.55736500000E+00   5.46395700000E+00
   5.37510700000E+00   5.29045400000E+00   5.20967900000E+00   5.13249400000E+00
   5.05864200000E+00   4.98788800000E+00   4.92002200000E+00   4.85485400000E+00
   4.79220800000E+00   4.73192600000E+00   4.67386300000E+00   4.61788700000E+00
   4.56387500000E+00   4.51171600000E+00   4.41254600000E+00   4.31963900000E+00
   4.23236500000E+00   4.15017500000E+00   4.07259500000E+00   3.99920900000E+00
   3.92965200000E+00   3.86360300000E+00   3.80077600000E+00   3.74091700000E+00
   3.65620600000E+00   3.57700100000E+00   3.50273000000E+00   3.43290100000E+00
   3.36708800000E+00   3.30492100000E+00   3.24607500000E+00   3.19026500000E+00
   3.13723700000E+00   3.08676900000E+00   3.03866000000E+00   2.99273300000E+00
   2.94882800000E+00   2.90680000000E+00   2.86651900000E+00   2.82786700000E+00
   2.79073800000E+00   2.75503400000E+00   2.72066700000E+00   2.68755400000E+00
   2.65562100000E+00   2.62480100000E+00   2.56624800000E+00   2.51144600000E+00
   2.46001200000E+00   2.41161400000E+00   2.36596400000E+00   2.32984000000E+00
   2.29532200000E+00   2.26229400000E+00   2.23065200000E+00   2.20030200000E+00
   2.17115700000E+00   2.14314100000E+00   2.11618200000E+00   2.09021600000E+00
   2.06518300000E+00   2.04102800000E+00   2.01770100000E+00   1.97335000000E+00
   1.93180100000E+00   1.89277100000E+00   1.85601500000E+00   1.82132000000E+00
   1.78850100000E+00   1.75739400000E+00   1.72785600000E+00   1.69975900000E+00
   1.67298900000E+00   1.64744600000E+00   1.62303800000E+00   1.59968400000E+00
   1.57730900000E+00   1.55584800000E+00   1.53524000000E+00   1.51543000000E+00
   1.49636700000E+00   1.47800600000E+00   1.46030500000E+00   1.44322400000E+00
   1.42673000000E+00   1.39536900000E+00   1.36599000000E+00   1.33839100000E+00
   1.31240100000E+00   1.28786800000E+00   1.26466100000E+00   1.24266500000E+00
   1.22177800000E+00   1.20191100000E+00   1.18298200000E+00   1.15619400000E+00
   1.13114700000E+00   1.10766100000E+00   1.08557900000E+00   1.06476700000E+00
   1.04510800000E+00   1.02649900000E+00   1.00885000000E+00   9.92081700000E-01
   9.76122300000E-01   9.60909000000E-01   9.46385600000E-01   9.32501500000E-01
   9.19211000000E-01   9.06473000000E-01   8.94250400000E-01   8.82509200000E-01
   8.71218600000E-01   8.60350600000E-01   8.49879400000E-01   8.39781500000E-01
   8.30035200000E-01   8.11519000000E-01   7.94189200000E-01   7.77924300000E-01
   7.62619300000E-01   7.48183600000E-01   7.36760300000E-01   7.25844700000E-01
   7.15400400000E-01   7.05394300000E-01   6.95796600000E-01   6.86580400000E-01
   6.77720900000E-01   6.69195800000E-01   6.60984500000E-01   6.53068200000E-01
   6.45429700000E-01   6.38053200000E-01   6.24028300000E-01   6.10889400000E-01
   5.98547000000E-01   5.86923600000E-01   5.75952100000E-01   5.65573800000E-01
   5.55736900000E-01   5.46396200000E-01   5.37511100000E-01   5.29045800000E-01
   5.20968300000E-01   5.13249900000E-01   5.05864600000E-01   4.98789200000E-01
   4.92002700000E-01   4.85485800000E-01   4.79221200000E-01   4.73193000000E-01
   4.67386800000E-01   4.61789100000E-01   4.56387900000E-01   4.51171900000E-01
   4.41254800000E-01   4.31964200000E-01   4.23236800000E-01   4.15017800000E-01
   4.07259800000E-01   3.99921200000E-01   3.92965600000E-01   3.86360600000E-01
   3.80077900000E-01   3.74092100000E-01   3.68046000000E-01   3.62283900000E-01
   3.56784200000E-01   3.51527700000E-01   3.46496800000E-01   3.41675900000E-01
   3.37050800000E-01   3.32608600000E-01   3.25249500000E-01   3.18358300000E-01
   3.11887400000E-01   3.05795700000E-01   3.00047500000E-01   2.94611700000E-01
   2.89461100000E-01   2.84571400000E-01   2.80680700000E-01   2.76945300000E-01
   2.73355100000E-01   2.69901100000E-01   2.66574800000E-01   2.63368500000E-01
   2.60275200000E-01   2.57288400000E-01   2.51610800000E-01   2.46293200000E-01
   2.41299100000E-01   2.36597000000E-01   2.32984700000E-01   2.29532900000E-01
   2.26230100000E-01   2.23065900000E-01   2.20030900000E-01   2.17116400000E-01
   2.14314800000E-01   2.11619000000E-01   2.09022300000E-01   2.06519000000E-01
   2.04103500000E-01   2.01770800000E-01   1.97335800000E-01   1.93180900000E-01
   1.89277900000E-01   1.85602300000E-01   1.82132800000E-01   1.78850900000E-01
   1.75740300000E-01   1.72786500000E-01   1.69976800000E-01   1.67299900000E-01
   1.64745500000E-01   1.62304800000E-01   1.59969400000E-01   1.57732000000E-01
   1.55585900000E-01   1.53525100000E-01   1.51544100000E-01   1.49637800000E-01
   1.47801700000E-01   1.46031600000E-01   1.44323600000E-01   1.42674200000E-01
   1.39538200000E-01   1.36600300000E-01   1.33840500000E-01   1.31241400000E-01
   1.28788200000E-01   1.26467600000E-01   1.24268000000E-01   1.22179400000E-01
   1.20192700000E-01   1.18299900000E-01   1.15621100000E-01   1.13116500000E-01
   1.10768000000E-01   1.08559900000E-01   1.06478800000E-01   1.04513000000E-01
   1.02652200000E-01   1.00887400000E-01   9.92106000000E-02   9.76147400000E-02
   9.60935000000E-02   9.46412500000E-02   9.32529300000E-02   9.19239700000E-02
   9.06502600000E-02   8.94280800000E-02   8.82540400000E-02   8.71250700000E-02
   8.60383500000E-02   8.49913100000E-02   8.39816000000E-02   8.30070500000E-02
   8.11555800000E-02   7.94227500000E-02   7.77963900000E-02   7.48225700000E-02
   7.25888700000E-02   7.05439800000E-02   6.86627300000E-02   6.69243900000E-02
   6.38102900000E-02   6.10939900000E-02   5.86974100000E-02   5.65623600000E-02
   5.46444800000E-02   5.29092800000E-02   5.13294900000E-02   4.98832200000E-02
   4.85526600000E-02   4.73231800000E-02   4.51207100000E-02   4.31996600000E-02
   4.15047900000E-02   3.99949400000E-02   3.86387000000E-02   3.74116900000E-02
   3.57723500000E-02   3.43312900000E-02   3.30515400000E-02   3.19050400000E-02
   3.08701100000E-02   2.99297000000E-02   2.90702000000E-02   2.82806500000E-02
   2.68770000000E-02   2.56636200000E-02   2.46012000000E-02   2.36608000000E-02
   2.29544100000E-02   2.23076500000E-02   2.17125400000E-02   2.11625600000E-02
   2.01772900000E-02   1.93181300000E-02   1.85605400000E-02   1.78859200000E-02
   1.72798500000E-02   1.67312000000E-02   1.62314100000E-02   1.57737300000E-02
   1.53526600000E-02   1.49635900000E-02   1.42667000000E-02   1.36590100000E-02
   1.31232700000E-02   1.26464500000E-02   1.22178900000E-02   1.18295100000E-02
   1.13102900000E-02   1.08541800000E-02   1.04494600000E-02   1.00874000000E-02
   9.76050500000E-03   9.46301000000E-03   9.19096900000E-03   8.94109500000E-03
   8.49697600000E-03   8.11308200000E-03   7.77697600000E-03   7.47987000000E-03
   7.25665600000E-03   7.05193400000E-03   6.86353000000E-03   6.68945700000E-03
   6.37766900000E-03   6.10576000000E-03   5.86591500000E-03   5.65286800000E-03
   5.46144900000E-03   5.28766600000E-03   5.12936900000E-03   4.98445000000E-03
   4.85114900000E-03   4.72799300000E-03   4.50741200000E-03   4.31505400000E-03
   4.14537200000E-03   3.99465200000E-03   3.85925000000E-03   3.73613100000E-03
   3.57147400000E-03   3.42689900000E-03   3.29853000000E-03   3.18383200000E-03
   3.08030300000E-03   2.98597200000E-03   2.89978900000E-03   2.82064500000E-03
   2.67999400000E-03   2.55843700000E-03   2.45201200000E-03   2.35790800000E-03
   2.28694500000E-03   2.22184200000E-03   2.16197000000E-03   2.10666400000E-03
   2.00763200000E-03   1.92129800000E-03   1.84516500000E-03   1.77747300000E-03
   1.71669100000E-03   1.66158300000E-03   1.61101900000E-03   1.56472500000E-03
   1.52216100000E-03   1.48285300000E-03   1.41249200000E-03   1.35117900000E-03
   1.29713300000E-03   1.24907400000E-03   1.20593600000E-03   1.16686100000E-03
   1.13088600000E-03   1.09796200000E-03   1.06770300000E-03   1.03976800000E-03
   9.89788500000E-04   9.46248100000E-04   9.07435400000E-04   8.72934300000E-04
   8.41996000000E-04   8.14012200000E-04   7.88284900000E-04   7.64763800000E-04
   7.43161400000E-04   7.23223800000E-04   7.04554000000E-04   6.87193900000E-04
   6.71005700000E-04   6.55857300000E-04   6.41499300000E-04   6.27994000000E-04
   6.15267000000E-04   6.03254900000E-04   5.80866800000E-04   5.60653500000E-04
   5.42119700000E-04   5.25198400000E-04   5.09524700000E-04   4.95114900000E-04
   4.82860700000E-04   4.70666100000E-04   4.58471400000E-04   4.46354800000E-04
   4.36733500000E-04   4.27189500000E-04   4.17645500000E-04   4.08158700000E-04
   3.92620800000E-04   3.77183500000E-04   3.64247600000E-04   3.51390100000E-04
   3.40398000000E-04   3.29468600000E-04   3.19975400000E-04   3.10533700000E-04
   3.02226100000E-04   2.93961700000E-04   2.86612000000E-04   2.79298900000E-04
   2.72736800000E-04   2.66206000000E-04   2.54431100000E-04   2.41933700000E-04
   2.29481200000E-04   2.19387100000E-04   2.09335600000E-04   2.00982100000E-04
   1.92661800000E-04   1.85613500000E-04   1.78591900000E-04   1.72552600000E-04
   1.66535200000E-04   1.61295200000E-04   1.56073600000E-04   1.51479900000E-04
   1.46901700000E-04   1.42839100000E-04   1.38790000000E-04   1.31562000000E-04
   1.25079700000E-04   1.19233000000E-04   1.13933500000E-04   1.09108400000E-04
   1.04699200000E-04   1.00809900000E-04   9.69302000000E-05   9.36156100000E-05
   9.03103800000E-05   8.74571700000E-05   8.46118300000E-05   8.21339300000E-05
   7.96627100000E-05   7.53315500000E-05   7.15160400000E-05   6.81351900000E-05
   6.51240900000E-05   6.24300200000E-05   6.00103600000E-05   5.79302100000E-05
   5.58544000000E-05   5.41416500000E-05   5.24330800000E-05   5.10086100000E-05
   4.95875800000E-05   4.83926100000E-05   4.72005100000E-05   4.51836000000E-05
   4.34692800000E-05   4.20049800000E-05   4.07492200000E-05   3.96688400000E-05
   3.87370600000E-05   3.79320500000E-05   3.72357700000E-05   3.66333000000E-05
   3.61121200000E-05   3.56618700000E-05   3.52254200000E-05   3.47900000000E-05
   3.44944000000E-05   3.41997900000E-05   3.40078900000E-05   3.38167400000E-05
   3.37019400000E-05   3.35877300000E-05   3.34741200000E-05   3.34473000000E-05
   3.34856700000E-05   3.35727900000E-05   3.36959500000E-05   3.38452600000E-05
   3.41928700000E-05   3.45711800000E-05   3.49523900000E-05   3.53192000000E-05
   3.56611500000E-05   3.59722400000E-05   3.62495400000E-05   3.64921000000E-05
   3.67002800000E-05   3.68753200000E-05   3.71335900000E-05   3.72841000000E-05
   3.73449900000E-05   3.73333400000E-05   3.72641700000E-05   3.71503200000E-05
   3.70024400000E-05   3.68292700000E-05   3.66378300000E-05   3.64337900000E-05
   3.62216100000E-05   3.60048200000E-05   3.57861300000E-05   3.55676900000E-05
   3.53510900000E-05   3.51375600000E-05   3.49279700000E-05   3.47229700000E-05
   3.45230000000E-05   3.43283400000E-05   3.41391300000E-05   3.39554500000E-05
   3.37772500000E-05   3.36045000000E-05   3.34370700000E-05   3.30407000000E-05
   3.26737500000E-05   3.23330700000E-05   3.20154500000E-05   3.17178700000E-05
   3.14375400000E-05   3.11719200000E-05   3.09187700000E-05   3.06760900000E-05
   3.04421400000E-05   3.02154000000E-05   2.99945500000E-05   2.97784500000E-05
   2.95661100000E-05   2.93567000000E-05   2.91495100000E-05   2.89439300000E-05
   2.87394600000E-05   2.85356900000E-05   2.83322700000E-05   2.81289400000E-05
   2.79254800000E-05   2.77217400000E-05   2.75176100000E-05   2.73130100000E-05
   2.71079200000E-05   1.72664000000E+03   1.70028100000E+03   1.67509300000E+03
   1.65099300000E+03   1.62790400000E+03   1.60575700000E+03   1.58449100000E+03
   1.56404800000E+03   1.54437700000E+03   1.52542900000E+03   1.50716300000E+03
   1.48953700000E+03   1.47251600000E+03   1.44015500000E+03   1.40983800000E+03
   1.38135800000E+03   1.35453800000E+03   1.32922200000E+03   1.30527500000E+03
   1.28257800000E+03   1.26102500000E+03   1.24052400000E+03   1.22099100000E+03
   1.19334900000E+03   1.16750400000E+03   1.14326900000E+03   1.12048400000E+03
   1.09900900000E+03   1.07872400000E+03   1.05952200000E+03   1.04131100000E+03
   1.02400900000E+03   1.00754100000E+03   9.91844000000E+02   9.76858500000E+02
   9.62532600000E+02   9.48819400000E+02   9.35676400000E+02   9.23065100000E+02
   9.10950600000E+02   8.99301200000E+02   8.88087800000E+02   8.77283900000E+02
   8.66865200000E+02   8.56809300000E+02   8.37705200000E+02   8.19825400000E+02
   8.03044300000E+02   7.87253900000E+02   7.72360500000E+02   7.60575100000E+02
   7.49313700000E+02   7.38538500000E+02   7.28215500000E+02   7.18314000000E+02
   7.08806100000E+02   6.99666300000E+02   6.90871600000E+02   6.82400600000E+02
   6.74234100000E+02   6.66354300000E+02   6.58744600000E+02   6.44276900000E+02
   6.30723400000E+02   6.17991700000E+02   6.06001900000E+02   5.94684800000E+02
   5.83979800000E+02   5.73833500000E+02   5.64199000000E+02   5.55034700000E+02
   5.46303600000E+02   5.37972600000E+02   5.30012000000E+02   5.22395300000E+02
   5.15098200000E+02   5.08099200000E+02   5.01378400000E+02   4.94917900000E+02
   4.88701400000E+02   4.82713800000E+02   4.76941400000E+02   4.71371700000E+02
   4.65993800000E+02   4.55767800000E+02   4.46188100000E+02   4.37189500000E+02
   4.28715500000E+02   4.20717000000E+02   4.13151200000E+02   4.05980500000E+02
   3.99171600000E+02   3.92695100000E+02   3.86524900000E+02   3.77793200000E+02
   3.69629600000E+02   3.61974900000E+02   3.54778400000E+02   3.47996300000E+02
   3.41590200000E+02   3.35526600000E+02   3.29776100000E+02   3.24312700000E+02
   3.19113300000E+02   3.14157200000E+02   3.09426200000E+02   3.04903600000E+02
   3.00574700000E+02   2.96425900000E+02   2.92445200000E+02   2.88621600000E+02
   2.84944900000E+02   2.81405900000E+02   2.77996400000E+02   2.74708600000E+02
   2.71535500000E+02   2.65507600000E+02   2.59866600000E+02   2.54573000000E+02
   2.49592300000E+02   2.44894900000E+02   2.41178100000E+02   2.37626800000E+02
   2.34229200000E+02   2.30974500000E+02   2.27852800000E+02   2.24855600000E+02
   2.21974600000E+02   2.19202600000E+02   2.16532900000E+02   2.13959300000E+02
   2.11476300000E+02   2.09078700000E+02   2.04520700000E+02   2.00251500000E+02
   1.96241800000E+02   1.92466400000E+02   1.88903400000E+02   1.85533700000E+02
   1.82340300000E+02   1.79308600000E+02   1.76425300000E+02   1.73678700000E+02
   1.71058500000E+02   1.68555100000E+02   1.66160300000E+02   1.63866400000E+02
   1.61666500000E+02   1.59554500000E+02   1.57524500000E+02   1.55571600000E+02
   1.53690900000E+02   1.51878100000E+02   1.50129200000E+02   1.48440600000E+02
   1.45231000000E+02   1.42225300000E+02   1.39402800000E+02   1.36745800000E+02
   1.34238600000E+02   1.31867900000E+02   1.29621800000E+02   1.27489600000E+02
   1.25462300000E+02   1.23531400000E+02   1.20800200000E+02   1.18247800000E+02
   1.15855800000E+02   1.13608100000E+02   1.11490800000E+02   1.09491900000E+02
   1.07600900000E+02   1.05808300000E+02   1.04106200000E+02   1.02487000000E+02
   1.00944400000E+02   9.94725800000E+01   9.80662900000E+01   9.67208700000E+01
   9.54320900000E+01   9.41961200000E+01   9.30095000000E+01   9.18690400000E+01
   9.07718600000E+01   8.97153200000E+01   8.86970000000E+01   8.77146900000E+01
   8.58499900000E+01   8.41066700000E+01   8.24722400000E+01   8.09359700000E+01
   7.94885300000E+01   7.83442700000E+01   7.72518700000E+01   7.62075800000E+01
   7.52080100000E+01   7.42501100000E+01   7.33311000000E+01   7.24484700000E+01
   7.15999100000E+01   7.07833300000E+01   6.99968000000E+01   6.92385600000E+01
   6.85069600000E+01   6.71178900000E+01   6.58188800000E+01   6.46008000000E+01
   6.34557400000E+01   6.23768300000E+01   6.13580600000E+01   6.03941800000E+01
   5.94805300000E+01   5.86129900000E+01   5.77879200000E+01   5.70020300000E+01
   5.62523900000E+01   5.55363800000E+01   5.48516300000E+01   5.41959800000E+01
   5.35675000000E+01   5.29644000000E+01   5.23850800000E+01   5.18280600000E+01
   5.12920000000E+01   5.07756500000E+01   5.02778600000E+01   4.93339000000E+01
   4.84526300000E+01   4.76276300000E+01   4.68533800000E+01   4.61250500000E+01
   4.54384600000E+01   4.47899200000E+01   4.41761700000E+01   4.35943500000E+01
   4.30418900000E+01   4.24858100000E+01   4.19577300000E+01   4.14554900000E+01
   4.09771400000E+01   4.05209500000E+01   4.00853400000E+01   3.96688900000E+01
   3.92703000000E+01   3.86131200000E+01   3.80014500000E+01   3.74305200000E+01
   3.68962700000E+01   3.63951300000E+01   3.59240400000E+01   3.54802800000E+01
   3.50614700000E+01   3.47299900000E+01   3.44132800000E+01   3.41103400000E+01
   3.38202800000E+01   3.35422800000E+01   3.32755700000E+01   3.30194700000E+01
   3.27733500000E+01   3.23087400000E+01   3.18776000000E+01   3.14763900000E+01
   3.11020500000E+01   3.08168100000E+01   3.05462100000E+01   3.02891400000E+01
   3.00446000000E+01   2.98117000000E+01   2.95896200000E+01   2.93776100000E+01
   2.91750100000E+01   2.89812000000E+01   2.87956100000E+01   2.86177500000E+01
   2.84471300000E+01   2.81259200000E+01   2.78289200000E+01   2.75535000000E+01
   2.72973900000E+01   2.70586600000E+01   2.68355900000E+01   2.66267100000E+01
   2.64307300000E+01   2.62464800000E+01   2.60729700000E+01   2.59092800000E+01
   2.57546200000E+01   2.56082700000E+01   2.54695800000E+01   2.53379800000E+01
   2.52129400000E+01   2.50939900000E+01   2.49807100000E+01   2.48726900000E+01
   2.47696000000E+01   2.46711000000E+01   2.45768900000E+01   2.44003200000E+01
   2.42379600000E+01   2.40881800000E+01   2.39495900000E+01   2.38210000000E+01
   2.37013800000E+01   2.35898300000E+01   2.34855800000E+01   2.33879300000E+01
   2.32962800000E+01   2.31689200000E+01   2.30523400000E+01   2.29452400000E+01
   2.28465100000E+01   2.27552300000E+01   2.26705700000E+01   2.25918500000E+01
   2.25184700000E+01   2.24499100000E+01   2.23857100000E+01   2.23254700000E+01
   2.22688300000E+01   2.22154800000E+01   2.21651400000E+01   2.21175700000E+01
   2.20725500000E+01   2.20298700000E+01   2.19893600000E+01   2.19508500000E+01
   2.19142100000E+01   2.18792900000E+01   2.18459900000E+01   2.17837900000E+01
   2.17268400000E+01   2.16745100000E+01   2.15816200000E+01   2.15142300000E+01
   2.14543200000E+01   2.14007200000E+01   2.13524800000E+01   2.12691500000E+01
   2.11997100000E+01   2.11409600000E+01   2.10905900000E+01   2.10469400000E+01
   2.10087400000E+01   2.09750400000E+01   2.09450800000E+01   2.09182700000E+01
   2.08941400000E+01   2.08524700000E+01   2.08177400000E+01   2.07883400000E+01
   2.07631500000E+01   2.07413100000E+01   2.07222000000E+01   2.06976200000E+01
   2.06769200000E+01   2.06592500000E+01   2.06439900000E+01   2.06306700000E+01
   2.06189400000E+01   2.06085400000E+01   2.05992500000E+01   2.05833600000E+01
   2.05702700000E+01   2.05592900000E+01   2.05499500000E+01   2.05431700000E+01
   2.05371400000E+01   2.05317400000E+01   2.05268700000E+01   2.05184500000E+01
   2.05114200000E+01   2.05054600000E+01   2.05003400000E+01   2.04958900000E+01
   2.04919900000E+01   2.04885400000E+01   2.04854600000E+01   2.04826900000E+01
   2.04802000000E+01   2.04758600000E+01   2.04722300000E+01   2.04691200000E+01
   2.04664400000E+01   2.04640900000E+01   2.04620100000E+01   2.04593000000E+01
   2.04569800000E+01   2.04549600000E+01   2.04531900000E+01   2.04516100000E+01
   2.04501800000E+01   2.04488900000E+01   2.04477100000E+01   2.04456300000E+01
   2.04438200000E+01   2.04422200000E+01   2.04407800000E+01   2.04396900000E+01
   2.04386700000E+01   2.04377100000E+01   2.04368100000E+01   2.04351400000E+01
   2.04336000000E+01   2.04321800000E+01   2.04308300000E+01   2.04295600000E+01
   2.04283400000E+01   2.04271600000E+01   2.04260200000E+01   2.04249100000E+01
   2.04238300000E+01   2.04217300000E+01   2.04197100000E+01   2.04177300000E+01
   2.04158000000E+01   2.04139000000E+01   2.04120300000E+01   2.04092800000E+01
   2.04065600000E+01   2.04038700000E+01   2.04012100000E+01   2.03985700000E+01
   2.03959400000E+01   2.03933300000E+01   2.03907200000E+01   2.03855500000E+01
   2.03804000000E+01   2.03752700000E+01   2.03701600000E+01   2.03659300000E+01
   2.03617100000E+01   2.03574900000E+01   2.03532800000E+01   2.03448800000E+01
   2.03365000000E+01   2.03281200000E+01   2.03197500000E+01   2.03113900000E+01
   2.03030400000E+01   2.02947700000E+01   2.02865200000E+01   2.02782600000E+01
   2.02700200000E+01   2.02535200000E+01   2.02370400000E+01   2.02205500000E+01
   2.02040800000E+01   2.01876000000E+01   2.01711500000E+01   2.01549100000E+01
   2.01386800000E+01   2.01224600000E+01   2.01062500000E+01   2.00738100000E+01
   2.00413800000E+01   2.00094100000E+01   1.99774600000E+01   1.99455000000E+01
   1.99135700000E+01   1.98820600000E+01   1.98505800000E+01   1.98190800000E+01
   1.97876100000E+01   1.97565600000E+01   1.97255300000E+01   1.96945000000E+01
   1.96634800000E+01   1.96328800000E+01   1.96022900000E+01   1.95717000000E+01
   1.95411300000E+01   1.94808100000E+01   1.94205200000E+01   1.93610500000E+01
   1.93016000000E+01   1.92429600000E+01   1.91843700000E+01   1.91269200000E+01
   1.90695100000E+01   1.90121000000E+01   1.89547300000E+01   1.88988400000E+01
   1.88429800000E+01   1.87871300000E+01   1.87313300000E+01   1.86225800000E+01
   1.85139300000E+01   1.84080500000E+01   1.83022600000E+01   1.81991500000E+01
   1.80961300000E+01   1.79956700000E+01   1.78953100000E+01   1.77974100000E+01
   1.76996000000E+01   1.76041500000E+01   1.75088000000E+01   1.74157100000E+01
   1.73227300000E+01   1.71412500000E+01   1.69236900000E+01   1.67063500000E+01
   1.65012900000E+01   1.62964700000E+01   1.61028800000E+01   1.59095300000E+01
   1.57264700000E+01   1.55436400000E+01   1.53702700000E+01   1.51971200000E+01
   1.50326900000E+01   1.48684700000E+01   1.47122800000E+01   1.45563000000E+01
   1.44077600000E+01   1.42594200000E+01   1.39767100000E+01   1.37071700000E+01
   1.34499100000E+01   1.32040600000E+01   1.29689100000E+01   1.27437900000E+01
   1.25322800000E+01   1.23210100000E+01   1.21259900000E+01   1.19312400000E+01
   1.17508600000E+01   1.15707300000E+01   1.14033900000E+01   1.12362800000E+01
   1.09251100000E+01   1.06348300000E+01   1.03633800000E+01   1.01089500000E+01
   9.86995300000E+00   9.64503900000E+00   9.43866300000E+00   9.23253500000E+00
   9.04770500000E+00   8.86312900000E+00   8.69659300000E+00   8.53028100000E+00
   8.37938200000E+00   8.22868300000E+00   7.95400900000E+00   7.70270300000E+00
   7.47180400000E+00   7.25883700000E+00   7.06171100000E+00   6.87865000000E+00
   6.70813500000E+00   6.54885900000E+00   6.39969200000E+00   6.25965000000E+00
   6.12789900000E+00   5.97884300000E+00   5.82992100000E+00   5.69966400000E+00
   5.56954400000E+00   5.45454600000E+00   5.33966500000E+00   5.23721400000E+00
   5.13486300000E+00   4.95094400000E+00   4.78461100000E+00   4.63323500000E+00
   4.49469600000E+00   4.36726300000E+00   4.24951800000E+00   4.03849700000E+00
   3.85420800000E+00   3.69130000000E+00   3.54579800000E+00   3.41468300000E+00
   3.29562600000E+00   3.18679600000E+00   3.08673100000E+00   2.99425000000E+00
   2.90839300000E+00   2.75346500000E+00   2.61698100000E+00   2.49537800000E+00
   2.38600900000E+00   2.28686800000E+00   2.19639300000E+00   2.11335200000E+00
   2.03675500000E+00   1.96579200000E+00   1.89979800000E+00   1.83821300000E+00
   1.78057000000E+00   1.72646600000E+00   1.67555900000E+00   1.62755100000E+00
   1.58218400000E+00   1.53923100000E+00   1.49849300000E+00   1.45979400000E+00
   1.42297600000E+00   1.38789800000E+00   1.35443500000E+00   1.32247100000E+00
   1.29190800000E+00   1.26265200000E+00   1.19469100000E+00   1.13325800000E+00
   1.07744000000E+00   1.02649600000E+00   9.79812000000E-01   9.36874700000E-01
   8.97252700000E-01   8.60579600000E-01   8.26541500000E-01   7.94868200000E-01
   7.65325500000E-01   7.37709300000E-01   7.11840600000E-01   6.87562300000E-01
   6.64735200000E-01   6.43235900000E-01   6.22954500000E-01   6.03792600000E-01
   5.85662200000E-01   5.68483900000E-01   5.52186300000E-01   5.36704600000E-01
   5.21980300000E-01   5.07959900000E-01   4.94594800000E-01   4.81840800000E-01
   1.26268000000E-05   1.26267800000E-05   1.26267600000E-05   1.26267400000E-05
   1.26267200000E-05   1.26267000000E-05   1.26266700000E-05   1.26266500000E-05
   1.26266200000E-05   1.26266000000E-05   1.26265700000E-05   1.26265600000E-05
   1.26265300000E-05   1.26264800000E-05   1.26264300000E-05   1.26263900000E-05
   1.26263400000E-05   1.26263000000E-05   1.26262500000E-05   1.26262100000E-05
   1.26261600000E-05   1.26261100000E-05   1.26260700000E-05   1.26260100000E-05
   1.26259400000E-05   1.26258600000E-05   1.26257800000E-05   1.26257300000E-05
   1.26256600000E-05   1.26255900000E-05   1.26255200000E-05   1.26254400000E-05
   1.26253800000E-05   1.26253000000E-05   1.26252300000E-05   1.26251700000E-05
   1.26251000000E-05   1.26250400000E-05   1.26249600000E-05   1.26248900000E-05
   1.26248200000E-05   1.26247600000E-05   1.26246900000E-05   1.26246200000E-05
   1.26245500000E-05   1.26244100000E-05   1.26242700000E-05   1.26241300000E-05
   1.26239900000E-05   1.26238500000E-05   1.26237400000E-05   1.26236200000E-05
   1.26235100000E-05   1.26233900000E-05   1.26232800000E-05   1.26231600000E-05
   1.26230500000E-05   1.26229300000E-05   1.26228200000E-05   1.26227000000E-05
   1.26225800000E-05   1.26224700000E-05   1.26222400000E-05   1.26220100000E-05
   1.26217800000E-05   1.26215500000E-05   1.26213200000E-05   1.26210900000E-05
   1.26208600000E-05   1.26206300000E-05   1.26204000000E-05   1.26201700000E-05
   1.26199300000E-05   1.26197000000E-05   1.26194700000E-05   1.26192500000E-05
   1.26190100000E-05   1.26187800000E-05   1.26185500000E-05   1.26183200000E-05
   1.26180900000E-05   1.26178600000E-05   1.26176300000E-05   1.26173900000E-05
   1.26169300000E-05   1.26164700000E-05   1.26160100000E-05   1.26155500000E-05
   1.26150900000E-05   1.26146300000E-05   1.26141600000E-05   1.26137100000E-05
   1.26132500000E-05   1.26127900000E-05   1.26121000000E-05   1.26114100000E-05
   1.26107200000E-05   1.26100300000E-05   1.26093400000E-05   1.26086400000E-05
   1.26079600000E-05   1.26072700000E-05   1.26065800000E-05   1.26058900000E-05
   1.26052000000E-05   1.26045100000E-05   1.26038200000E-05   1.26031400000E-05
   1.26024500000E-05   1.26017600000E-05   1.26010700000E-05   1.26003800000E-05
   1.25996900000E-05   1.25990100000E-05   1.25983200000E-05   1.25976300000E-05
   1.25962600000E-05   1.25948800000E-05   1.25935000000E-05   1.25921200000E-05
   1.25907400000E-05   1.25896000000E-05   1.25884600000E-05   1.25873100000E-05
   1.25861600000E-05   1.25850200000E-05   1.25838700000E-05   1.25827300000E-05
   1.25815900000E-05   1.25804500000E-05   1.25793100000E-05   1.25781700000E-05
   1.25770200000E-05   1.25747400000E-05   1.25724500000E-05   1.25701700000E-05
   1.25679000000E-05   1.25656200000E-05   1.25633400000E-05   1.25610600000E-05
   1.25587900000E-05   1.25565200000E-05   1.25542400000E-05   1.25519700000E-05
   1.25497000000E-05   1.25474300000E-05   1.25451600000E-05   1.25428900000E-05
   1.25406200000E-05   1.25383600000E-05   1.25360900000E-05   1.25338300000E-05
   1.25315600000E-05   1.25293000000E-05   1.25270500000E-05   1.25225200000E-05
   1.25180200000E-05   1.25135000000E-05   1.25090000000E-05   1.25045000000E-05
   1.25000100000E-05   1.24955100000E-05   1.24910200000E-05   1.24865400000E-05
   1.24820600000E-05   1.24753400000E-05   1.24686500000E-05   1.24619600000E-05
   1.24552700000E-05   1.24486100000E-05   1.24419400000E-05   1.24352800000E-05
   1.24286400000E-05   1.24220000000E-05   1.24153800000E-05   1.24087600000E-05
   1.24021500000E-05   1.23955600000E-05   1.23889700000E-05   1.23823900000E-05
   1.23758200000E-05   1.23692600000E-05   1.23627100000E-05   1.23561700000E-05
   1.23496300000E-05   1.23431100000E-05   1.23365900000E-05   1.23235900000E-05
   1.23106300000E-05   1.22977100000E-05   1.22848000000E-05   1.22719500000E-05
   1.22612600000E-05   1.22506000000E-05   1.22399600000E-05   1.22293500000E-05
   1.22187600000E-05   1.22082000000E-05   1.21976600000E-05   1.21871400000E-05
   1.21766500000E-05   1.21661800000E-05   1.21557400000E-05   1.21453200000E-05
   1.21245500000E-05   1.21038700000E-05   1.20833000000E-05   1.20628100000E-05
   1.20424100000E-05   1.20221200000E-05   1.20019000000E-05   1.19817800000E-05
   1.19617500000E-05   1.19418100000E-05   1.19219600000E-05   1.19022000000E-05
   1.18825200000E-05   1.18629300000E-05   1.18434300000E-05   1.18240100000E-05
   1.18046800000E-05   1.17854400000E-05   1.17662800000E-05   1.17472000000E-05
   1.17282000000E-05   1.17092900000E-05   1.16717100000E-05   1.16344500000E-05
   1.15975100000E-05   1.15608900000E-05   1.15245800000E-05   1.14885700000E-05
   1.14528700000E-05   1.14174700000E-05   1.13823600000E-05   1.13475400000E-05
   1.13109500000E-05   1.12746800000E-05   1.12387200000E-05   1.12030800000E-05
   1.11677400000E-05   1.11327000000E-05   1.10979600000E-05   1.10635200000E-05
   1.10040200000E-05   1.09453900000E-05   1.08876100000E-05   1.08306600000E-05
   1.07745200000E-05   1.07191800000E-05   1.06646100000E-05   1.06108100000E-05
   1.05665400000E-05   1.05227800000E-05   1.04795200000E-05   1.04367600000E-05
   1.03944700000E-05   1.03526500000E-05   1.03113100000E-05   1.02704200000E-05
   1.01899800000E-05   1.01112800000E-05   1.00342700000E-05   9.95888200000E-06
   9.89899600000E-06   9.84011700000E-06   9.78221800000E-06   9.72527900000E-06
   9.66926600000E-06   9.61415900000E-06   9.55994300000E-06   9.50659200000E-06
   9.45407700000E-06   9.40239200000E-06   9.35150500000E-06   9.30140000000E-06
   9.20347600000E-06   9.10846400000E-06   9.01624200000E-06   8.92668800000E-06
   8.83966900000E-06   8.75509500000E-06   8.67284900000E-06   8.59283400000E-06
   8.51496100000E-06   8.43914000000E-06   8.36528300000E-06   8.29332600000E-06
   8.22318500000E-06   8.15479200000E-06   8.08807200000E-06   8.02297400000E-06
   7.95943500000E-06   7.89738800000E-06   7.83679200000E-06   7.77758700000E-06
   7.71972700000E-06   7.66316900000E-06   7.55376000000E-06   7.44902900000E-06
   7.34867300000E-06   7.25240700000E-06   7.15999200000E-06   7.07118000000E-06
   6.98576000000E-06   6.90353100000E-06   6.82431800000E-06   6.74795400000E-06
   6.63839200000E-06   6.53440200000E-06   6.43556300000E-06   6.34147900000E-06
   6.25179900000E-06   6.16622600000E-06   6.08446500000E-06   6.00626300000E-06
   5.93138400000E-06   5.85961800000E-06   5.79076900000E-06   5.72466100000E-06
   5.66112400000E-06   5.60001500000E-06   5.54119100000E-06   5.48451900000E-06
   5.42989100000E-06   5.37719200000E-06   5.32632400000E-06   5.27718700000E-06
   5.22970400000E-06   5.18377600000E-06   5.09632200000E-06   5.01428000000E-06
   4.93716400000E-06   4.79606500000E-06   4.69020000000E-06   4.59355600000E-06
   4.50502800000E-06   4.42368500000E-06   4.27951900000E-06   4.15601900000E-06
   4.04942600000E-06   3.95687600000E-06   3.87613500000E-06   3.80544200000E-06
   3.74337700000E-06   3.68879100000E-06   3.64073600000E-06   3.59842500000E-06
   3.52849000000E-06   3.47481200000E-06   3.43431600000E-06   3.40468300000E-06
   3.38412900000E-06   3.37125500000E-06   3.36396600000E-06   3.36859100000E-06
   3.38296100000E-06   3.40541600000E-06   3.43466900000E-06   3.46970000000E-06
   3.50969100000E-06   3.55398200000E-06   3.65338400000E-06   3.76455700000E-06
   3.88510300000E-06   4.01324400000E-06   4.12485100000E-06   4.24018600000E-06
   4.35875400000E-06   4.48015300000E-06   4.73015200000E-06   4.98808700000E-06
   5.25242100000E-06   5.52199800000E-06   5.79590100000E-06   6.07344100000E-06
   6.35407700000E-06   6.63738100000E-06   6.92301200000E-06   7.21067200000E-06
   7.79115700000E-06   8.37731300000E-06   8.96805100000E-06   9.56254600000E-06
   1.01601200000E-05   1.07602500000E-05   1.16645000000E-05   1.25727800000E-05
   1.34843400000E-05   1.43986300000E-05   1.53151700000E-05   1.62335900000E-05
   1.71536400000E-05   1.80751000000E-05   1.99216100000E-05   2.17719700000E-05
   2.36253900000E-05   2.54813100000E-05   2.70294800000E-05   2.85788300000E-05
   3.01292300000E-05   3.16805500000E-05   3.47855200000E-05   3.78930600000E-05
   4.10026500000E-05   4.41139600000E-05   4.72266600000E-05   5.03405000000E-05
   5.34553400000E-05   5.65710300000E-05   5.96874300000E-05   6.28045300000E-05
   6.90403700000E-05   7.52780100000E-05   8.15171000000E-05   8.77574000000E-05
   9.39987100000E-05   1.00240800000E-04   1.09605200000E-04   1.18970900000E-04
   1.28337700000E-04   1.37705300000E-04   1.47073700000E-04   1.56442600000E-04
   1.65812100000E-04   1.75182000000E-04   1.93923000000E-04   2.12665300000E-04
   2.31408400000E-04   2.50152400000E-04   2.65772800000E-04   2.81393700000E-04
   2.97014900000E-04   3.12636400000E-04   3.43880100000E-04   3.75124600000E-04
   4.06369800000E-04   4.37615500000E-04   4.68861700000E-04   5.00108300000E-04
   5.31354800000E-04   5.62602100000E-04   5.93849600000E-04   6.25097200000E-04
   6.87592500000E-04   7.50089300000E-04   8.12586000000E-04   8.75083000000E-04
   9.37580500000E-04   1.00007800000E-03   1.06257600000E-03   1.12507400000E-03
   1.18757300000E-03   1.25007200000E-03   1.37506900000E-03   1.50006700000E-03
   1.62506600000E-03   1.75006400000E-03   1.87506400000E-03   2.00006300000E-03
   2.12506200000E-03   2.25006200000E-03   2.37506200000E-03   2.50006200000E-03
   2.62506200000E-03   2.75006300000E-03   2.87506400000E-03   3.00006400000E-03
   3.12506500000E-03   3.25006600000E-03   3.37506700000E-03   3.50006800000E-03
   3.75007100000E-03   4.00007400000E-03   4.25007800000E-03   4.50008200000E-03
   4.75008600000E-03   5.00009000000E-03   5.25009600000E-03   5.50010000000E-03
   5.75010500000E-03   6.00011300000E-03   6.25011700000E-03   6.50012500000E-03
   6.75013100000E-03   7.00014100000E-03   7.50015600000E-03   8.00017000000E-03
   8.50018900000E-03   9.00020700000E-03   9.50022800000E-03   1.00002500000E-02
   1.05002700000E-02   1.10002900000E-02   1.15003200000E-02   1.20003400000E-02
   1.25003700000E-02   1.30004000000E-02   1.35004300000E-02   1.40004600000E-02
   1.50005200000E-02   1.62506000000E-02   1.75006900000E-02   1.87507900000E-02
   2.00009000000E-02   2.12510100000E-02   2.25011200000E-02   2.37512400000E-02
   2.50013700000E-02   2.62515000000E-02   2.75016500000E-02   2.87517900000E-02
   3.00019400000E-02   3.12521000000E-02   3.25022700000E-02   3.37524300000E-02
   3.50026000000E-02   3.75029700000E-02   4.00033600000E-02   4.25037700000E-02
   4.50041900000E-02   4.75046400000E-02   5.00051100000E-02   5.25056000000E-02
   5.50061100000E-02   5.75066400000E-02   6.00071900000E-02   6.25077500000E-02
   6.50083400000E-02   6.75089400000E-02   7.00095600000E-02   7.50108600000E-02
   8.00122100000E-02   8.50136400000E-02   9.00151300000E-02   9.50166900000E-02
   1.00018300000E-01   1.05020000000E-01   1.10021700000E-01   1.15023500000E-01
   1.20025300000E-01   1.25027200000E-01   1.30029200000E-01   1.35031100000E-01
   1.40033300000E-01   1.50037400000E-01   1.60041900000E-01   1.70046600000E-01
   1.80051400000E-01   1.90056300000E-01   2.00061500000E-01   2.10066900000E-01
   2.20072400000E-01   2.30078000000E-01   2.40083900000E-01   2.50089800000E-01
   2.62597600000E-01   2.75105500000E-01   2.87613800000E-01   3.00122400000E-01
   3.12631200000E-01   3.25140200000E-01   3.37649500000E-01   3.50159100000E-01
   3.75179200000E-01   4.00200300000E-01   4.25222700000E-01   4.50246200000E-01
   4.75271100000E-01   5.00297500000E-01   5.50354100000E-01   6.00416500000E-01
   6.50485800000E-01   7.00561700000E-01   7.50644900000E-01   8.00735600000E-01
   8.50834600000E-01   9.00942200000E-01   9.51058900000E-01   1.00118500000E+00
   1.10146600000E+00   1.20178800000E+00   1.30215500000E+00   1.40256800000E+00
   1.50302900000E+00   1.60354100000E+00   1.70410400000E+00   1.80472000000E+00
   1.90539100000E+00   2.00611700000E+00   2.10689900000E+00   2.20773900000E+00
   2.30863600000E+00   2.40959200000E+00   2.51060500000E+00   2.61167700000E+00
   2.71280700000E+00   2.81399500000E+00   2.91524200000E+00   3.01654500000E+00
   3.11790600000E+00   3.21932300000E+00   3.32079600000E+00   3.42232300000E+00
   3.52390500000E+00   3.77808800000E+00   4.03258100000E+00   4.28736700000E+00
   4.54241900000E+00   4.79771100000E+00   5.05321500000E+00   5.30890200000E+00
   5.56473900000E+00   5.82069700000E+00   6.07674000000E+00   6.33283600000E+00
   6.58895400000E+00   6.84505900000E+00   7.10112200000E+00   7.35711000000E+00
   7.61299700000E+00   7.86875300000E+00   8.12435200000E+00   8.37977400000E+00
   8.63499500000E+00   8.88999600000E+00   9.14476300000E+00   9.39928500000E+00
   9.65354800000E+00   9.90754900000E+00   1.01612900000E+01                 102
                 204   2.22464800000E+00   0.00000000000E+00                   0
                   0                   1                 634                   1
                 631   1.67298800000E+01   1.64744500000E+01   1.62303700000E+01
   1.59968300000E+01   1.57730900000E+01   1.55584800000E+01   1.53524000000E+01
   1.51542900000E+01   1.49636600000E+01   1.47800500000E+01   1.46030400000E+01
   1.44322400000E+01   1.42672900000E+01   1.39536900000E+01   1.36598900000E+01
   1.33839100000E+01   1.31240000000E+01   1.28786700000E+01   1.26466000000E+01
   1.24266500000E+01   1.22177800000E+01   1.20191000000E+01   1.18298100000E+01
   1.15619400000E+01   1.13114700000E+01   1.10766000000E+01   1.08557800000E+01
   1.06476700000E+01   1.04510800000E+01   1.02649900000E+01   1.00885000000E+01
   9.92081200000E+00   9.76121800000E+00   9.60908600000E+00   9.46385200000E+00
   9.32501000000E+00   9.19210600000E+00   9.06472600000E+00   8.94250000000E+00
   8.82508700000E+00   8.71218200000E+00   8.60350200000E+00   8.49879000000E+00
   8.39781100000E+00   8.30034700000E+00   8.11518600000E+00   7.94188800000E+00
   7.77923800000E+00   7.62618900000E+00   7.48183200000E+00   7.36759900000E+00
   7.25844300000E+00   7.15400000000E+00   7.05393900000E+00   6.95796200000E+00
   6.86580000000E+00   6.77720500000E+00   6.69195400000E+00   6.60984100000E+00
   6.53067800000E+00   6.45429300000E+00   6.38052800000E+00   6.24027900000E+00
   6.10889000000E+00   5.98546600000E+00   5.86923200000E+00   5.75951700000E+00
   5.65573300000E+00   5.55736500000E+00   5.46395700000E+00   5.37510700000E+00
   5.29045400000E+00   5.20967900000E+00   5.13249400000E+00   5.05864200000E+00
   4.98788800000E+00   4.92002200000E+00   4.85485400000E+00   4.79220800000E+00
   4.73192600000E+00   4.67386300000E+00   4.61788700000E+00   4.56387500000E+00
   4.51171600000E+00   4.41254600000E+00   4.31963900000E+00   4.23236500000E+00
   4.15017500000E+00   4.07259500000E+00   3.99920900000E+00   3.92965200000E+00
   3.86360300000E+00   3.80077600000E+00   3.74091700000E+00   3.65620600000E+00
   3.57700100000E+00   3.50273000000E+00   3.43290100000E+00   3.36708800000E+00
   3.30492100000E+00   3.24607500000E+00   3.19026500000E+00   3.13723700000E+00
   3.08676900000E+00   3.03866000000E+00   2.99273300000E+00   2.94882800000E+00
   2.90680000000E+00   2.86651900000E+00   2.82786700000E+00   2.79073800000E+00
   2.75503400000E+00   2.72066700000E+00   2.68755400000E+00   2.65562100000E+00
   2.62480100000E+00   2.56624800000E+00   2.51144600000E+00   2.46001200000E+00
   2.41161400000E+00   2.36596400000E+00   2.32984000000E+00   2.29532200000E+00
   2.26229400000E+00   2.23065200000E+00   2.20030200000E+00   2.17115700000E+00
   2.14314100000E+00   2.11618200000E+00   2.09021600000E+00   2.06518300000E+00
   2.04102800000E+00   2.01770100000E+00   1.97335000000E+00   1.93180100000E+00
   1.89277100000E+00   1.85601500000E+00   1.82132000000E+00   1.78850100000E+00
   1.75739400000E+00   1.72785600000E+00   1.69975900000E+00   1.67298900000E+00
   1.64744600000E+00   1.62303800000E+00   1.59968400000E+00   1.57730900000E+00
   1.55584800000E+00   1.53524000000E+00   1.51543000000E+00   1.49636700000E+00
   1.47800600000E+00   1.46030500000E+00   1.44322400000E+00   1.42673000000E+00
   1.39536900000E+00   1.36599000000E+00   1.33839100000E+00   1.31240100000E+00
   1.28786800000E+00   1.26466100000E+00   1.24266500000E+00   1.22177800000E+00
   1.20191100000E+00   1.18298200000E+00   1.15619400000E+00   1.13114700000E+00
   1.10766100000E+00   1.08557900000E+00   1.06476700000E+00   1.04510800000E+00
   1.02649900000E+00   1.00885000000E+00   9.92081700000E-01   9.76122300000E-01
   9.60909000000E-01   9.46385600000E-01   9.32501500000E-01   9.19211000000E-01
   9.06473000000E-01   8.94250400000E-01   8.82509200000E-01   8.71218600000E-01
   8.60350600000E-01   8.49879400000E-01   8.39781500000E-01   8.30035200000E-01
   8.11519000000E-01   7.94189200000E-01   7.77924300000E-01   7.62619300000E-01
   7.48183600000E-01   7.36760300000E-01   7.25844700000E-01   7.15400400000E-01
   7.05394300000E-01   6.95796600000E-01   6.86580400000E-01   6.77720900000E-01
   6.69195800000E-01   6.60984500000E-01   6.53068200000E-01   6.45429700000E-01
   6.38053200000E-01   6.24028300000E-01   6.10889400000E-01   5.98547000000E-01
   5.86923600000E-01   5.75952100000E-01   5.65573800000E-01   5.55736900000E-01
   5.46396200000E-01   5.37511100000E-01   5.29045800000E-01   5.20968300000E-01
   5.13249900000E-01   5.05864600000E-01   4.98789200000E-01   4.92002700000E-01
   4.85485800000E-01   4.79221200000E-01   4.73193000000E-01   4.67386800000E-01
   4.61789100000E-01   4.56387900000E-01   4.51171900000E-01   4.41254800000E-01
   4.31964200000E-01   4.23236800000E-01   4.15017800000E-01   4.07259800000E-01
   3.99921200000E-01   3.92965600000E-01   3.86360600000E-01   3.80077900000E-01
   3.74092100000E-01   3.68046000000E-01   3.62283900000E-01   3.56784200000E-01
   3.51527700000E-01   3.46496800000E-01   3.41675900000E-01   3.37050800000E-01
   3.32608600000E-01   3.25249500000E-01   3.18358300000E-01   3.11887400000E-01
   3.05795700000E-01   3.00047500000E-01   2.94611700000E-01   2.89461100000E-01
   2.84571400000E-01   2.80680700000E-01   2.76945300000E-01   2.73355100000E-01
   2.69901100000E-01   2.66574800000E-01   2.63368500000E-01   2.60275200000E-01
   2.57288400000E-01   2.51610800000E-01   2.46293200000E-01   2.41299100000E-01
   2.36597000000E-01   2.32984700000E-01   2.29532900000E-01   2.26230100000E-01
   2.23065900000E-01   2.20030900000E-01   2.17116400000E-01   2.14314800000E-01
   2.11619000000E-01   2.09022300000E-01   2.06519000000E-01   2.04103500000E-01
   2.01770800000E-01   1.97335800000E-01   1.93180900000E-01   1.89277900000E-01
   1.85602300000E-01   1.82132800000E-01   1.78850900000E-01   1.75740300000E-01
   1.72786500000E-01   1.69976800000E-01   1.67299900000E-01   1.64745500000E-01
   1.62304800000E-01   1.59969400000E-01   1.57732000000E-01   1.55585900000E-01
   1.53525100000E-01   1.51544100000E-01   1.49637800000E-01   1.47801700000E-01
   1.46031600000E-01   1.44323600000E-01   1.42674200000E-01   1.39538200000E-01
   1.36600300000E-01   1.33840500000E-01   1.31241400000E-01   1.28788200000E-01
   1.26467600000E-01   1.24268000000E-01   1.22179400000E-01   1.20192700000E-01
   1.18299900000E-01   1.15621100000E-01   1.13116500000E-01   1.10768000000E-01
   1.08559900000E-01   1.06478800000E-01   1.04513000000E-01   1.02652200000E-01
   1.00887400000E-01   9.92106000000E-02   9.76147400000E-02   9.60935000000E-02
   9.46412500000E-02   9.32529300000E-02   9.19239700000E-02   9.06502600000E-02
   8.94280800000E-02   8.82540400000E-02   8.71250700000E-02   8.60383500000E-02
   8.49913100000E-02   8.39816000000E-02   8.30070500000E-02   8.11555800000E-02
   7.94227500000E-02   7.77963900000E-02   7.48225700000E-02   7.25888700000E-02
   7.05439800000E-02   6.86627300000E-02   6.69243900000E-02   6.38102900000E-02
   6.10939900000E-02   5.86974100000E-02   5.65623600000E-02   5.46444800000E-02
   5.29092800000E-02   5.13294900000E-02   4.98832200000E-02   4.85526600000E-02
   4.73231800000E-02   4.51207100000E-02   4.31996600000E-02   4.15047900000E-02
   3.99949400000E-02   3.86387000000E-02   3.74116900000E-02   3.57723500000E-02
   3.43312900000E-02   3.30515400000E-02   3.19050400000E-02   3.08701100000E-02
   2.99297000000E-02   2.90702000000E-02   2.82806500000E-02   2.68770000000E-02
   2.56636200000E-02   2.46012000000E-02   2.36608000000E-02   2.29544100000E-02
   2.23076500000E-02   2.17125400000E-02   2.11625600000E-02   2.01772900000E-02
   1.93181300000E-02   1.85605400000E-02   1.78859200000E-02   1.72798500000E-02
   1.67312000000E-02   1.62314100000E-02   1.57737300000E-02   1.53526600000E-02
   1.49635900000E-02   1.42667000000E-02   1.36590100000E-02   1.31232700000E-02
   1.26464500000E-02   1.22178900000E-02   1.18295100000E-02   1.13102900000E-02
   1.08541800000E-02   1.04494600000E-02   1.00874000000E-02   9.76050500000E-03
   9.46301000000E-03   9.19096900000E-03   8.94109500000E-03   8.49697600000E-03
   8.11308200000E-03   7.77697600000E-03   7.47987000000E-03   7.25665600000E-03
   7.05193400000E-03   6.86353000000E-03   6.68945700000E-03   6.37766900000E-03
   6.10576000000E-03   5.86591500000E-03   5.65286800000E-03   5.46144900000E-03
   5.28766600000E-03   5.12936900000E-03   4.98445000000E-03   4.85114900000E-03
   4.72799300000E-03   4.50741200000E-03   4.31505400000E-03   4.14537200000E-03
   3.99465200000E-03   3.85925000000E-03   3.73613100000E-03   3.57147400000E-03
   3.42689900000E-03   3.29853000000E-03   3.18383200000E-03   3.08030300000E-03
   2.98597200000E-03   2.89978900000E-03   2.82064500000E-03   2.67999400000E-03
   2.55843700000E-03   2.45201200000E-03   2.35790800000E-03   2.28694500000E-03
   2.22184200000E-03   2.16197000000E-03   2.10666400000E-03   2.00763200000E-03
   1.92129800000E-03   1.84516500000E-03   1.77747300000E-03   1.71669100000E-03
   1.66158300000E-03   1.61101900000E-03   1.56472500000E-03   1.52216100000E-03
   1.48285300000E-03   1.41249200000E-03   1.35117900000E-03   1.29713300000E-03
   1.24907400000E-03   1.20593600000E-03   1.16686100000E-03   1.13088600000E-03
   1.09796200000E-03   1.06770300000E-03   1.03976800000E-03   9.89788500000E-04
   9.46248100000E-04   9.07435400000E-04   8.72934300000E-04   8.41996000000E-04
   8.14012200000E-04   7.88284900000E-04   7.64763800000E-04   7.43161400000E-04
   7.23223800000E-04   7.04554000000E-04   6.87193900000E-04   6.71005700000E-04
   6.55857300000E-04   6.41499300000E-04   6.27994000000E-04   6.15267000000E-04
   6.03254900000E-04   5.80866800000E-04   5.60653500000E-04   5.42119700000E-04
   5.25198400000E-04   5.09524700000E-04   4.95114900000E-04   4.82860700000E-04
   4.70666100000E-04   4.58471400000E-04   4.46354800000E-04   4.36733500000E-04
   4.27189500000E-04   4.17645500000E-04   4.08158700000E-04   3.92620800000E-04
   3.77183500000E-04   3.64247600000E-04   3.51390100000E-04   3.40398000000E-04
   3.29468600000E-04   3.19975400000E-04   3.10533700000E-04   3.02226100000E-04
   2.93961700000E-04   2.86612000000E-04   2.79298900000E-04   2.72736800000E-04
   2.66206000000E-04   2.54431100000E-04   2.41933700000E-04   2.29481200000E-04
   2.19387100000E-04   2.09335600000E-04   2.00982100000E-04   1.92661800000E-04
   1.85613500000E-04   1.78591900000E-04   1.72552600000E-04   1.66535200000E-04
   1.61295200000E-04   1.56073600000E-04   1.51479900000E-04   1.46901700000E-04
   1.42839100000E-04   1.38790000000E-04   1.31562000000E-04   1.25079700000E-04
   1.19233000000E-04   1.13933500000E-04   1.09108400000E-04   1.04699200000E-04
   1.00809900000E-04   9.69302000000E-05   9.36156100000E-05   9.03103800000E-05
   8.74571700000E-05   8.46118300000E-05   8.21339300000E-05   7.96627100000E-05
   7.53315500000E-05   7.15160400000E-05   6.81351900000E-05   6.51240900000E-05
   6.24300200000E-05   6.00103600000E-05   5.79302100000E-05   5.58544000000E-05
   5.41416500000E-05   5.24330800000E-05   5.10086100000E-05   4.95875800000E-05
   4.83926100000E-05   4.72005100000E-05   4.51836000000E-05   4.34692800000E-05
   4.20049800000E-05   4.07492200000E-05   3.96688400000E-05   3.87370600000E-05
   3.79320500000E-05   3.72357700000E-05   3.66333000000E-05   3.61121200000E-05
   3.56618700000E-05   3.52254200000E-05   3.47900000000E-05   3.44944000000E-05
   3.41997900000E-05   3.40078900000E-05   3.38167400000E-05   3.37019400000E-05
   3.35877300000E-05   3.34741200000E-05   3.34473000000E-05   3.34856700000E-05
   3.35727900000E-05   3.36959500000E-05   3.38452600000E-05   3.41928700000E-05
   3.45711800000E-05   3.49523900000E-05   3.53192000000E-05   3.56611500000E-05
   3.59722400000E-05   3.62495400000E-05   3.64921000000E-05   3.67002800000E-05
   3.68753200000E-05   3.71335900000E-05   3.72841000000E-05   3.73449900000E-05
   3.73333400000E-05   3.72641700000E-05   3.71503200000E-05   3.70024400000E-05
   3.68292700000E-05   3.66378300000E-05   3.64337900000E-05   3.62216100000E-05
   3.60048200000E-05   3.57861300000E-05   3.55676900000E-05   3.53510900000E-05
   3.51375600000E-05   3.49279700000E-05   3.47229700000E-05   3.45230000000E-05
   3.43283400000E-05   3.41391300000E-05   3.39554500000E-05   3.37772500000E-05
   3.36045000000E-05   3.34370700000E-05   3.30407000000E-05   3.26737500000E-05
   3.23330700000E-05   3.20154500000E-05   3.17178700000E-05   3.14375400000E-05
   3.11719200000E-05   3.09187700000E-05   3.06760900000E-05   3.04421400000E-05
   3.02154000000E-05   2.99945500000E-05   2.97784500000E-05   2.95661100000E-05
   2.93567000000E-05   2.91495100000E-05   2.89439300000E-05   2.87394600000E-05
   2.85356900000E-05   2.83322700000E-05   2.81289400000E-05   2.79254800000E-05
   2.77217400000E-05   2.75176100000E-05   2.73130100000E-05   2.71079200000E-05
                   1                 631   1.67298800000E+01   1.64744500000E+01
   1.62303700000E+01   1.59968300000E+01   1.57730900000E+01   1.55584800000E+01
   1.53524000000E+01   1.51542900000E+01   1.49636600000E+01   1.47800500000E+01
   1.46030400000E+01   1.44322400000E+01   1.42672900000E+01   1.39536900000E+01
   1.36598900000E+01   1.33839100000E+01   1.31240000000E+01   1.28786700000E+01
   1.26466000000E+01   1.24266500000E+01   1.22177800000E+01   1.20191000000E+01
   1.18298100000E+01   1.15619400000E+01   1.13114700000E+01   1.10766000000E+01
   1.08557800000E+01   1.06476700000E+01   1.04510800000E+01   1.02649900000E+01
   1.00885000000E+01   9.92081200000E+00   9.76121800000E+00   9.60908600000E+00
   9.46385200000E+00   9.32501000000E+00   9.19210600000E+00   9.06472600000E+00
   8.94250000000E+00   8.82508700000E+00   8.71218200000E+00   8.60350200000E+00
   8.49879000000E+00   8.39781100000E+00   8.30034700000E+00   8.11518600000E+00
   7.94188800000E+00   7.77923800000E+00   7.62618900000E+00   7.48183200000E+00
   7.36759900000E+00   7.25844300000E+00   7.15400000000E+00   7.05393900000E+00
   6.95796200000E+00   6.86580000000E+00   6.77720500000E+00   6.69195400000E+00
   6.60984100000E+00   6.53067800000E+00   6.45429300000E+00   6.38052800000E+00
   6.24027900000E+00   6.10889000000E+00   5.98546600000E+00   5.86923200000E+00
   5.75951700000E+00   5.65573300000E+00   5.55736500000E+00   5.46395700000E+00
   5.37510700000E+00   5.29045400000E+00   5.20967900000E+00   5.13249400000E+00
   5.05864200000E+00   4.98788800000E+00   4.92002200000E+00   4.85485400000E+00
   4.79220800000E+00   4.73192600000E+00   4.67386300000E+00   4.61788700000E+00
   4.56387500000E+00   4.51171600000E+00   4.41254600000E+00   4.31963900000E+00
   4.23236500000E+00   4.15017500000E+00   4.07259500000E+00   3.99920900000E+00
   3.92965200000E+00   3.86360300000E+00   3.80077600000E+00   3.74091700000E+00
   3.65620600000E+00   3.57700100000E+00   3.50273000000E+00   3.43290100000E+00
   3.36708800000E+00   3.30492100000E+00   3.24607500000E+00   3.19026500000E+00
   3.13723700000E+00   3.08676900000E+00   3.03866000000E+00   2.99273300000E+00
   2.94882800000E+00   2.90680000000E+00   2.86651900000E+00   2.82786700000E+00
   2.79073800000E+00   2.75503400000E+00   2.72066700000E+00   2.68755400000E+00
   2.65562100000E+00   2.62480100000E+00   2.56624800000E+00   2.51144600000E+00
   2.46001200000E+00   2.41161400000E+00   2.36596400000E+00   2.32984000000E+00
   2.29532200000E+00   2.26229400000E+00   2.23065200000E+00   2.20030200000E+00
   2.17115700000E+00   2.14314100000E+00   2.11618200000E+00   2.09021600000E+00
   2.06518300000E+00   2.04102800000E+00   2.01770100000E+00   1.97335000000E+00
   1.93180100000E+00   1.89277100000E+00   1.85601500000E+00   1.82132000000E+00
   1.78850100000E+00   1.75739400000E+00   1.72785600000E+00   1.69975900000E+00
   1.67298900000E+00   1.64744600000E+00   1.62303800000E+00   1.59968400000E+00
   1.57730900000E+00   1.55584800000E+00   1.53524000000E+00   1.51543000000E+00
   1.49636700000E+00   1.47800600000E+00   1.46030500000E+00   1.44322400000E+00
   1.42673000000E+00   1.39536900000E+00   1.36599000000E+00   1.33839100000E+00
   1.31240100000E+00   1.28786800000E+00   1.26466100000E+00   1.24266500000E+00
   1.22177800000E+00   1.20191100000E+00   1.18298200000E+00   1.15619400000E+00
   1.13114700000E+00   1.10766100000E+00   1.08557900000E+00   1.06476700000E+00
   1.04510800000E+00   1.02649900000E+00   1.00885000000E+00   9.92081700000E-01
   9.76122300000E-01   9.60909000000E-01   9.46385600000E-01   9.32501500000E-01
   9.19211000000E-01   9.06473000000E-01   8.94250400000E-01   8.82509200000E-01
   8.71218600000E-01   8.60350600000E-01   8.49879400000E-01   8.39781500000E-01
   8.30035200000E-01   8.11519000000E-01   7.94189200000E-01   7.77924300000E-01
   7.62619300000E-01   7.48183600000E-01   7.36760300000E-01   7.25844700000E-01
   7.15400400000E-01   7.05394300000E-01   6.95796600000E-01   6.86580400000E-01
   6.77720900000E-01   6.69195800000E-01   6.60984500000E-01   6.53068200000E-01
   6.45429700000E-01   6.38053200000E-01   6.24028300000E-01   6.10889400000E-01
   5.98547000000E-01   5.86923600000E-01   5.75952100000E-01   5.65573800000E-01
   5.55736900000E-01   5.46396200000E-01   5.37511100000E-01   5.29045800000E-01
   5.20968300000E-01   5.13249900000E-01   5.05864600000E-01   4.98789200000E-01
   4.92002700000E-01   4.85485800000E-01   4.79221200000E-01   4.73193000000E-01
   4.67386800000E-01   4.61789100000E-01   4.56387900000E-01   4.51171900000E-01
   4.41254800000E-01   4.31964200000E-01   4.23236800000E-01   4.15017800000E-01
   4.07259800000E-01   3.99921200000E-01   3.92965600000E-01   3.86360600000E-01
   3.80077900000E-01   3.74092100000E-01   3.68046000000E-01   3.62283900000E-01
   3.56784200000E-01   3.51527700000E-01   3.46496800000E-01   3.41675900000E-01
   3.37050800000E-01   3.32608600000E-01   3.25249500000E-01   3.18358300000E-01
   3.11887400000E-01   3.05795700000E-01   3.00047500000E-01   2.94611700000E-01
   2.89461100000E-01   2.84571400000E-01   2.80680700000E-01   2.76945300000E-01
   2.73355100000E-01   2.69901100000E-01   2.66574800000E-01   2.63368500000E-01
   2.60275200000E-01   2.57288400000E-01   2.51610800000E-01   2.46293200000E-01
   2.41299100000E-01   2.36597000000E-01   2.32984700000E-01   2.29532900000E-01
   2.26230100000E-01   2.23065900000E-01   2.20030900000E-01   2.17116400000E-01
   2.14314800000E-01   2.11619000000E-01   2.09022300000E-01   2.06519000000E-01
   2.04103500000E-01   2.01770800000E-01   1.97335800000E-01   1.93180900000E-01
   1.89277900000E-01   1.85602300000E-01   1.82132800000E-01   1.78850900000E-01
   1.75740300000E-01   1.72786500000E-01   1.69976800000E-01   1.67299900000E-01
   1.64745500000E-01   1.62304800000E-01   1.59969400000E-01   1.57732000000E-01
   1.55585900000E-01   1.53525100000E-01   1.51544100000E-01   1.49637800000E-01
   1.47801700000E-01   1.46031600000E-01   1.44323600000E-01   1.42674200000E-01
   1.39538200000E-01   1.36600300000E-01   1.33840500000E-01   1.31241400000E-01
   1.28788200000E-01   1.26467600000E-01   1.24268000000E-01   1.22179400000E-01
   1.20192700000E-01   1.18299900000E-01   1.15621100000E-01   1.13116500000E-01
   1.10768000000E-01   1.08559900000E-01   1.06478800000E-01   1.04513000000E-01
   1.02652200000E-01   1.00887400000E-01   9.92106000000E-02   9.76147400000E-02
   9.60935000000E-02   9.46412500000E-02   9.32529300000E-02   9.19239700000E-02
   9.06502600000E-02   8.94280800000E-02   8.82540400000E-02   8.71250700000E-02
   8.60383500000E-02   8.49913100000E-02   8.39816000000E-02   8.30070500000E-02
   8.11555800000E-02   7.94227500000E-02   7.77963900000E-02   7.48225700000E-02
   7.25888700000E-02   7.05439800000E-02   6.86627300000E-02   6.69243900000E-02
   6.38102900000E-02   6.10939900000E-02   5.86974100000E-02   5.65623600000E-02
   5.46444800000E-02   5.29092800000E-02   5.13294900000E-02   4.98832200000E-02
   4.85526600000E-02   4.73231800000E-02   4.51207100000E-02   4.31996600000E-02
   4.15047900000E-02   3.99949400000E-02   3.86387000000E-02   3.74116900000E-02
   3.57723500000E-02   3.43312900000E-02   3.30515400000E-02   3.19050400000E-02
   3.08701100000E-02   2.99297000000E-02   2.90702000000E-02   2.82806500000E-02
   2.68770000000E-02   2.56636200000E-02   2.46012000000E-02   2.36608000000E-02
   2.29544100000E-02   2.23076500000E-02   2.17125400000E-02   2.11625600000E-02
   2.01772900000E-02   1.93181300000E-02   1.85605400000E-02   1.78859200000E-02
   1.72798500000E-02   1.67312000000E-02   1.62314100000E-02   1.57737300000E-02
   1.53526600000E-02   1.49635900000E-02   1.42667000000E-02   1.36590100000E-02
   1.31232700000E-02   1.26464500000E-02   1.22178900000E-02   1.18295100000E-02
   1.13102900000E-02   1.08541800000E-02   1.04494600000E-02   1.00874000000E-02
   9.76050500000E-03   9.46301000000E-03   9.19096900000E-03   8.94109500000E-03
   8.49697600000E-03   8.11308200000E-03   7.77697600000E-03   7.47987000000E-03
   7.25665600000E-03   7.05193400000E-03   6.86353000000E-03   6.68945700000E-03
   6.37766900000E-03   6.10576000000E-03   5.86591500000E-03   5.65286800000E-03
   5.46144900000E-03   5.28766600000E-03   5.12936900000E-03   4.98445000000E-03
   4.85114900000E-03   4.72799300000E-03   4.50741200000E-03   4.31505400000E-03
   4.14537200000E-03   3.99465200000E-03   3.85925000000E-03   3.73613100000E-03
   3.57147400000E-03   3.42689900000E-03   3.29853000000E-03   3.18383200000E-03
   3.08030300000E-03   2.98597200000E-03   2.89978900000E-03   2.82064500000E-03
   2.67999400000E-03   2.55843700000E-03   2.45201200000E-03   2.35790800000E-03
   2.28694500000E-03   2.22184200000E-03   2.16197000000E-03   2.10666400000E-03
   2.00763200000E-03   1.92129800000E-03   1.84516500000E-03   1.77747300000E-03
   1.71669100000E-03   1.66158300000E-03   1.61101900000E-03   1.56472500000E-03
   1.52216100000E-03   1.48285300000E-03   1.41249200000E-03   1.35117900000E-03
   1.29713300000E-03   1.24907400000E-03   1.20593600000E-03   1.16686100000E-03
   1.13088600000E-03   1.09796200000E-03   1.06770300000E-03   1.03976800000E-03
   9.89788500000E-04   9.46248100000E-04   9.07435400000E-04   8.72934300000E-04
   8.41996000000E-04   8.14012200000E-04   7.88284900000E-04   7.64763800000E-04
   7.43161400000E-04   7.23223800000E-04   7.04554000000E-04   6.87193900000E-04
   6.71005700000E-04   6.55857300000E-04   6.41499300000E-04   6.27994000000E-04
   6.15267000000E-04   6.03254900000E-04   5.80866800000E-04   5.60653500000E-04
   5.42119700000E-04   5.25198400000E-04   5.09524700000E-04   4.95114900000E-04
   4.82860700000E-04   4.70666100000E-04   4.58471400000E-04   4.46354800000E-04
   4.36733500000E-04   4.27189500000E-04   4.17645500000E-04   4.08158700000E-04
   3.92620800000E-04   3.77183500000E-04   3.64247600000E-04   3.51390100000E-04
   3.40398000000E-04   3.29468600000E-04   3.19975400000E-04   3.10533700000E-04
   3.02226100000E-04   2.93961700000E-04   2.86612000000E-04   2.79298900000E-04
   2.72736800000E-04   2.66206000000E-04   2.54431100000E-04   2.41933700000E-04
   2.29481200000E-04   2.19387100000E-04   2.09335600000E-04   2.00982100000E-04
   1.92661800000E-04   1.85613500000E-04   1.78591900000E-04   1.72552600000E-04
   1.66535200000E-04   1.61295200000E-04   1.56073600000E-04   1.51479900000E-04
   1.46901700000E-04   1.42839100000E-04   1.38790000000E-04   1.31562000000E-04
   1.25079700000E-04   1.19233000000E-04   1.13933500000E-04   1.09108400000E-04
   1.04699200000E-04   1.00809900000E-04   9.69302000000E-05   9.36156100000E-05
   9.03103800000E-05   8.74571700000E-05   8.46118300000E-05   8.21339300000E-05
   7.96627100000E-05   7.53315500000E-05   7.15160400000E-05   6.81351900000E-05
   6.51240900000E-05   6.24300200000E-05   6.00103600000E-05   5.79302100000E-05
   5.58544000000E-05   5.41416500000E-05   5.24330800000E-05   5.10086100000E-05
   4.95875800000E-05   4.83926100000E-05   4.72005100000E-05   4.51836000000E-05
   4.34692800000E-05   4.20049800000E-05   4.07492200000E-05   3.96688400000E-05
   3.87370600000E-05   3.79320500000E-05   3.72357700000E-05   3.66333000000E-05
   3.61121200000E-05   3.56618700000E-05   3.52254200000E-05   3.47900000000E-05
   3.44944000000E-05   3.41997900000E-05   3.40078900000E-05   3.38167400000E-05
   3.37019400000E-05   3.35877300000E-05   3.34741200000E-05   3.34473000000E-05
   3.34856700000E-05   3.35727900000E-05   3.36959500000E-05   3.38452600000E-05
   3.41928700000E-05   3.45711800000E-05   3.49523900000E-05   3.53192000000E-05
   3.56611500000E-05   3.59722400000E-05   3.62495400000E-05   3.64921000000E-05
   3.67002800000E-05   3.68753200000E-05   3.71335900000E-05   3.72841000000E-05
   3.73449900000E-05   3.73333400000E-05   3.72641700000E-05   3.71503200000E-05
   3.70024400000E-05   3.68292700000E-05   3.66378300000E-05   3.64337900000E-05
   3.62216100000E-05   3.60048200000E-05   3.57861300000E-05   3.55676900000E-05
   3.53510900000E-05   3.51375600000E-05   3.49279700000E-05   3.47229700000E-05
   3.45230000000E-05   3.43283400000E-05   3.41391300000E-05   3.39554500000E-05
   3.37772500000E-05   3.36045000000E-05   3.34370700000E-05   3.30407000000E-05
   3.26737500000E-05   3.23330700000E-05   3.20154500000E-05   3.17178700000E-05
   3.14375400000E-05   3.11719200000E-05   3.09187700000E-05   3.06760900000E-05
   3.04421400000E-05   3.02154000000E-05   2.99945500000E-05   2.97784500000E-05
   2.95661100000E-05   2.93567000000E-05   2.91495100000E-05   2.89439300000E-05
   2.87394600000E-05   2.85356900000E-05   2.83322700000E-05   2.81289400000E-05
   2.79254800000E-05   2.77217400000E-05   2.75176100000E-05   2.73130100000E-05
   2.71079200000E-05                   1                 153   1.00000000000E-11
   2.00000000000E-11   5.00000000000E-11   1.00000000000E-10   2.00000000000E-10
   5.00000000000E-10   1.00000000000E-09   2.00000000000E-09   5.00000000000E-09
   1.00000000000E-08   2.53000000000E-08   1.00000000000E-07   2.00000000000E-07
   5.00000000000E-07   1.00000000000E-06   2.00000000000E-06   5.00000000000E-06
   1.00000000000E-05   2.00000000000E-05   5.00000000000E-05   1.00000000000E-04
   2.00000000000E-04   5.00000000000E-04   1.00000000000E-03   2.00000000000E-03
   3.00000000000E-03   4.00000000000E-03   5.00000000000E-03   6.00000000000E-03
   7.00000000000E-03   8.00000000000E-03   9.00000000000E-03   1.00000000000E-02
   1.20000000000E-02   1.40000000000E-02   1.60000000000E-02   1.80000000000E-02
   2.00000000000E-02   2.20000000000E-02   2.40000000000E-02   2.60000000000E-02
   2.80000000000E-02   3.00000000000E-02   3.50000000000E-02   4.00000000000E-02
   4.50000000000E-02   5.00000000000E-02   5.50000000000E-02   6.00000000000E-02
   6.50000000000E-02   7.00000000000E-02   7.50000000000E-02   8.00000000000E-02
   8.50000000000E-02   9.00000000000E-02   9.50000000000E-02   1.00000000000E-01
   1.10000000000E-01   1.20000000000E-01   1.30000000000E-01   1.40000000000E-01
   1.50000000000E-01   1.60000000000E-01   1.70000000000E-01   1.80000000000E-01
   1.90000000000E-01   2.00000000000E-01   2.20000000000E-01   2.40000000000E-01
   2.60000000000E-01   2.80000000000E-01   3.00000000000E-01   3.20000000000E-01
   3.40000000000E-01   3.60000000000E-01   3.80000000000E-01   4.00000000000E-01
   4.20000000000E-01   4.40000000000E-01   4.60000000000E-01   4.80000000000E-01
   5.00000000000E-01   5.50000000000E-01   6.00000000000E-01   6.50000000000E-01
   7.00000000000E-01   7.50000000000E-01   8.00000000000E-01   8.50000000000E-01
   9.00000000000E-01   9.50000000000E-01   1.00000000000E+00   1.10000000000E+00
   1.20000000000E+00   1.30000000000E+00   1.40000000000E+00   1.50000000000E+00
   1.60000000000E+00   1.70000000000E+00   1.80000000000E+00   1.90000000000E+00
   2.00000000000E+00   2.20000000000E+00   2.40000000000E+00   2.60000000000E+00
   2.80000000000E+00   3.00000000000E+00   3.20000000000E+00   3.40000000000E+00
   3.60000000000E+00   3.80000000000E+00   4.00000000000E+00   4.20000000000E+00
   4.40000000000E+00   4.60000000000E+00   4.80000000000E+00   5.00000000000E+00
   5.20000000000E+00   5.40000000000E+00   5.60000000000E+00   5.80000000000E+00
   6.00000000000E+00   6.20000000000E+00   6.40000000000E+00   6.60000000000E+00
   6.80000000000E+00   7.00000000000E+00   7.50000000000E+00   8.00000000000E+00
   8.50000000000E+00   9.00000000000E+00   9.50000000000E+00   1.00000000000E+01
   1.05000000000E+01   1.10000000000E+01   1.15000000000E+01   1.20000000000E+01
   1.25000000000E+01   1.30000000000E+01   1.35000000000E+01   1.40000000000E+01
   1.45000000000E+01   1.50000000000E+01   1.55000000000E+01   1.60000000000E+01
   1.65000000000E+01   1.70000000000E+01   1.75000000000E+01   1.80000000000E+01
   1.85000000000E+01   1.90000000000E+01   1.95000000000E+01   2.00000000000E+01
                -308                -319                -330                -341
                -352                -363                -374                -385
                -396                -407                -418                -429
                -440                -451                -462                -473
                -484                -495                -506                -517
                -528                -539                -550                -561
                -572                -583                -594                -605
                -616                -627                -638                -649
                -660                -671                -682                -693
                -704                -715                -726                -737
                -748                -759                -770                -781
                -792                -803                -814                -825
                -836                -847                -858                -869
                -880                -891                -902                -913
                -924                -935                -946                -957
                -968                -979                -990               -1001
               -1012               -1023               -1034               -1045
               -1056               -1067               -1078               -1089
               -1100               -1111               -1122               -1133
               -1144               -1155               -1166               -1177
               -1188               -1199               -1210               -1221
               -1232               -1243               -1254               -1265
               -1276               -1287               -1298               -1309
               -1320               -1331               -1342               -1353
               -1364               -1375               -1386               -1397
               -1408               -1419               -1430               -1441
               -1452               -1463               -1474               -1485
               -1496               -1507               -1518               -1529
               -1540               -1551               -1562               -1573
               -1584               -1595               -1606               -1617
               -1628               -1639               -1650               -1661
               -1672               -1683               -1694               -1705
               -1716               -1727               -1738               -1749
               -1760               -1771               -1782               -1796
               -1810               -1824               -1838               -1852
               -1866               -1880               -1897               -1914
               -1931               -1951               -1971               -1991
               -2014               -2037               -2060               -2083
               -2109                   2                   3  -1.00000000000E+00
   0.00000000000E+00   1.00000000000E+00   5.00000000000E-01   5.00000000000E-01
   5.00000000000E-01   0.00000000000E+00   5.00000000000E-01   1.00000000000E+00
                   2                   3  -1.00000000000E+00   0.00000000000E+00
   1.00000000000E+00   5.00000000000E-01   5.00000000000E-01   5.00000000000E-01
   0.00000000000E+00   5.00000000000E-01   1.00000000000E+00                   2
                   3  -1.00000000000E+00   0.00000000000E+00   1.00000000000E+00
   5.00000000000E-01   5.00000000000E-01   5.00000000000E-01   0.00000000000E+00
   5.00000000000E-01   1.00000000000E+00                   2                   3
  -1.00000000000E+00   0.00000000000E+00   1.00000000000E+00   5.00000000000E-01
   5.00000000000E-01   5.00000000000E-01   0.00000000000E+00   5.00000000000E-01
   1.00000000000E+00                   2                   3  -1.00000000000E+00
   0.00000000000E+00   1.00000000000E+00   5.00000000000E-01   5.00000000000E-01
   5.00000000000E-01   0.00000000000E+00   5.00000000000E-01   1.00000000000E+00
                   2                   3  -1.00000000000E+00   0.00000000000E+00
   1.00000000000E+00   5.00000000000E-01   5.00000000000E-01   5.00000000000E-01
   0.00000000000E+00   5.00000000000E-01   1.00000000000E+00                   2
                   3  -1.00000000000E+00   0.00000000000E+00   1.00000000000E+00
   5.00000000000E-01   5.00000000000E-01   5.00000000000E-01   0.00000000000E+00
   5.00000000000E-01   1.00000000000E+00                   2                   3
  -1.00000000000E+00   0.00000000000E+00   1.00000000000E+00   5.00000000000E-01
   5.00000000000E-01   5.00000000000E-01   0.00000000000E+00   5.00000000000E-01
   1.00000000000E+00                   2                   3  -1.00000000000E+00
   0.00000000000E+00   1.00000000000E+00   5.00000000000E-01   5.00000000000E-01
   5.00000000000E-01   0.00000000000E+00   5.00000000000E-01   1.00000000000E+00
                   2                   3  -1.00000000000E+00   0.00000000000E+00
   1.00000000000E+00   5.00000000000E-01   5.00000000000E-01   5.00000000000E-01
   0.00000000000E+00   5.00000000000E-01   1.00000000000E+00                   2
                   3  -1.00000000000E+00   0.00000000000E+00   1.00000000000E+00
   5.00000000000E-01   5.00000000000E-01   5.00000000000E-01   0.00000000000E+00
   5.00000000000E-01   1.00000000000E+00                   2                   3
  -1.00000000000E+00   0.00000000000E+00   1.00000000000E+00   5.00000000000E-01
   5.00000000000E-01   5.00000000000E-01   0.00000000000E+00   5.00000000000E-01
   1.00000000000E+00                   2                   3  -1.00000000000E+00
   0.00000000000E+00   1.00000000000E+00   5.00000000000E-01   5.00000000000E-01
   5.00000000000E-01   0.00000000000E+00   5.00000000000E-01   1.00000000000E+00
                   2                   3  -1.00000000000E+00   0.00000000000E+00
   1.00000000000E+00   5.00000000000E-01   5.00000000000E-01   5.00000000000E-01
   0.00000000000E+00   5.00000000000E-01   1.00000000000E+00                   2
                   3  -1.00000000000E+00   0.00000000000E+00   1.00000000000E+00
   5.00000000000E-01   5.00000000000E-01   5.00000000000E-01   0.00000000000E+00
   5.00000000000E-01   1.00000000000E+00                   2                   3
  -1.00000000000E+00   0.00000000000E+00   1.00000000000E+00   5.00000000000E-01
   5.00000000000E-01   5.00000000000E-01   0.00000000000E+00   5.00000000000E-01
   1.00000000000E+00                   2                   3  -1.00000000000E+00
   0.00000000000E+00   1.00000000000E+00   5.00000000000E-01   5.00000000000E-01
   5.00000000000E-01   0.00000000000E+00   5.00000000000E-01   1.00000000000E+00
                   2                   3  -1.00000000000E+00   0.00000000000E+00
   1.00000000000E+00   5.00000000000E-01   5.00000000000E-01   5.00000000000E-01
   0.00000000000E+00   5.00000000000E-01   1.00000000000E+00                   2
                   3  -1.00000000000E+00   0.00000000000E+00   1.00000000000E+00
   5.00000000000E-01   5.00000000000E-01   5.00000000000E-01   0.00000000000E+00
   5.00000000000E-01   1.00000000000E+00                   2                   3
  -1.00000000000E+00   0.00000000000E+00   1.00000000000E+00   5.00000100000E-01
   5.00000000000E-01   4.99999900000E-01   0.00000000000E+00   5.00000100000E-01
   1.00000000000E+00                   2                   3  -1.00000000000E+00
   0.00000000000E+00   1.00000000000E+00   5.00000200000E-01   5.00000000000E-01
   4.99999800000E-01   0.00000000000E+00   5.00000100000E-01   1.00000000000E+00
                   2                   3  -1.00000000000E+00   0.00000000000E+00
   1.00000000000E+00   5.00000300000E-01   5.00000000000E-01   4.99999700000E-01
   0.00000000000E+00   5.00000200000E-01   1.00000000000E+00                   2
                   3  -1.00000000000E+00   0.00000000000E+00   1.00000000000E+00
   5.00000900000E-01   5.00000000000E-01   4.99999100000E-01   0.00000000000E+00
   5.00000500000E-01   1.00000000000E+00                   2                   3
  -1.00000000000E+00   0.00000000000E+00   1.00000000000E+00   5.00001700000E-01
   5.00000000000E-01   4.99998300000E-01   0.00000000000E+00   5.00000900000E-01
   1.00000000000E+00                   2                   3  -1.00000000000E+00
   0.00000000000E+00   1.00000000000E+00   5.00003500000E-01   5.00000000000E-01
   4.99996500000E-01   0.00000000000E+00   5.00001800000E-01   1.00000000000E+00
                   2                   3  -1.00000000000E+00   0.00000000000E+00
   1.00000000000E+00   5.00005200000E-01   5.00000000000E-01   4.99994800000E-01
   0.00000000000E+00   5.00002600000E-01   1.00000000000E+00                   2
                   3  -1.00000000000E+00   0.00000000000E+00   1.00000000000E+00
   5.00006900000E-01   5.00000000000E-01   4.99993100000E-01   0.00000000000E+00
   5.00003500000E-01   1.00000000000E+00                   2                   3
  -1.00000000000E+00   0.00000000000E+00   1.00000000000E+00   5.00008700000E-01
   5.00000000000E-01   4.99991300000E-01   0.00000000000E+00   5.00004400000E-01
   1.00000000000E+00                   2                   3  -1.00000000000E+00
   0.00000000000E+00   1.00000000000E+00   5.00010400000E-01   5.00000000000E-01
   4.99989600000E-01   0.00000000000E+00   5.00005200000E-01   1.00000000000E+00
                   2                   3  -1.00000000000E+00   0.00000000000E+00
   1.00000000000E+00   5.00012100000E-01   5.00000000000E-01   4.99987900000E-01
   0.00000000000E+00   5.00006100000E-01   1.00000000000E+00                   2
                   3  -1.00000000000E+00   0.00000000000E+00   1.00000000000E+00
   5.00013800000E-01   5.00000000000E-01   4.99986200000E-01   0.00000000000E+00
   5.00006900000E-01   1.00000000000E+00                   2                   3
  -1.00000000000E+00   0.00000000000E+00   1.00000000000E+00   5.00015500000E-01
   5.00000000000E-01   4.99984500000E-01   0.00000000000E+00   5.00007800000E-01
   1.00000000000E+00                   2                   3  -1.00000000000E+00
   0.00000000000E+00   1.00000000000E+00   5.00017200000E-01   5.00000000000E-01
   4.99982800000E-01   0.00000000000E+00   5.00008600000E-01   1.00000000000E+00
                   2                   3  -1.00000000000E+00   0.00000000000E+00
   1.00000000000E+00   5.00020600000E-01   5.00000000000E-01   4.99979400000E-01
   0.00000000000E+00   5.00010300000E-01   1.00000000000E+00                   2
                   3  -1.00000000000E+00   0.00000000000E+00   1.00000000000E+00
   5.00024000000E-01   5.00000000000E-01   4.99976000000E-01   0.00000000000E+00
   5.00012000000E-01   1.00000000000E+00                   2                   3
  -1.00000000000E+00   0.00000000000E+00   1.00000000000E+00   5.00027300000E-01
   5.00000000000E-01   4.99972700000E-01   0.00000000000E+00   5.00013700000E-01
   1.00000000000E+00                   2                   3  -1.00000000000E+00
   0.00000000000E+00   1.00000000000E+00   5.00030600000E-01   5.00000000000E-01
   4.99969400000E-01   0.00000000000E+00   5.00015300000E-01   1.00000000000E+00
                   2                   3  -1.00000000000E+00   0.00000000000E+00
   1.00000000000E+00   5.00034000000E-01   5.00000000000E-01   4.99966000000E-01
   0.00000000000E+00   5.00017000000E-01   1.00000000000E+00                   2
                   3  -1.00000000000E+00   0.00000000000E+00   1.00000000000E+00
   5.00037300000E-01   5.00000000000E-01   4.99962700000E-01   0.00000000000E+00
   5.00018700000E-01   1.00000000000E+00                   2                   3
  -1.00000000000E+00   0.00000000000E+00   1.00000000000E+00   5.00040500000E-01
   5.00000000000E-01   4.99959500000E-01   0.00000000000E+00   5.00020300000E-01
   1.00000000000E+00                   2                   3  -1.00000000000E+00
   0.00000000000E+00   1.00000000000E+00   5.00043800000E-01   5.00000000000E-01
   4.99956200000E-01   0.00000000000E+00   5.00021900000E-01   1.00000000000E+00
                   2                   3  -1.00000000000E+00   0.00000000000E+00
   1.00000000000E+00   5.00047000000E-01   5.00000000000E-01   4.99953000000E-01
   0.00000000000E+00   5.00023500000E-01   1.00000000000E+00                   2
                   3  -1.00000000000E+00   0.00000000000E+00   1.00000000000E+00
   5.00050300000E-01   5.00000000000E-01   4.99949700000E-01   0.00000000000E+00
   5.00025200000E-01   1.00000000000E+00                   2                   3
  -1.00000000000E+00   0.00000000000E+00   1.00000000000E+00   5.00058300000E-01
   5.00000000000E-01   4.99941700000E-01   0.00000000000E+00   5.00029200000E-01
   1.00000000000E+00                   2                   3  -1.00000000000E+00
   0.00000000000E+00   1.00000000000E+00   5.00066100000E-01   5.00000000000E-01
   4.99933900000E-01   0.00000000000E+00   5.00033100000E-01   1.00000000000E+00
                   2                   3  -1.00000000000E+00   0.00000000000E+00
   1.00000000000E+00   5.00073900000E-01   5.00000000000E-01   4.99926100000E-01
   0.00000000000E+00   5.00037000000E-01   1.00000000000E+00                   2
                   3  -1.00000000000E+00   0.00000000000E+00   1.00000000000E+00
   5.00081600000E-01   5.00000000000E-01   4.99918400000E-01   0.00000000000E+00
   5.00040800000E-01   1.00000000000E+00                   2                   3
  -1.00000000000E+00   0.00000000000E+00   1.00000000000E+00   5.00089200000E-01
   5.00000000000E-01   4.99910800000E-01   0.00000000000E+00   5.00044600000E-01
   1.00000000000E+00                   2                   3  -1.00000000000E+00
   0.00000000000E+00   1.00000000000E+00   5.00096700000E-01   5.00000000000E-01
   4.99903300000E-01   0.00000000000E+00   5.00048400000E-01   1.00000000000E+00
                   2                   3  -1.00000000000E+00   0.00000000000E+00
   1.00000000000E+00   5.00104100000E-01   5.00000000000E-01   4.99895900000E-01
   0.00000000000E+00   5.00052100000E-01   1.00000000000E+00                   2
                   3  -1.00000000000E+00   0.00000000000E+00   1.00000000000E+00
   5.00111400000E-01   5.00000000000E-01   4.99888600000E-01   0.00000000000E+00
   5.00055700000E-01   1.00000000000E+00                   2                   3
  -1.00000000000E+00   0.00000000000E+00   1.00000000000E+00   5.00118600000E-01
   5.00000000000E-01   4.99881400000E-01   0.00000000000E+00   5.00059300000E-01
   1.00000000000E+00                   2                   3  -1.00000000000E+00
   0.00000000000E+00   1.00000000000E+00   5.00125700000E-01   5.00000000000E-01
   4.99874300000E-01   0.00000000000E+00   5.00062900000E-01   1.00000000000E+00
                   2                   3  -1.00000000000E+00   0.00000000000E+00
   1.00000000000E+00   5.00132700000E-01   5.00000000000E-01   4.99867200000E-01
   0.00000000000E+00   5.00066400000E-01   1.00000000000E+00                   2
                   3  -1.00000000000E+00   0.00000000000E+00   1.00000000000E+00
   5.00139700000E-01   5.00000000000E-01   4.99860300000E-01   0.00000000000E+00
   5.00069900000E-01   1.00000000000E+00                   2                   3
  -1.00000000000E+00   0.00000000000E+00   1.00000000000E+00   5.00146500000E-01
   5.00000000000E-01   4.99853400000E-01   0.00000000000E+00   5.00073300000E-01
   1.00000000000E+00                   2                   3  -1.00000000000E+00
   0.00000000000E+00   1.00000000000E+00   5.00153300000E-01   5.00000000000E-01
   4.99846600000E-01   0.00000000000E+00   5.00076700000E-01   1.00000000000E+00
                   2                   3  -1.00000000000E+00   0.00000000000E+00
   1.00000000000E+00   5.00166700000E-01   5.00000100000E-01   4.99833200000E-01
   0.00000000000E+00   5.00083400000E-01   1.00000000000E+00                   2
                   3  -1.00000000000E+00   0.00000000000E+00   1.00000000000E+00
   5.00179700000E-01   5.00000100000E-01   4.99820100000E-01   0.00000000000E+00
   5.00089900000E-01   1.00000000000E+00                   2                   3
  -1.00000000000E+00   0.00000000000E+00   1.00000000000E+00   5.00192400000E-01
   5.00000100000E-01   4.99807400000E-01   0.00000000000E+00   5.00096300000E-01
   1.00000000000E+00                   2                   3  -1.00000000000E+00
   0.00000000000E+00   1.00000000000E+00   5.00204900000E-01   5.00000100000E-01
   4.99794900000E-01   0.00000000000E+00   5.00102500000E-01   1.00000000000E+00
                   2                   3  -1.00000000000E+00   0.00000000000E+00
   1.00000000000E+00   5.00217100000E-01   5.00000200000E-01   4.99782600000E-01
   0.00000000000E+00   5.00108700000E-01   1.00000000000E+00                   2
                   3  -1.00000000000E+00   0.00000000000E+00   1.00000000000E+00
   5.00229000000E-01   5.00000200000E-01   4.99770600000E-01   0.00000000000E+00
   5.00114600000E-01   1.00000000000E+00                   2                   3
  -1.00000000000E+00   0.00000000000E+00   1.00000000000E+00   5.00240600000E-01
   5.00000200000E-01   4.99758900000E-01   0.00000000000E+00   5.00120400000E-01
   1.00000000000E+00                   2                   3  -1.00000000000E+00
   0.00000000000E+00   1.00000000000E+00   5.00252100000E-01   5.00000300000E-01
   4.99747400000E-01   0.00000000000E+00   5.00126200000E-01   1.00000000000E+00
                   2                   3  -1.00000000000E+00   0.00000000000E+00
   1.00000000000E+00   5.00263300000E-01   5.00000300000E-01   4.99736100000E-01
   0.00000000000E+00   5.00131800000E-01   1.00000000000E+00                   2
                   3  -1.00000000000E+00   0.00000000000E+00   1.00000000000E+00
   5.00274300000E-01   5.00000400000E-01   4.99725000000E-01   0.00000000000E+00
   5.00137400000E-01   1.00000000000E+00                   2                   3
  -1.00000000000E+00   0.00000000000E+00   1.00000000000E+00   5.00295600000E-01
   5.00000500000E-01   4.99703400000E-01   0.00000000000E+00   5.00148100000E-01
   1.00000000000E+00                   2                   3  -1.00000000000E+00
   0.00000000000E+00   1.00000000000E+00   5.00316100000E-01   5.00000600000E-01
   4.99682600000E-01   0.00000000000E+00   5.00158400000E-01   1.00000000000E+00
                   2                   3  -1.00000000000E+00   0.00000000000E+00
   1.00000000000E+00   5.00336000000E-01   5.00000800000E-01   4.99662500000E-01
   0.00000000000E+00   5.00168400000E-01   1.00000000000E+00                   2
                   3  -1.00000000000E+00   0.00000000000E+00   1.00000000000E+00
   5.00355100000E-01   5.00001000000E-01   4.99642900000E-01   0.00000000000E+00
   5.00178100000E-01   1.00000000000E+00                   2                   3
  -1.00000000000E+00   0.00000000000E+00   1.00000000000E+00   5.00373700000E-01
   5.00001200000E-01   4.99624000000E-01   0.00000000000E+00   5.00187500000E-01
   1.00000000000E+00                   2                   3  -1.00000000000E+00
   0.00000000000E+00   1.00000000000E+00   5.00391700000E-01   5.00001400000E-01
   4.99605500000E-01   0.00000000000E+00   5.00196600000E-01   1.00000000000E+00
                   2                   3  -1.00000000000E+00   0.00000000000E+00
   1.00000000000E+00   5.00409100000E-01   5.00001700000E-01   4.99587500000E-01
   0.00000000000E+00   5.00205400000E-01   1.00000000000E+00                   2
                   3  -1.00000000000E+00   0.00000000000E+00   1.00000000000E+00
   5.00426100000E-01   5.00001900000E-01   4.99570000000E-01   0.00000000000E+00
   5.00214000000E-01   1.00000000000E+00                   2                   3
  -1.00000000000E+00   0.00000000000E+00   1.00000000000E+00   5.00442700000E-01
   5.00002300000E-01   4.99552800000E-01   0.00000000000E+00   5.00222500000E-01
   1.00000000000E+00                   2                   3  -1.00000000000E+00
   0.00000000000E+00   1.00000000000E+00   5.00458900000E-01   5.00002600000E-01
   4.99536000000E-01   0.00000000000E+00   5.00230800000E-01   1.00000000000E+00
                   2                   3  -1.00000000000E+00   0.00000000000E+00
   1.00000000000E+00   5.00474600000E-01   5.00002900000E-01   4.99519500000E-01
   0.00000000000E+00   5.00238800000E-01   1.00000000000E+00                   2
                   3  -1.00000000000E+00   0.00000000000E+00   1.00000000000E+00
   5.00490100000E-01   5.00003300000E-01   4.99503200000E-01   0.00000000000E+00
   5.00246700000E-01   1.00000000000E+00                   2                   3
  -1.00000000000E+00   0.00000000000E+00   1.00000000000E+00   5.00505200000E-01
   5.00003800000E-01   4.99487300000E-01   0.00000000000E+00   5.00254500000E-01
   1.00000000000E+00                   2                   3  -1.00000000000E+00
   0.00000000000E+00   1.00000000000E+00   5.00520100000E-01   5.00004200000E-01
   4.99471500000E-01   0.00000000000E+00   5.00262200000E-01   1.00000000000E+00
                   2                   3  -1.00000000000E+00   0.00000000000E+00
   1.00000000000E+00   5.00534700000E-01   5.00004700000E-01   4.99456000000E-01
   0.00000000000E+00   5.00269700000E-01   1.00000000000E+00                   2
                   3  -1.00000000000E+00   0.00000000000E+00   1.00000000000E+00
   5.00570300000E-01   5.00006000000E-01   4.99417800000E-01   0.00000000000E+00
   5.00288200000E-01   1.00000000000E+00                   2                   3
  -1.00000000000E+00   0.00000000000E+00   1.00000000000E+00   5.00604700000E-01
   5.00007400000E-01   4.99380400000E-01   0.00000000000E+00   5.00306100000E-01
   1.00000000000E+00                   2                   3  -1.00000000000E+00
   0.00000000000E+00   1.00000000000E+00   5.00638400000E-01   5.00009100000E-01
   4.99343400000E-01   0.00000000000E+00   5.00323800000E-01   1.00000000000E+00
                   2                   3  -1.00000000000E+00   0.00000000000E+00
   1.00000000000E+00   5.00671400000E-01   5.00011000000E-01   4.99306700000E-01
   0.00000000000E+00   5.00341200000E-01   1.00000000000E+00                   2
                   3  -1.00000000000E+00   0.00000000000E+00   1.00000000000E+00
   5.00704100000E-01   5.00013000000E-01   4.99269900000E-01   0.00000000000E+00
   5.00358600000E-01   1.00000000000E+00                   2                   3
  -1.00000000000E+00   0.00000000000E+00   1.00000000000E+00   5.00736500000E-01
   5.00015200000E-01   4.99233100000E-01   0.00000000000E+00   5.00375900000E-01
   1.00000000000E+00                   2                   3  -1.00000000000E+00
   0.00000000000E+00   1.00000000000E+00   5.00769000000E-01   5.00017600000E-01
   4.99195900000E-01   0.00000000000E+00   5.00393300000E-01   1.00000000000E+00
                   2                   3  -1.00000000000E+00   0.00000000000E+00
   1.00000000000E+00   5.00801500000E-01   5.00020200000E-01   4.99158200000E-01
   0.00000000000E+00   5.00410900000E-01   1.00000000000E+00                   2
                   3  -1.00000000000E+00   0.00000000000E+00   1.00000000000E+00
   5.00834200000E-01   5.00022900000E-01   4.99120000000E-01   0.00000000000E+00
   5.00428600000E-01   1.00000000000E+00                   2                   3
  -1.00000000000E+00   0.00000000000E+00   1.00000000000E+00   5.00867200000E-01
   5.00025800000E-01   4.99081200000E-01   0.00000000000E+00   5.00446500000E-01
   1.00000000000E+00                   2                   3  -1.00000000000E+00
   0.00000000000E+00   1.00000000000E+00   5.00934400000E-01   5.00032200000E-01
   4.99001200000E-01   0.00000000000E+00   5.00483300000E-01   1.00000000000E+00
                   2                   3  -1.00000000000E+00   0.00000000000E+00
   1.00000000000E+00   5.01003700000E-01   5.00039200000E-01   4.98917800000E-01
   0.00000000000E+00   5.00521500000E-01   1.00000000000E+00                   2
                   3  -1.00000000000E+00   0.00000000000E+00   1.00000000000E+00
   5.01075500000E-01   5.00046900000E-01   4.98830600000E-01   0.00000000000E+00
   5.00561200000E-01   1.00000000000E+00                   2                   3
  -1.00000000000E+00   0.00000000000E+00   1.00000000000E+00   5.01150200000E-01
   5.00055200000E-01   4.98739400000E-01   0.00000000000E+00   5.00602700000E-01
   1.00000000000E+00                   2                   3  -1.00000000000E+00
   0.00000000000E+00   1.00000000000E+00   5.01227900000E-01   5.00064100000E-01
   4.98643900000E-01   0.00000000000E+00   5.00646000000E-01   1.00000000000E+00
                   2                   3  -1.00000000000E+00   0.00000000000E+00
   1.00000000000E+00   5.01308800000E-01   5.00073500000E-01   4.98544100000E-01
   0.00000000000E+00   5.00691200000E-01   1.00000000000E+00                   2
                   3  -1.00000000000E+00   0.00000000000E+00   1.00000000000E+00
   5.01393100000E-01   5.00083500000E-01   4.98440000000E-01   0.00000000000E+00
   5.00738300000E-01   1.00000000000E+00                   2                   3
  -1.00000000000E+00   0.00000000000E+00   1.00000000000E+00   5.01480800000E-01
   5.00093900000E-01   4.98331400000E-01   0.00000000000E+00   5.00787400000E-01
   1.00000000000E+00                   2                   3  -1.00000000000E+00
   0.00000000000E+00   1.00000000000E+00   5.01571900000E-01   5.00104800000E-01
   4.98218400000E-01   0.00000000000E+00   5.00838400000E-01   1.00000000000E+00
                   2                   3  -1.00000000000E+00   0.00000000000E+00
   1.00000000000E+00   5.01666600000E-01   5.00116200000E-01   4.98101000000E-01
   0.00000000000E+00   5.00891400000E-01   1.00000000000E+00                   2
                   3  -1.00000000000E+00   0.00000000000E+00   1.00000000000E+00
   5.01866500000E-01   5.00140000000E-01   4.97853500000E-01   0.00000000000E+00
   5.01003300000E-01   1.00000000000E+00                   2                   3
  -1.00000000000E+00   0.00000000000E+00   1.00000000000E+00   5.02080400000E-01
   5.00165100000E-01   4.97589400000E-01   0.00000000000E+00   5.01122800000E-01
   1.00000000000E+00                   2                   3  -1.00000000000E+00
   0.00000000000E+00   1.00000000000E+00   5.02308000000E-01   5.00191200000E-01
   4.97309600000E-01   0.00000000000E+00   5.01249600000E-01   1.00000000000E+00
                   2                   3  -1.00000000000E+00   0.00000000000E+00
   1.00000000000E+00   5.02548900000E-01   5.00218100000E-01   4.97014800000E-01
   0.00000000000E+00   5.01383500000E-01   1.00000000000E+00                   2
                   3  -1.00000000000E+00   0.00000000000E+00   1.00000000000E+00
   5.02802900000E-01   5.00245500000E-01   4.96706100000E-01   0.00000000000E+00
   5.01524200000E-01   1.00000000000E+00                   2                   3
  -1.00000000000E+00   0.00000000000E+00   1.00000000000E+00   5.03069400000E-01
   5.00273100000E-01   4.96384400000E-01   0.00000000000E+00   5.01671300000E-01
   1.00000000000E+00                   2                   3  -1.00000000000E+00
   0.00000000000E+00   1.00000000000E+00   5.03347900000E-01   5.00300700000E-01
   4.96050700000E-01   0.00000000000E+00   5.01824300000E-01   1.00000000000E+00
                   2                   3  -1.00000000000E+00   0.00000000000E+00
   1.00000000000E+00   5.03638100000E-01   5.00328000000E-01   4.95706000000E-01
   0.00000000000E+00   5.01983100000E-01   1.00000000000E+00                   2
                   3  -1.00000000000E+00   0.00000000000E+00   1.00000000000E+00
   5.03939500000E-01   5.00354700000E-01   4.95351200000E-01   0.00000000000E+00
   5.02147100000E-01   1.00000000000E+00                   2                   3
  -1.00000000000E+00   0.00000000000E+00   1.00000000000E+00   5.04251500000E-01
   5.00380600000E-01   4.94987300000E-01   0.00000000000E+00   5.02316100000E-01
   1.00000000000E+00                   2                   3  -1.00000000000E+00
   0.00000000000E+00   1.00000000000E+00   5.04573800000E-01   5.00405500000E-01
   4.94615200000E-01   0.00000000000E+00   5.02489700000E-01   1.00000000000E+00
                   2                   3  -1.00000000000E+00   0.00000000000E+00
   1.00000000000E+00   5.04905900000E-01   5.00429100000E-01   4.94236000000E-01
   0.00000000000E+00   5.02667500000E-01   1.00000000000E+00                   2
                   3  -1.00000000000E+00   0.00000000000E+00   1.00000000000E+00
   5.05247300000E-01   5.00451100000E-01   4.93850400000E-01   0.00000000000E+00
   5.02849200000E-01   1.00000000000E+00                   2                   3
  -1.00000000000E+00   0.00000000000E+00   1.00000000000E+00   5.05597800000E-01
   5.00471400000E-01   4.93459400000E-01   0.00000000000E+00   5.03034600000E-01
   1.00000000000E+00                   2                   3  -1.00000000000E+00
   0.00000000000E+00   1.00000000000E+00   5.05956800000E-01   5.00489700000E-01
   4.93063900000E-01   0.00000000000E+00   5.03223300000E-01   1.00000000000E+00
                   2                   3  -1.00000000000E+00   0.00000000000E+00
   1.00000000000E+00   5.06323900000E-01   5.00505700000E-01   4.92664700000E-01
   0.00000000000E+00   5.03414800000E-01   1.00000000000E+00                   2
                   3  -1.00000000000E+00   0.00000000000E+00   1.00000000000E+00
   5.06698900000E-01   5.00519300000E-01   4.92262600000E-01   0.00000000000E+00
   5.03609100000E-01   1.00000000000E+00                   2                   3
  -1.00000000000E+00   0.00000000000E+00   1.00000000000E+00   5.07081300000E-01
   5.00530100000E-01   4.91858400000E-01   0.00000000000E+00   5.03805700000E-01
   1.00000000000E+00                   2                   3  -1.00000000000E+00
   0.00000000000E+00   1.00000000000E+00   5.07470800000E-01   5.00538100000E-01
   4.91453000000E-01   0.00000000000E+00   5.04004500000E-01   1.00000000000E+00
                   2                   3  -1.00000000000E+00   0.00000000000E+00
   1.00000000000E+00   5.07867000000E-01   5.00543000000E-01   4.91047100000E-01
   0.00000000000E+00   5.04205000000E-01   1.00000000000E+00                   2
                   3  -1.00000000000E+00   0.00000000000E+00   1.00000000000E+00
   5.08269600000E-01   5.00544500000E-01   4.90641400000E-01   0.00000000000E+00
   5.04407100000E-01   1.00000000000E+00                   2                   3
  -1.00000000000E+00   0.00000000000E+00   1.00000000000E+00   5.08678300000E-01
   5.00542500000E-01   4.90236700000E-01   0.00000000000E+00   5.04610400000E-01
   1.00000000000E+00                   2                   3  -1.00000000000E+00
   0.00000000000E+00   1.00000000000E+00   5.09092800000E-01   5.00536700000E-01
   4.89833800000E-01   0.00000000000E+00   5.04814800000E-01   1.00000000000E+00
                   2                   3  -1.00000000000E+00   0.00000000000E+00
   1.00000000000E+00   5.09512700000E-01   5.00527100000E-01   4.89433200000E-01
   0.00000000000E+00   5.05019900000E-01   1.00000000000E+00                   2
                   3  -1.00000000000E+00   0.00000000000E+00   1.00000000000E+00
   5.09937900000E-01   5.00513200000E-01   4.89035600000E-01   0.00000000000E+00
   5.05225600000E-01   1.00000000000E+00                   2                   3
  -1.00000000000E+00   0.00000000000E+00   1.00000000000E+00   5.11021700000E-01
   5.00459300000E-01   4.88059600000E-01   0.00000000000E+00   5.05740500000E-01
   1.00000000000E+00                   2                   3  -1.00000000000E+00
   0.00000000000E+00   1.00000000000E+00   5.12132300000E-01   5.00375600000E-01
   4.87116600000E-01   0.00000000000E+00   5.06254000000E-01   1.00000000000E+00
                   2                   3  -1.00000000000E+00   0.00000000000E+00
   1.00000000000E+00   5.13265900000E-01   5.00259100000E-01   4.86215900000E-01
   0.00000000000E+00   5.06762500000E-01   1.00000000000E+00                   2
                   3  -1.00000000000E+00   0.00000000000E+00   1.00000000000E+00
   5.14419000000E-01   5.00107500000E-01   4.85365900000E-01   0.00000000000E+00
   5.07263300000E-01   1.00000000000E+00                   2                   3
  -1.00000000000E+00   0.00000000000E+00   1.00000000000E+00   5.15588800000E-01
   4.99918400000E-01   4.84574500000E-01   0.00000000000E+00   5.07753600000E-01
   1.00000000000E+00                   2                   3  -1.00000000000E+00
   0.00000000000E+00   1.00000000000E+00   5.16772200000E-01   4.99689400000E-01
   4.83848900000E-01   0.00000000000E+00   5.08230800000E-01   1.00000000000E+00
                   2                   3  -1.00000000000E+00   0.00000000000E+00
   1.00000000000E+00   5.17967000000E-01   4.99418600000E-01   4.83195700000E-01
   0.00000000000E+00   5.08692800000E-01   1.00000000000E+00                   2
                   4  -1.00000000000E+00  -1.25000000000E-01   8.13000000000E-01
   1.00000000000E+00   5.19266200000E-01   5.01301300000E-01   4.85792100000E-01
   4.82709300000E-01   0.00000000000E+00   4.46498300000E-01   9.09445100000E-01
   1.00000000000E+00                   2                   4  -1.00000000000E+00
  -2.50000000000E-01   6.88000000000E-01   1.00000000000E+00   5.20607200000E-01
   5.03434700000E-01   4.87405900000E-01   4.82337700000E-01   0.00000000000E+00
   3.84015738000E-01   8.48719985000E-01   1.00000000000E+00                   2
                   4  -1.00000000000E+00  -3.75000000000E-01   5.63000000000E-01
   1.00000000000E+00   5.21962400000E-01   5.05878800000E-01   4.89035700000E-01
   4.82061300000E-01   0.00000000000E+00   3.21200400000E-01   7.87815300000E-01
   1.00000000000E+00                   2                   4  -1.00000000000E+00
  -4.37000000000E-01   5.00000000000E-01   1.00000000000E+00   5.23297000000E-01
   5.07252300000E-01   4.89616400000E-01   4.81853400000E-01   0.00000000000E+00
   2.90099600000E-01   7.57132600000E-01   1.00000000000E+00                   2
                   4  -1.00000000000E+00  -5.00000000000E-01   4.38000000000E-01
   1.00000000000E+00   5.24635600000E-01   5.08823300000E-01   4.90170700000E-01
   4.81740700000E-01   0.00000000000E+00   2.58364700000E-01   7.26892900000E-01
   1.00000000000E+00                   2                   4  -1.00000000000E+00
  -5.00000000000E-01   3.13000000000E-01   1.00000000000E+00   5.26045500000E-01
   5.08932000000E-01   4.91840600000E-01   4.81788300000E-01   0.00000000000E+00
   2.58744400000E-01   6.65558500000E-01   1.00000000000E+00                   2
                   4  -1.00000000000E+00  -5.62000000000E-01   1.25000000000E-01
   1.00000000000E+00   5.27424400000E-01   5.10780000000E-01   4.94682400000E-01
   4.81904900000E-01   0.00000000000E+00   2.27366800000E-01   5.72743100000E-01
   1.00000000000E+00                   2                   5  -1.00000000000E+00
  -6.25000000000E-01  -6.25000000000E-02   7.50000000000E-01   1.00000000000E+00
   5.29049900000E-01   5.13187600000E-01   4.98092500000E-01   4.84733600000E-01
   4.82345300000E-01   0.00000000000E+00   1.95419500000E-01   4.79842000000E-01
   8.79115100000E-01   1.00000000000E+00                   2                   5
  -1.00000000000E+00  -6.25000000000E-01  -1.25000000000E-01   6.25000000000E-01
   1.00000000000E+00   5.30575400000E-01   5.13470500000E-01   4.99057000000E-01
   4.86114500000E-01   4.82793500000E-01   0.00000000000E+00   1.95758600000E-01
   4.48890500000E-01   8.18329800000E-01   1.00000000000E+00                   2
                   5  -1.00000000000E+00  -6.25000000000E-01  -1.25000000000E-01
   5.63000000000E-01   1.00000000000E+00   5.32082300000E-01   5.13678000000E-01
   4.98590300000E-01   4.86633900000E-01   4.83323900000E-01   0.00000000000E+00
   1.96080100000E-01   4.49147200000E-01   7.88064300000E-01   1.00000000000E+00
                   2                   6  -1.00000000000E+00  -6.87000000000E-01
  -2.50000000000E-01   3.75000000000E-01   9.38000000000E-01   1.00000000000E+00
   5.33650000000E-01   5.16558500000E-01   5.01281500000E-01   4.88789300000E-01
   4.83996000000E-01   4.84007900000E-01   0.00000000000E+00   1.64357616000E-01
   3.86755639000E-01   6.96152770000E-01   9.69991897000E-01   1.00000000000E+00
                   2                   6  -1.00000000000E+00  -6.87000000000E-01
  -3.12000000000E-01   2.50000000000E-01   8.13000000000E-01   1.00000000000E+00
   5.35304800000E-01   5.16958700000E-01   5.02699300000E-01   4.90267600000E-01
   4.84708700000E-01   4.84867100000E-01   0.00000000000E+00   1.64679216000E-01
   3.55865136000E-01   6.34888863000E-01   9.09344691000E-01   1.00000000000E+00
                   2                   6  -1.00000000000E+00  -6.87000000000E-01
  -3.12000000000E-01   1.88000000000E-01   7.50000000000E-01   1.00000000000E+00
   5.36929400000E-01   5.17275400000E-01   5.02286300000E-01   4.90750900000E-01
   4.85134700000E-01   4.85793000000E-01   0.00000000000E+00   1.64983100000E-01
   3.56150900000E-01   6.04410200000E-01   8.78634100000E-01   1.00000000000E+00
                   2                   7  -1.00000000000E+00  -7.50000000000E-01
  -4.37000000000E-01   0.00000000000E+00   5.00000000000E-01   9.38000000000E-01
   1.00000000000E+00   5.38638400000E-01   5.21153800000E-01   5.06258500000E-01
   4.93712000000E-01   4.86490900000E-01   4.86226800000E-01   4.86885700000E-01
   0.00000000000E+00   1.32474000000E-01   2.93264000000E-01   5.11757600000E-01
   7.56808300000E-01   9.69833500000E-01   1.00000000000E+00                   2
                   7  -1.00000000000E+00  -7.50000000000E-01  -4.37000000000E-01
  -6.25000000000E-02   4.38000000000E-01   8.75000000000E-01   1.00000000000E+00
   5.40342200000E-01   5.21652800000E-01   5.05947000000E-01   4.94462500000E-01
   4.86746300000E-01   4.86474200000E-01   4.88060700000E-01   0.00000000000E+00
   1.32749400000E-01   2.93568800000E-01   4.80895500000E-01   7.26443000000E-01
   9.39091700000E-01   1.00000000000E+00                   2                   7
  -1.00000000000E+00  -7.50000000000E-01  -4.37000000000E-01  -6.25000000000E-02
   3.75000000000E-01   8.13000000000E-01   1.00000000000E+00   5.42078000000E-01
   5.22133800000E-01   5.05595100000E-01   4.93807600000E-01   4.86948900000E-01
   4.86590700000E-01   4.89346600000E-01   0.00000000000E+00   1.33026500000E-01
   2.93866100000E-01   4.81004300000E-01   6.95544800000E-01   9.08750000000E-01
   1.00000000000E+00                   2                   7  -1.00000000000E+00
  -7.50000000000E-01  -4.37000000000E-01  -6.25000000000E-02   3.75000000000E-01
   7.50000000000E-01   1.00000000000E+00   5.43832600000E-01   5.22584100000E-01
   5.05190400000E-01   4.93105700000E-01   4.86559000000E-01   4.86553300000E-01
   4.90726700000E-01   0.00000000000E+00   1.33302100000E-01   2.94148800000E-01
   4.81079700000E-01   6.95381400000E-01   8.77840000000E-01   1.00000000000E+00
                   2                   8  -1.00000000000E+00  -8.12000000000E-01
  -5.62000000000E-01  -2.50000000000E-01   1.25000000000E-01   5.63000000000E-01
   8.75000000000E-01   1.00000000000E+00   5.45701500000E-01   5.27917900000E-01
   5.11041400000E-01   4.97628200000E-01   4.88871900000E-01   4.85851500000E-01
   4.89079200000E-01   4.92281400000E-01   0.00000000000E+00   1.00920200000E-01
   2.30790100000E-01   3.88142600000E-01   5.73111400000E-01   7.86575800000E-01
   9.38665000000E-01   1.00000000000E+00                   2                   8
  -1.00000000000E+00  -8.12000000000E-01  -5.62000000000E-01  -2.50000000000E-01
   1.25000000000E-01   5.00000000000E-01   8.13000000000E-01   1.00000000000E+00
   5.47551700000E-01   5.28641500000E-01   5.10853500000E-01   4.96942600000E-01
   4.88205900000E-01   4.85679900000E-01   4.88715100000E-01   4.93884300000E-01
   0.00000000000E+00   1.01162200000E-01   2.31099100000E-01   3.88315300000E-01
   5.73030600000E-01   7.55634200000E-01   9.08127000000E-01   1.00000000000E+00
   1.67298900000E+01   1.64744600000E+01   1.62303800000E+01   1.59968300000E+01
   1.57730900000E+01   1.55584800000E+01   1.53524000000E+01   1.51543000000E+01
   1.49636700000E+01   1.47800600000E+01   1.46030500000E+01   1.44322400000E+01
   1.42673000000E+01   1.39536900000E+01   1.36599000000E+01   1.33839100000E+01
   1.31240100000E+01   1.28786800000E+01   1.26466100000E+01   1.24266500000E+01
   1.22177800000E+01   1.20191100000E+01   1.18298200000E+01   1.15619400000E+01
   1.13114700000E+01   1.10766000000E+01   1.08557900000E+01   1.06476700000E+01
   1.04510800000E+01   1.02649900000E+01   1.00885000000E+01   9.92081600000E+00
   9.76122100000E+00   9.60908900000E+00   9.46385500000E+00   9.32501300000E+00
   9.19210800000E+00   9.06472900000E+00   8.94250200000E+00   8.82509000000E+00
   8.71218500000E+00   8.60350400000E+00   8.49879300000E+00   8.39781300000E+00
   8.30035000000E+00   8.11518900000E+00   7.94189100000E+00   7.77924100000E+00
   7.62619200000E+00   7.48183400000E+00   7.36760100000E+00   7.25844500000E+00
   7.15400200000E+00   7.05394100000E+00   6.95796500000E+00   6.86580200000E+00
   6.77720700000E+00   6.69195600000E+00   6.60984300000E+00   6.53068000000E+00
   6.45429500000E+00   6.38053000000E+00   6.24028100000E+00   6.10889200000E+00
   5.98546700000E+00   5.86923400000E+00   5.75951900000E+00   5.65573500000E+00
   5.55736700000E+00   5.46395900000E+00   5.37510800000E+00   5.29045600000E+00
   5.20968100000E+00   5.13249600000E+00   5.05864300000E+00   4.98789000000E+00
   4.92002400000E+00   4.85485500000E+00   4.79220900000E+00   4.73192700000E+00
   4.67386500000E+00   4.61788800000E+00   4.56387600000E+00   4.51171600000E+00
   4.41254500000E+00   4.31963900000E+00   4.23236500000E+00   4.15017500000E+00
   4.07259500000E+00   3.99920900000E+00   3.92965200000E+00   3.86360300000E+00
   3.80077600000E+00   3.74091700000E+00   3.65620600000E+00   3.57700200000E+00
   3.50273100000E+00   3.43290200000E+00   3.36709000000E+00   3.30492200000E+00
   3.24607600000E+00   3.19026600000E+00   3.13723800000E+00   3.08677000000E+00
   3.03866200000E+00   2.99273500000E+00   2.94883000000E+00   2.90680100000E+00
   2.86652100000E+00   2.82786900000E+00   2.79074000000E+00   2.75503600000E+00
   2.72066800000E+00   2.68755600000E+00   2.65562300000E+00   2.62480200000E+00
   2.56624900000E+00   2.51144700000E+00   2.46001300000E+00   2.41161500000E+00
   2.36596500000E+00   2.32984100000E+00   2.29532300000E+00   2.26229500000E+00
   2.23065300000E+00   2.20030200000E+00   2.17115800000E+00   2.14314200000E+00
   2.11618300000E+00   2.09021700000E+00   2.06518300000E+00   2.04102800000E+00
   2.01770100000E+00   1.97335100000E+00   1.93180200000E+00   1.89277200000E+00
   1.85601500000E+00   1.82132000000E+00   1.78850100000E+00   1.75739400000E+00
   1.72785600000E+00   1.69975900000E+00   1.67299000000E+00   1.64744600000E+00
   1.62303800000E+00   1.59968400000E+00   1.57731000000E+00   1.55584900000E+00
   1.53524100000E+00   1.51543000000E+00   1.49636700000E+00   1.47800600000E+00
   1.46030500000E+00   1.44322500000E+00   1.42673000000E+00   1.39537000000E+00
   1.36599000000E+00   1.33839200000E+00   1.31240100000E+00   1.28786800000E+00
   1.26466100000E+00   1.24266500000E+00   1.22177900000E+00   1.20191100000E+00
   1.18298200000E+00   1.15619400000E+00   1.13114700000E+00   1.10766100000E+00
   1.08557900000E+00   1.06476700000E+00   1.04510800000E+00   1.02650000000E+00
   1.00885100000E+00   9.92082100000E-01   9.76122600000E-01   9.60909400000E-01
   9.46386000000E-01   9.32501800000E-01   9.19211300000E-01   9.06473400000E-01
   8.94250700000E-01   8.82509500000E-01   8.71218900000E-01   8.60350900000E-01
   8.49879700000E-01   8.39781800000E-01   8.30035400000E-01   8.11519300000E-01
   7.94189500000E-01   7.77924500000E-01   7.62619600000E-01   7.48183900000E-01
   7.36760500000E-01   7.25845000000E-01   7.15400600000E-01   7.05394500000E-01
   6.95796900000E-01   6.86580600000E-01   6.77721200000E-01   6.69196000000E-01
   6.60984700000E-01   6.53068500000E-01   6.45430000000E-01   6.38053400000E-01
   6.24028600000E-01   6.10889700000E-01   5.98547200000E-01   5.86923800000E-01
   5.75952300000E-01   5.65574000000E-01   5.55737100000E-01   5.46396400000E-01
   5.37511300000E-01   5.29046000000E-01   5.20968500000E-01   5.13250000000E-01
   5.05864800000E-01   4.98789400000E-01   4.92002900000E-01   4.85486000000E-01
   4.79221400000E-01   4.73193200000E-01   4.67387000000E-01   4.61789300000E-01
   4.56388100000E-01   4.51172100000E-01   4.41255000000E-01   4.31964400000E-01
   4.23237000000E-01   4.15018000000E-01   4.07260000000E-01   3.99921400000E-01
   3.92965700000E-01   3.86360800000E-01   3.80078100000E-01   3.74092200000E-01
   3.68046200000E-01   3.62284000000E-01   3.56784400000E-01   3.51527800000E-01
   3.46496900000E-01   3.41676000000E-01   3.37050900000E-01   3.32608700000E-01
   3.25249600000E-01   3.18358500000E-01   3.11887500000E-01   3.05795800000E-01
   3.00047600000E-01   2.94611800000E-01   2.89461200000E-01   2.84571500000E-01
   2.80680800000E-01   2.76945400000E-01   2.73355200000E-01   2.69901200000E-01
   2.66574900000E-01   2.63368600000E-01   2.60275300000E-01   2.57288500000E-01
   2.51610900000E-01   2.46293300000E-01   2.41299200000E-01   2.36597100000E-01
   2.32984800000E-01   2.29533000000E-01   2.26230200000E-01   2.23066000000E-01
   2.20030900000E-01   2.17116500000E-01   2.14314900000E-01   2.11619100000E-01
   2.09022400000E-01   2.06519100000E-01   2.04103600000E-01   2.01770900000E-01
   1.97335900000E-01   1.93181000000E-01   1.89278000000E-01   1.85602400000E-01
   1.82132900000E-01   1.78851000000E-01   1.75740400000E-01   1.72786600000E-01
   1.69976900000E-01   1.67300000000E-01   1.64745600000E-01   1.62304900000E-01
   1.59969500000E-01   1.57732100000E-01   1.55586000000E-01   1.53525200000E-01
   1.51544200000E-01   1.49637900000E-01   1.47801800000E-01   1.46031700000E-01
   1.44323700000E-01   1.42674300000E-01   1.39538300000E-01   1.36600400000E-01
   1.33840600000E-01   1.31241600000E-01   1.28788300000E-01   1.26467700000E-01
   1.24268100000E-01   1.22179500000E-01   1.20192800000E-01   1.18300000000E-01
   1.15621300000E-01   1.13116700000E-01   1.10768100000E-01   1.08560000000E-01
   1.06478900000E-01   1.04513100000E-01   1.02652300000E-01   1.00887500000E-01
   9.92107200000E-02   9.76148600000E-02   9.60936200000E-02   9.46413700000E-02
   9.32530400000E-02   9.19240700000E-02   9.06503600000E-02   8.94281800000E-02
   8.82541400000E-02   8.71251600000E-02   8.60384400000E-02   8.49914000000E-02
   8.39816800000E-02   8.30071200000E-02   8.11556500000E-02   7.94228100000E-02
   7.77964400000E-02   7.48226100000E-02   7.25888900000E-02   7.05439900000E-02
   6.86627300000E-02   6.69243800000E-02   6.38102600000E-02   6.10939500000E-02
   5.86973600000E-02   5.65623100000E-02   5.46444300000E-02   5.29092300000E-02
   5.13294500000E-02   4.98831900000E-02   4.85526500000E-02   4.73231800000E-02
   4.51207200000E-02   4.31996600000E-02   4.15047900000E-02   3.99949300000E-02
   3.86387000000E-02   3.74117000000E-02   3.57723800000E-02   3.43313200000E-02
   3.30515500000E-02   3.19050300000E-02   3.08700800000E-02   2.99296600000E-02
   2.90701600000E-02   2.82806200000E-02   2.68770200000E-02   2.56636500000E-02
   2.46012200000E-02   2.36607900000E-02   2.29543900000E-02   2.23076300000E-02
   2.17125200000E-02   2.11625500000E-02   2.01773000000E-02   1.93181700000E-02
   1.85605700000E-02   1.78859100000E-02   1.72798200000E-02   1.67311600000E-02
   1.62313900000E-02   1.57737300000E-02   1.53526600000E-02   1.49635900000E-02
   1.42667100000E-02   1.36590300000E-02   1.31233000000E-02   1.26464400000E-02
   1.22178500000E-02   1.18294900000E-02   1.13103000000E-02   1.08541900000E-02
   1.04494800000E-02   1.00874000000E-02   9.76048500000E-03   9.46300300000E-03
   9.19096900000E-03   8.94109600000E-03   8.49697600000E-03   8.11308300000E-03
   7.77698400000E-03   7.47986800000E-03   7.25664500000E-03   7.05193200000E-03
   6.86353000000E-03   6.68945700000E-03   6.37766900000E-03   6.10576000000E-03
   5.86591900000E-03   5.65286900000E-03   5.46144500000E-03   5.28766600000E-03
   5.12936900000E-03   4.98445100000E-03   4.85114900000E-03   4.72799300000E-03
   4.50741200000E-03   4.31505400000E-03   4.14537200000E-03   3.99465700000E-03
   3.85925800000E-03   3.73613300000E-03   3.57147400000E-03   3.42689900000E-03
   3.29853000000E-03   3.18383800000E-03   3.08031300000E-03   2.98598000000E-03
   2.89979600000E-03   2.82065000000E-03   2.67999700000E-03   2.55844000000E-03
   2.45201400000E-03   2.35791100000E-03   2.28695400000E-03   2.22184900000E-03
   2.16197600000E-03   2.10666900000E-03   2.00763600000E-03   1.92130100000E-03
   1.84516700000E-03   1.77747800000E-03   1.71669900000E-03   1.66158900000E-03
   1.61102500000E-03   1.56473000000E-03   1.52216600000E-03   1.48285800000E-03
   1.41249500000E-03   1.35118200000E-03   1.29713500000E-03   1.24907700000E-03
   1.20594200000E-03   1.16686500000E-03   1.13089000000E-03   1.09796600000E-03
   1.06770600000E-03   1.03977000000E-03   9.89790600000E-04   9.46249300000E-04
   9.07436900000E-04   8.72936500000E-04   8.41998900000E-04   8.14014300000E-04
   7.88287200000E-04   7.64765700000E-04   7.43163200000E-04   7.23225000000E-04
   7.04555400000E-04   6.87195200000E-04   6.71006900000E-04   6.55858100000E-04
   6.41500300000E-04   6.27994900000E-04   6.15267900000E-04   6.03256000000E-04
   5.80868400000E-04   5.60654700000E-04   5.42120900000E-04   5.25199300000E-04
   5.09525700000E-04   4.95117000000E-04   4.82860500000E-04   4.70665900000E-04
   4.58471200000E-04   4.46357500000E-04   4.36733400000E-04   4.27189400000E-04
   4.17645400000E-04   4.08160700000E-04   3.92620700000E-04   3.77185100000E-04
   3.64247500000E-04   3.51391300000E-04   3.40397900000E-04   3.29469600000E-04
   3.19975300000E-04   3.10534500000E-04   3.02226000000E-04   2.93962400000E-04
   2.86611900000E-04   2.79299500000E-04   2.72736700000E-04   2.66206500000E-04
   2.54431800000E-04   2.41933700000E-04   2.29482100000E-04   2.19387100000E-04
   2.09336200000E-04   2.00982000000E-04   1.92662400000E-04   1.85613500000E-04
   1.78592300000E-04   1.72552500000E-04   1.66535500000E-04   1.61295200000E-04
   1.56073900000E-04   1.51479900000E-04   1.46902000000E-04   1.42839100000E-04
   1.38790200000E-04   1.31562200000E-04   1.25079800000E-04   1.19233200000E-04
   1.13933600000E-04   1.09108500000E-04   1.04699300000E-04   1.00809900000E-04
   9.69303900000E-05   9.36156000000E-05   9.03105300000E-05   8.74571700000E-05
   8.46119600000E-05   8.21339200000E-05   7.96628200000E-05   7.53316500000E-05
   7.15161300000E-05   6.81352700000E-05   6.51241500000E-05   6.24300800000E-05
   6.00104400000E-05   5.79302100000E-05   5.58544900000E-05   5.41416500000E-05
   5.24331500000E-05   5.10086000000E-05   4.95876400000E-05   4.83926100000E-05
   4.72005600000E-05   4.51836400000E-05   4.34693100000E-05   4.20050100000E-05
   4.07492400000E-05   3.96688600000E-05   3.87370800000E-05   3.79320700000E-05
   3.72357900000E-05   3.66333100000E-05   3.61121300000E-05   3.56618900000E-05
   3.52254200000E-05   3.47900200000E-05   3.44944000000E-05   3.41998100000E-05
   3.40078900000E-05   3.38167500000E-05   3.37019400000E-05   3.35877400000E-05
   3.34741300000E-05   3.34473000000E-05   3.34856800000E-05   3.35728000000E-05
   3.36959500000E-05   3.38452600000E-05   3.41928800000E-05   3.45711800000E-05
   3.49523900000E-05   3.53192000000E-05   3.56611500000E-05   3.59722400000E-05
   3.62495400000E-05   3.64921000000E-05   3.67002800000E-05   3.68753200000E-05
   3.71335900000E-05   3.72840900000E-05   3.73449900000E-05   3.73333300000E-05
   3.72641700000E-05   3.71503200000E-05   3.70024400000E-05   3.68292700000E-05
   3.66378300000E-05   3.64337900000E-05   3.62216100000E-05   3.60048200000E-05
   3.57861300000E-05   3.55676900000E-05   3.53510900000E-05   3.51375600000E-05
   3.49279700000E-05   3.47229700000E-05   3.45230000000E-05   3.43283400000E-05
   3.41391300000E-05   3.39554500000E-05   3.37772500000E-05   3.36045000000E-05
   3.34370700000E-05   3.30407000000E-05   3.26737500000E-05   3.23330700000E-05
   3.20154500000E-05   3.17178700000E-05   3.14375400000E-05   3.11719200000E-05
   3.09187700000E-05   3.06760900000E-05   3.04421400000E-05   3.02154000000E-05
   2.99945500000E-05   2.97784500000E-05   2.95661100000E-05   2.93567000000E-05
   2.91495100000E-05   2.89439300000E-05   2.87394600000E-05   2.85356900000E-05
   2.83322700000E-05   2.81289400000E-05   2.79254800000E-05   2.77217400000E-05
   2.75176100000E-05   2.73130100000E-05   2.71079200000E-05              102001
                   1                  16                 102                   0
                   2   1.00000000000E-11   2.00000000000E+01   1.00000000000E+00
   1.00000000000E+00                   0                   1                   0
                   4                  10                   0                   2
   1.00000000000E-11   2.00000000000E+01   1.00000000000E+00   1.00000000000E+00
                   0                 153   1.00000000000E-11   2.00000000000E-11
   5.00000000000E-11   1.00000000000E-10   2.00000000000E-10   5.00000000000E-10
   1.00000000000E-09   2.00000000000E-09   5.00000000000E-09   1.00000000000E-08
   2.53000000000E-08   1.00000000000E-07   2.00000000000E-07   5.00000000000E-07
   1.00000000000E-06   2.00000000000E-06   5.00000000000E-06   1.00000000000E-05
   2.00000000000E-05   5.00000000000E-05   1.00000000000E-04   2.00000000000E-04
   5.00000000000E-04   1.00000000000E-03   2.00000000000E-03   3.00000000000E-03
   4.00000000000E-03   5.00000000000E-03   6.00000000000E-03   7.00000000000E-03
   8.00000000000E-03   9.00000000000E-03   1.00000000000E-02   1.20000000000E-02
   1.40000000000E-02   1.60000000000E-02   1.80000000000E-02   2.00000000000E-02
   2.20000000000E-02   2.40000000000E-02   2.60000000000E-02   2.80000000000E-02
   3.00000000000E-02   3.50000000000E-02   4.00000000000E-02   4.50000000000E-02
   5.00000000000E-02   5.50000000000E-02   6.00000000000E-02   6.50000000000E-02
   7.00000000000E-02   7.50000000000E-02   8.00000000000E-02   8.50000000000E-02
   9.00000000000E-02   9.50000000000E-02   1.00000000000E-01   1.10000000000E-01
   1.20000000000E-01   1.30000000000E-01   1.40000000000E-01   1.50000000000E-01
   1.60000000000E-01   1.70000000000E-01   1.80000000000E-01   1.90000000000E-01
   2.00000000000E-01   2.20000000000E-01   2.40000000000E-01   2.60000000000E-01
   2.80000000000E-01   3.00000000000E-01   3.20000000000E-01   3.40000000000E-01
   3.60000000000E-01   3.80000000000E-01   4.00000000000E-01   4.20000000000E-01
   4.40000000000E-01   4.60000000000E-01   4.80000000000E-01   5.00000000000E-01
   5.50000000000E-01   6.00000000000E-01   6.50000000000E-01   7.00000000000E-01
   7.50000000000E-01   8.00000000000E-01   8.50000000000E-01   9.00000000000E-01
   9.50000000000E-01   1.00000000000E+00   1.10000000000E+00   1.20000000000E+00
   1.30000000000E+00   1.40000000000E+00   1.50000000000E+00   1.60000000000E+00
   1.70000000000E+00   1.80000000000E+00   1.90000000000E+00   2.00000000000E+00
   2.20000000000E+00   2.40000000000E+00   2.60000000000E+00   2.80000000000E+00
   3.00000000000E+00   3.20000000000E+00   3.40000000000E+00   3.60000000000E+00
   3.80000000000E+00   4.00000000000E+00   4.20000000000E+00   4.40000000000E+00
   4.60000000000E+00   4.80000000000E+00   5.00000000000E+00   5.20000000000E+00
   5.40000000000E+00   5.60000000000E+00   5.80000000000E+00   6.00000000000E+00
   6.20000000000E+00   6.40000000000E+00   6.60000000000E+00   6.80000000000E+00
   7.00000000000E+00   7.50000000000E+00   8.00000000000E+00   8.50000000000E+00
   9.00000000000E+00   9.50000000000E+00   1.00000000000E+01   1.05000000000E+01
   1.10000000000E+01   1.15000000000E+01   1.20000000000E+01   1.25000000000E+01
   1.30000000000E+01   1.35000000000E+01   1.40000000000E+01   1.45000000000E+01
   1.50000000000E+01   1.55000000000E+01   1.60000000000E+01   1.65000000000E+01
   1.70000000000E+01   1.75000000000E+01   1.80000000000E+01   1.85000000000E+01
   1.90000000000E+01   1.95000000000E+01   2.00000000000E+01                 318
                 323                 328                 333                 338
                 343                 348                 353                 358
                 363                 368                 373                 378
                 383                 388                 393                 398
                 403                 408                 413                 418
                 423                 428                 433                 438
                 443                 448                 453                 458
                 463                 468                 473                 478
                 483                 488                 493                 498
                 503                 508                 513                 518
                 523                 528                 533                 538
                 543                 548                 553                 558
                 563                 568                 573                 578
                 583                 588                 593                 598
                 603                 608                 613                 618
                 623                 628                 633                 638
                 643                 648                 653                 658
                 663                 668                 673                 678
                 683                 688                 693                 698
                 703                 708                 713                 718
                 723                 728                 733                 738
                 743                 748                 753                 758
                 763                 768                 773                 778
                 783                 788                 793                 798
                 803                 808                 813                 818
                 823                 828                 833                 838
                 843                 848                 853                 858
                 863                 868                 873                 878
                 883                 888                 893                 898
                 903                 908                 913                 918
                 923                 928                 933                 938
                 943                 948                 953                 958
                 963                 968                 973                 978
                 983                 988                 993                 998
                1003                1008                1013                1018
                1023                1028                1033                1038
                1043                1048                1053                1058
                1063                1068                1073                1078
                  10                   1   2.22330000000E+00   1.00000000000E+00
   1.00000000000E+00                  10                   1   2.22330000000E+00
   1.00000000000E+00   1.00000000000E+00                  10                   1
   2.22330000000E+00   1.00000000000E+00   1.00000000000E+00                  10
                   1   2.22330000000E+00   1.00000000000E+00   1.00000000000E+00
                  10                   1   2.22330000000E+00   1.00000000000E+00
   1.00000000000E+00                  10                   1   2.22330000000E+00
   1.00000000000E+00   1.00000000000E+00                  10                   1
   2.22330000000E+00   1.00000000000E+00   1.00000000000E+00                  10
                   1   2.22330000000E+00   1.00000000000E+00   1.00000000000E+00
                  10                   1   2.22330000000E+00   1.00000000000E+00
   1.00000000000E+00                  10                   1   2.22330000000E+00
   1.00000000000E+00   1.00000000000E+00                  10                   1
   2.22330000000E+00   1.00000000000E+00   1.00000000000E+00                  10
                   1   2.22330000000E+00   1.00000000000E+00   1.00000000000E+00
                  10                   1   2.22330000000E+00   1.00000000000E+00
   1.00000000000E+00                  10                   1   2.22330000000E+00
   1.00000000000E+00   1.00000000000E+00                  10                   1
   2.22330000000E+00   1.00000000000E+00   1.00000000000E+00                  10
                   1   2.22330100000E+00   1.00000000000E+00   1.00000000000E+00
                  10                   1   2.22330200000E+00   1.00000000000E+00
   1.00000000000E+00                  10                   1   2.22330500000E+00
   1.00000000000E+00   1.00000000000E+00                  10                   1
   2.22331000000E+00   1.00000000000E+00   1.00000000000E+00                  10
                   1   2.22332500000E+00   1.00000000000E+00   1.00000000000E+00
                  10                   1   2.22335000000E+00   1.00000000000E+00
   1.00000000000E+00                  10                   1   2.22340000000E+00
   1.00000000000E+00   1.00000000000E+00                  10                   1
   2.22355000000E+00   1.00000000000E+00   1.00000000000E+00                  10
                   1   2.22380000000E+00   1.00000000000E+00   1.00000000000E+00
                  10                   1   2.22430000000E+00   1.00000000000E+00
   1.00000000000E+00                  10                   1   2.22479900000E+00
   1.00000000000E+00   1.00000000000E+00                  10                   1
   2.22529900000E+00   1.00000000000E+00   1.00000000000E+00                  10
                   1   2.22579900000E+00   1.00000000000E+00   1.00000000000E+00
                  10                   1   2.22629900000E+00   1.00000000000E+00
   1.00000000000E+00                  10                   1   2.22679900000E+00
   1.00000000000E+00   1.00000000000E+00                  10                   1
   2.22729800000E+00   1.00000000000E+00   1.00000000000E+00                  10
                   1   2.22779800000E+00   1.00000000000E+00   1.00000000000E+00
                  10                   1   2.22829800000E+00   1.00000000000E+00
   1.00000000000E+00                  10                   1   2.22929800000E+00
   1.00000000000E+00   1.00000000000E+00                  10                   1
   2.23029700000E+00   1.00000000000E+00   1.00000000000E+00                  10
                   1   2.23129700000E+00   1.00000000000E+00   1.00000000000E+00
                  10                   1   2.23229600000E+00   1.00000000000E+00
   1.00000000000E+00                  10                   1   2.23329600000E+00
   1.00000000000E+00   1.00000000000E+00                  10                   1
   2.23429500000E+00   1.00000000000E+00   1.00000000000E+00                  10
                   1   2.23529500000E+00   1.00000000000E+00   1.00000000000E+00
                  10                   1   2.23629500000E+00   1.00000000000E+00
   1.00000000000E+00                  10                   1   2.23729400000E+00
   1.00000000000E+00   1.00000000000E+00                  10                   1
   2.23829400000E+00   1.00000000000E+00   1.00000000000E+00                  10
                   1   2.24079300000E+00   1.00000000000E+00   1.00000000000E+00
                  10                   1   2.24329200000E+00   1.00000000000E+00
   1.00000000000E+00                  10                   1   2.24579100000E+00
   1.00000000000E+00   1.00000000000E+00                  10                   1
   2.24829000000E+00   1.00000000000E+00   1.00000000000E+00                  10
                   1   2.25078900000E+00   1.00000000000E+00   1.00000000000E+00
                  10                   1   2.25328800000E+00   1.00000000000E+00
   1.00000000000E+00                  10                   1   2.25578600000E+00
   1.00000000000E+00   1.00000000000E+00                  10                   1
   2.25828500000E+00   1.00000000000E+00   1.00000000000E+00                  10
                   1   2.26078400000E+00   1.00000000000E+00   1.00000000000E+00
                  10                   1   2.26328300000E+00   1.00000000000E+00
   1.00000000000E+00                  10                   1   2.26578200000E+00
   1.00000000000E+00   1.00000000000E+00                  10                   1
   2.26828100000E+00   1.00000000000E+00   1.00000000000E+00                  10
                   1   2.27078000000E+00   1.00000000000E+00   1.00000000000E+00
                  10                   1   2.27327900000E+00   1.00000000000E+00
   1.00000000000E+00                  10                   1   2.27827700000E+00
   1.00000000000E+00   1.00000000000E+00                  10                   1
   2.28327500000E+00   1.00000000000E+00   1.00000000000E+00                  10
                   1   2.28827300000E+00   1.00000000000E+00   1.00000000000E+00
                  10                   1   2.29327100000E+00   1.00000000000E+00
   1.00000000000E+00                  10                   1   2.29826900000E+00
   1.00000000000E+00   1.00000000000E+00                  10                   1
   2.30326700000E+00   1.00000000000E+00   1.00000000000E+00                  10
                   1   2.30826500000E+00   1.00000000000E+00   1.00000000000E+00
                  10                   1   2.31326300000E+00   1.00000000000E+00
   1.00000000000E+00                  10                   1   2.31826000000E+00
   1.00000000000E+00   1.00000000000E+00                  10                   1
   2.32325800000E+00   1.00000000000E+00   1.00000000000E+00                  10
                   1   2.33325400000E+00   1.00000000000E+00   1.00000000000E+00
                  10                   1   2.34325000000E+00   1.00000000000E+00
   1.00000000000E+00                  10                   1   2.35324600000E+00
   1.00000000000E+00   1.00000000000E+00                  10                   1
   2.36324200000E+00   1.00000000000E+00   1.00000000000E+00                  10
                   1   2.37323800000E+00   1.00000000000E+00   1.00000000000E+00
                  10                   1   2.38323300000E+00   1.00000000000E+00
   1.00000000000E+00                  10                   1   2.39322900000E+00
   1.00000000000E+00   1.00000000000E+00                  10                   1
   2.40322500000E+00   1.00000000000E+00   1.00000000000E+00                  10
                   1   2.41322100000E+00   1.00000000000E+00   1.00000000000E+00
                  10                   1   2.42321700000E+00   1.00000000000E+00
   1.00000000000E+00                  10                   1   2.43321300000E+00
   1.00000000000E+00   1.00000000000E+00                  10                   1
   2.44320800000E+00   1.00000000000E+00   1.00000000000E+00                  10
                   1   2.45320400000E+00   1.00000000000E+00   1.00000000000E+00
                  10                   1   2.46320000000E+00   1.00000000000E+00
   1.00000000000E+00                  10                   1   2.47319600000E+00
   1.00000000000E+00   1.00000000000E+00                  10                   1
   2.49818500000E+00   1.00000000000E+00   1.00000000000E+00                  10
                   1   2.52317500000E+00   1.00000000000E+00   1.00000000000E+00
                  10                   1   2.54816500000E+00   1.00000000000E+00
   1.00000000000E+00                  10                   1   2.57315400000E+00
   1.00000000000E+00   1.00000000000E+00                  10                   1
   2.59814400000E+00   1.00000000000E+00   1.00000000000E+00                  10
                   1   2.62313300000E+00   1.00000000000E+00   1.00000000000E+00
                  10                   1   2.64812300000E+00   1.00000000000E+00
   1.00000000000E+00                  10                   1   2.67311300000E+00
   1.00000000000E+00   1.00000000000E+00                  10                   1
   2.69810200000E+00   1.00000000000E+00   1.00000000000E+00                  10
                   1   2.72309200000E+00   1.00000000000E+00   1.00000000000E+00
                  10                   1   2.77307100000E+00   1.00000000000E+00
   1.00000000000E+00                  10                   1   2.82305000000E+00
   1.00000000000E+00   1.00000000000E+00                  10                   1
   2.87302900000E+00   1.00000000000E+00   1.00000000000E+00                  10
                   1   2.92300800000E+00   1.00000000000E+00   1.00000000000E+00
                  10                   1   2.97298800000E+00   1.00000000000E+00
   1.00000000000E+00                  10                   1   3.02296700000E+00
   1.00000000000E+00   1.00000000000E+00                  10                   1
   3.07294600000E+00   1.00000000000E+00   1.00000000000E+00                  10
                   1   3.12292500000E+00   1.00000000000E+00   1.00000000000E+00
                  10                   1   3.17290400000E+00   1.00000000000E+00
   1.00000000000E+00                  10                   1   3.22288300000E+00
   1.00000000000E+00   1.00000000000E+00                  10                   1
   3.32284200000E+00   1.00000000000E+00   1.00000000000E+00                  10
                   1   3.42280000000E+00   1.00000000000E+00   1.00000000000E+00
                  10                   1   3.52275900000E+00   1.00000000000E+00
   1.00000000000E+00                  10                   1   3.62271700000E+00
   1.00000000000E+00   1.00000000000E+00                  10                   1
   3.72267500000E+00   1.00000000000E+00   1.00000000000E+00                  10
                   1   3.82263400000E+00   1.00000000000E+00   1.00000000000E+00
                  10                   1   3.92259200000E+00   1.00000000000E+00
   1.00000000000E+00                  10                   1   4.02255000000E+00
   1.00000000000E+00   1.00000000000E+00                  10                   1
   4.12250900000E+00   1.00000000000E+00   1.00000000000E+00                  10
                   1   4.22246700000E+00   1.00000000000E+00   1.00000000000E+00
                  10                   1   4.32242500000E+00   1.00000000000E+00
   1.00000000000E+00                  10                   1   4.42238400000E+00
   1.00000000000E+00   1.00000000000E+00                  10                   1
   4.52234200000E+00   1.00000000000E+00   1.00000000000E+00                  10
                   1   4.62230000000E+00   1.00000000000E+00   1.00000000000E+00
                  10                   1   4.72225900000E+00   1.00000000000E+00
   1.00000000000E+00                  10                   1   4.82221700000E+00
   1.00000000000E+00   1.00000000000E+00                  10                   1
   4.92217500000E+00   1.00000000000E+00   1.00000000000E+00                  10
                   1   5.02213400000E+00   1.00000000000E+00   1.00000000000E+00
                  10                   1   5.12209200000E+00   1.00000000000E+00
   1.00000000000E+00                  10                   1   5.22205000000E+00
   1.00000000000E+00   1.00000000000E+00                  10                   1
   5.32200900000E+00   1.00000000000E+00   1.00000000000E+00                  10
                   1   5.42196700000E+00   1.00000000000E+00   1.00000000000E+00
                  10                   1   5.52192500000E+00   1.00000000000E+00
   1.00000000000E+00                  10                   1   5.62188400000E+00
   1.00000000000E+00   1.00000000000E+00                  10                   1
   5.72184200000E+00   1.00000000000E+00   1.00000000000E+00                  10
                   1   5.97173800000E+00   1.00000000000E+00   1.00000000000E+00
                  10                   1   6.22163400000E+00   1.00000000000E+00
   1.00000000000E+00                  10                   1   6.47153000000E+00
   1.00000000000E+00   1.00000000000E+00                  10                   1
   6.72142600000E+00   1.00000000000E+00   1.00000000000E+00                  10
                   1   6.97132200000E+00   1.00000000000E+00   1.00000000000E+00
                  10                   1   7.22121700000E+00   1.00000000000E+00
   1.00000000000E+00                  10                   1   7.47111300000E+00
   1.00000000000E+00   1.00000000000E+00                  10                   1
   7.72100900000E+00   1.00000000000E+00   1.00000000000E+00                  10
                   1   7.97090500000E+00   1.00000000000E+00   1.00000000000E+00
                  10                   1   8.22080100000E+00   1.00000000000E+00
   1.00000000000E+00                  10                   1   8.47069700000E+00
   1.00000000000E+00   1.00000000000E+00                  10                   1
   8.72059300000E+00   1.00000000000E+00   1.00000000000E+00                  10
                   1   8.97048800000E+00   1.00000000000E+00   1.00000000000E+00
                  10                   1   9.22038400000E+00   1.00000000000E+00
   1.00000000000E+00                  10                   1   9.47028000000E+00
   1.00000000000E+00   1.00000000000E+00                  10                   1
   9.72017600000E+00   1.00000000000E+00   1.00000000000E+00                  10
                   1   9.97007200000E+00   1.00000000000E+00   1.00000000000E+00
                  10                   1   1.02199700000E+01   1.00000000000E+00
   1.00000000000E+00                  10                   1   1.04698600000E+01
   1.00000000000E+00   1.00000000000E+00                  10                   1
   1.07197600000E+01   1.00000000000E+00   1.00000000000E+00                  10
                   1   1.09696600000E+01   1.00000000000E+00   1.00000000000E+00
                  10                   1   1.12195500000E+01   1.00000000000E+00
   1.00000000000E+00                  10                   1   1.14694500000E+01
   1.00000000000E+00   1.00000000000E+00                  10                   1
   1.17193400000E+01   1.00000000000E+00   1.00000000000E+00                  10
                   1   1.19692400000E+01   1.00000000000E+00   1.00000000000E+00
                  10                   1   1.22191300000E+01   1.00000000000E+00
   1.00000000000E+00                   1                 102                  31
                   1                8304                9568                9569
                9570                9571                9579                9580
                9607                9608                9619                   1
                 631   1.67298800000E+01   1.64744500000E+01   1.62303700000E+01
   1.59968300000E+01   1.57730900000E+01   1.55584800000E+01   1.53524000000E+01
   1.51542900000E+01   1.49636600000E+01   1.47800500000E+01   1.46030400000E+01
   1.44322400000E+01   1.42672900000E+01   1.39536900000E+01   1.36598900000E+01
   1.33839100000E+01   1.31240000000E+01   1.28786700000E+01   1.26466000000E+01
   1.24266500000E+01   1.22177800000E+01   1.20191000000E+01   1.18298100000E+01
   1.15619400000E+01   1.13114700000E+01   1.10766000000E+01   1.08557800000E+01
   1.06476700000E+01   1.04510800000E+01   1.02649900000E+01   1.00885000000E+01
   9.92081200000E+00   9.76121800000E+00   9.60908600000E+00   9.46385200000E+00
   9.32501000000E+00   9.19210600000E+00   9.06472600000E+00   8.94250000000E+00
   8.82508700000E+00   8.71218200000E+00   8.60350200000E+00   8.49879000000E+00
   8.39781100000E+00   8.30034700000E+00   8.11518600000E+00   7.94188800000E+00
   7.77923800000E+00   7.62618900000E+00   7.48183200000E+00   7.36759900000E+00
   7.25844300000E+00   7.15400000000E+00   7.05393900000E+00   6.95796200000E+00
   6.86580000000E+00   6.77720500000E+00   6.69195400000E+00   6.60984100000E+00
   6.53067800000E+00   6.45429300000E+00   6.38052800000E+00   6.24027900000E+00
   6.10889000000E+00   5.98546600000E+00   5.86923200000E+00   5.75951700000E+00
   5.65573300000E+00   5.55736500000E+00   5.46395700000E+00   5.37510700000E+00
   5.29045400000E+00   5.20967900000E+00   5.13249400000E+00   5.05864200000E+00
   4.98788800000E+00   4.92002200000E+00   4.85485400000E+00   4.79220800000E+00
   4.73192600000E+00   4.67386300000E+00   4.61788700000E+00   4.56387500000E+00
   4.51171600000E+00   4.41254600000E+00   4.31963900000E+00   4.23236500000E+00
   4.15017500000E+00   4.07259500000E+00   3.99920900000E+00   3.92965200000E+00
   3.86360300000E+00   3.80077600000E+00   3.74091700000E+00   3.65620600000E+00
   3.57700100000E+00   3.50273000000E+00   3.43290100000E+00   3.36708800000E+00
   3.30492100000E+00   3.24607500000E+00   3.19026500000E+00   3.13723700000E+00
   3.08676900000E+00   3.03866000000E+00   2.99273300000E+00   2.94882800000E+00
   2.90680000000E+00   2.86651900000E+00   2.82786700000E+00   2.79073800000E+00
   2.75503400000E+00   2.72066700000E+00   2.68755400000E+00   2.65562100000E+00
   2.62480100000E+00   2.56624800000E+00   2.51144600000E+00   2.46001200000E+00
   2.41161400000E+00   2.36596400000E+00   2.32984000000E+00   2.29532200000E+00
   2.26229400000E+00   2.23065200000E+00   2.20030200000E+00   2.17115700000E+00
   2.14314100000E+00   2.11618200000E+00   2.09021600000E+00   2.06518300000E+00
   2.04102800000E+00   2.01770100000E+00   1.97335000000E+00   1.93180100000E+00
   1.89277100000E+00   1.85601500000E+00   1.82132000000E+00   1.78850100000E+00
   1.75739400000E+00   1.72785600000E+00   1.69975900000E+00   1.67298900000E+00
   1.64744600000E+00   1.62303800000E+00   1.59968400000E+00   1.57730900000E+00
   1.55584800000E+00   1.53524000000E+00   1.51543000000E+00   1.49636700000E+00
   1.47800600000E+00   1.46030500000E+00   1.44322400000E+00   1.42673000000E+00
   1.39536900000E+00   1.36599000000E+00   1.33839100000E+00   1.31240100000E+00
   1.28786800000E+00   1.26466100000E+00   1.24266500000E+00   1.22177800000E+00
   1.20191100000E+00   1.18298200000E+00   1.15619400000E+00   1.13114700000E+00
   1.10766100000E+00   1.08557900000E+00   1.06476700000E+00   1.04510800000E+00
   1.02649900000E+00   1.00885000000E+00   9.92081700000E-01   9.76122300000E-01
   9.60909000000E-01   9.46385600000E-01   9.32501500000E-01   9.19211000000E-01
   9.06473000000E-01   8.94250400000E-01   8.82509200000E-01   8.71218600000E-01
   8.60350600000E-01   8.49879400000E-01   8.39781500000E-01   8.30035200000E-01
   8.11519000000E-01   7.94189200000E-01   7.77924300000E-01   7.62619300000E-01
   7.48183600000E-01   7.36760300000E-01   7.25844700000E-01   7.15400400000E-01
   7.05394300000E-01   6.95796600000E-01   6.86580400000E-01   6.77720900000E-01
   6.69195800000E-01   6.60984500000E-01   6.53068200000E-01   6.45429700000E-01
   6.38053200000E-01   6.24028300000E-01   6.10889400000E-01   5.98547000000E-01
   5.86923600000E-01   5.75952100000E-01   5.65573800000E-01   5.55736900000E-01
   5.46396200000E-01   5.37511100000E-01   5.29045800000E-01   5.20968300000E-01
   5.13249900000E-01   5.05864600000E-01   4.98789200000E-01   4.92002700000E-01
   4.85485800000E-01   4.79221200000E-01   4.73193000000E-01   4.67386800000E-01
   4.61789100000E-01   4.56387900000E-01   4.51171900000E-01   4.41254800000E-01
   4.31964200000E-01   4.23236800000E-01   4.15017800000E-01   4.07259800000E-01
   3.99921200000E-01   3.92965600000E-01   3.86360600000E-01   3.80077900000E-01
   3.74092100000E-01   3.68046000000E-01   3.62283900000E-01   3.56784200000E-01
   3.51527700000E-01   3.46496800000E-01   3.41675900000E-01   3.37050800000E-01
   3.32608600000E-01   3.25249500000E-01   3.18358300000E-01   3.11887400000E-01
   3.05795700000E-01   3.00047500000E-01   2.94611700000E-01   2.89461100000E-01
   2.84571400000E-01   2.80680700000E-01   2.76945300000E-01   2.73355100000E-01
   2.69901100000E-01   2.66574800000E-01   2.63368500000E-01   2.60275200000E-01
   2.57288400000E-01   2.51610800000E-01   2.46293200000E-01   2.41299100000E-01
   2.36597000000E-01   2.32984700000E-01   2.29532900000E-01   2.26230100000E-01
   2.23065900000E-01   2.20030900000E-01   2.17116400000E-01   2.14314800000E-01
   2.11619000000E-01   2.09022300000E-01   2.06519000000E-01   2.04103500000E-01
   2.01770800000E-01   1.97335800000E-01   1.93180900000E-01   1.89277900000E-01
   1.85602300000E-01   1.82132800000E-01   1.78850900000E-01   1.75740300000E-01
   1.72786500000E-01   1.69976800000E-01   1.67299900000E-01   1.64745500000E-01
   1.62304800000E-01   1.59969400000E-01   1.57732000000E-01   1.55585900000E-01
   1.53525100000E-01   1.51544100000E-01   1.49637800000E-01   1.47801700000E-01
   1.46031600000E-01   1.44323600000E-01   1.42674200000E-01   1.39538200000E-01
   1.36600300000E-01   1.33840500000E-01   1.31241400000E-01   1.28788200000E-01
   1.26467600000E-01   1.24268000000E-01   1.22179400000E-01   1.20192700000E-01
   1.18299900000E-01   1.15621100000E-01   1.13116500000E-01   1.10768000000E-01
   1.08559900000E-01   1.06478800000E-01   1.04513000000E-01   1.02652200000E-01
   1.00887400000E-01   9.92106000000E-02   9.76147400000E-02   9.60935000000E-02
   9.46412500000E-02   9.32529300000E-02   9.19239700000E-02   9.06502600000E-02
   8.94280800000E-02   8.82540400000E-02   8.71250700000E-02   8.60383500000E-02
   8.49913100000E-02   8.39816000000E-02   8.30070500000E-02   8.11555800000E-02
   7.94227500000E-02   7.77963900000E-02   7.48225700000E-02   7.25888700000E-02
   7.05439800000E-02   6.86627300000E-02   6.69243900000E-02   6.38102900000E-02
   6.10939900000E-02   5.86974100000E-02   5.65623600000E-02   5.46444800000E-02
   5.29092800000E-02   5.13294900000E-02   4.98832200000E-02   4.85526600000E-02
   4.73231800000E-02   4.51207100000E-02   4.31996600000E-02   4.15047900000E-02
   3.99949400000E-02   3.86387000000E-02   3.74116900000E-02   3.57723500000E-02
   3.43312900000E-02   3.30515400000E-02   3.19050400000E-02   3.08701100000E-02
   2.99297000000E-02   2.90702000000E-02   2.82806500000E-02   2.68770000000E-02
   2.56636200000E-02   2.46012000000E-02   2.36608000000E-02   2.29544100000E-02
   2.23076500000E-02   2.17125400000E-02   2.11625600000E-02   2.01772900000E-02
   1.93181300000E-02   1.85605400000E-02   1.78859200000E-02   1.72798500000E-02
   1.67312000000E-02   1.62314100000E-02   1.57737300000E-02   1.53526600000E-02
   1.49635900000E-02   1.42667000000E-02   1.36590100000E-02   1.31232700000E-02
   1.26464500000E-02   1.22178900000E-02   1.18295100000E-02   1.13102900000E-02
   1.08541800000E-02   1.04494600000E-02   1.00874000000E-02   9.76050500000E-03
   9.46301000000E-03   9.19096900000E-03   8.94109500000E-03   8.49697600000E-03
   8.11308200000E-03   7.77697600000E-03   7.47987000000E-03   7.25665600000E-03
   7.05193400000E-03   6.86353000000E-03   6.68945700000E-03   6.37766900000E-03
   6.10576000000E-03   5.86591500000E-03   5.65286800000E-03   5.46144900000E-03
   5.28766600000E-03   5.12936900000E-03   4.98445000000E-03   4.85114900000E-03
   4.72799300000E-03   4.50741200000E-03   4.31505400000E-03   4.14537200000E-03
   3.99465200000E-03   3.85925000000E-03   3.73613100000E-03   3.57147400000E-03
   3.42689900000E-03   3.29853000000E-03   3.18383200000E-03   3.08030300000E-03
   2.98597200000E-03   2.89978900000E-03   2.82064500000E-03   2.67999400000E-03
   2.55843700000E-03   2.45201200000E-03   2.35790800000E-03   2.28694500000E-03
   2.22184200000E-03   2.16197000000E-03   2.10666400000E-03   2.00763200000E-03
   1.92129800000E-03   1.84516500000E-03   1.77747300000E-03   1.71669100000E-03
   1.66158300000E-03   1.61101900000E-03   1.56472500000E-03   1.52216100000E-03
   1.48285300000E-03   1.41249200000E-03   1.35117900000E-03   1.29713300000E-03
   1.24907400000E-03   1.20593600000E-03   1.16686100000E-03   1.13088600000E-03
   1.09796200000E-03   1.06770300000E-03   1.03976800000E-03   9.89788500000E-04
   9.46248100000E-04   9.07435400000E-04   8.72934300000E-04   8.41996000000E-04
   8.14012200000E-04   7.88284900000E-04   7.64763800000E-04   7.43161400000E-04
   7.23223800000E-04   7.04554000000E-04   6.87193900000E-04   6.71005700000E-04
   6.55857300000E-04   6.41499300000E-04   6.27994000000E-04   6.15267000000E-04
   6.03254900000E-04   5.80866800000E-04   5.60653500000E-04   5.42119700000E-04
   5.25198400000E-04   5.09524700000E-04   4.95114900000E-04   4.82860700000E-04
   4.70666100000E-04   4.58471400000E-04   4.46354800000E-04   4.36733500000E-04
   4.27189500000E-04   4.17645500000E-04   4.08158700000E-04   3.92620800000E-04
   3.77183500000E-04   3.64247600000E-04   3.51390100000E-04   3.40398000000E-04
   3.29468600000E-04   3.19975400000E-04   3.10533700000E-04   3.02226100000E-04
   2.93961700000E-04   2.86612000000E-04   2.79298900000E-04   2.72736800000E-04
   2.66206000000E-04   2.54431100000E-04   2.41933700000E-04   2.29481200000E-04
   2.19387100000E-04   2.09335600000E-04   2.00982100000E-04   1.92661800000E-04
   1.85613500000E-04   1.78591900000E-04   1.72552600000E-04   1.66535200000E-04
   1.61295200000E-04   1.56073600000E-04   1.51479900000E-04   1.46901700000E-04
   1.42839100000E-04   1.38790000000E-04   1.31562000000E-04   1.25079700000E-04
   1.19233000000E-04   1.13933500000E-04   1.09108400000E-04   1.04699200000E-04
   1.00809900000E-04   9.69302000000E-05   9.36156100000E-05   9.03103800000E-05
   8.74571700000E-05   8.46118300000E-05   8.21339300000E-05   7.96627100000E-05
   7.53315500000E-05   7.15160400000E-05   6.81351900000E-05   6.51240900000E-05
   6.24300200000E-05   6.00103600000E-05   5.79302100000E-05   5.58544000000E-05
   5.41416500000E-05   5.24330800000E-05   5.10086100000E-05   4.95875800000E-05
   4.83926100000E-05   4.72005100000E-05   4.51836000000E-05   4.34692800000E-05
   4.20049800000E-05   4.07492200000E-05   3.96688400000E-05   3.87370600000E-05
   3.79320500000E-05   3.72357700000E-05   3.66333000000E-05   3.61121200000E-05
   3.56618700000E-05   3.52254200000E-05   3.47900000000E-05   3.44944000000E-05
   3.41997900000E-05   3.40078900000E-05   3.38167400000E-05   3.37019400000E-05
   3.35877300000E-05   3.34741200000E-05   3.34473000000E-05   3.34856700000E-05
   3.35727900000E-05   3.36959500000E-05   3.38452600000E-05   3.41928700000E-05
   3.45711800000E-05   3.49523900000E-05   3.53192000000E-05   3.56611500000E-05
   3.59722400000E-05   3.62495400000E-05   3.64921000000E-05   3.67002800000E-05
   3.68753200000E-05   3.71335900000E-05   3.72841000000E-05   3.73449900000E-05
   3.73333400000E-05   3.72641700000E-05   3.71503200000E-05   3.70024400000E-05
   3.68292700000E-05   3.66378300000E-05   3.64337900000E-05   3.62216100000E-05
   3.60048200000E-05   3.57861300000E-05   3.55676900000E-05   3.53510900000E-05
   3.51375600000E-05   3.49279700000E-05   3.47229700000E-05   3.45230000000E-05
   3.43283400000E-05   3.41391300000E-05   3.39554500000E-05   3.37772500000E-05
   3.36045000000E-05   3.34370700000E-05   3.30407000000E-05   3.26737500000E-05
   3.23330700000E-05   3.20154500000E-05   3.17178700000E-05   3.14375400000E-05
   3.11719200000E-05   3.09187700000E-05   3.06760900000E-05   3.04421400000E-05
   3.02154000000E-05   2.99945500000E-05   2.97784500000E-05   2.95661100000E-05
   2.93567000000E-05   2.91495100000E-05   2.89439300000E-05   2.87394600000E-05
   2.85356900000E-05   2.83322700000E-05   2.81289400000E-05   2.79254800000E-05
   2.77217400000E-05   2.75176100000E-05   2.73130100000E-05   2.71079200000E-05
   0.00000000000E+00   0.00000000000E+00   0.00000000000E+00   0.00000000000E+00
   0.00000000000E+00   0.00000000000E+00   0.00000000000E+00   0.00000000000E+00
   0.00000000000E+00   0.00000000000E+00   0.00000000000E+00   0.00000000000E+00
   0.00000000000E+00   0.00000000000E+00   0.00000000000E+00   0.00000000000E+00
   0.00000000000E+00   0.00000000000E+00   0.00000000000E+00   0.00000000000E+00
   0.00000000000E+00   0.00000000000E+00   0.00000000000E+00   0.00000000000E+00
   0.00000000000E+00   0.00000000000E+00   0.00000000000E+00   0.00000000000E+00
   0.00000000000E+00   0.00000000000E+00   0.00000000000E+00   0.00000000000E+00
   0.00000000000E+00   0.00000000000E+00   0.00000000000E+00   0.00000000000E+00
   0.00000000000E+00   0.00000000000E+00   0.00000000000E+00   0.00000000000E+00
   0.00000000000E+00   0.00000000000E+00   0.00000000000E+00   0.00000000000E+00
   0.00000000000E+00   0.00000000000E+00   0.00000000000E+00   0.00000000000E+00
   0.00000000000E+00   0.00000000000E+00   0.00000000000E+00   0.00000000000E+00
   0.00000000000E+00   0.00000000000E+00   0.00000000000E+00   0.00000000000E+00
   0.00000000000E+00   0.00000000000E+00   0.00000000000E+00   0.00000000000E+00
   0.00000000000E+00   0.00000000000E+00   0.00000000000E+00   0.00000000000E+00
   0.00000000000E+00   0.00000000000E+00   0.00000000000E+00   0.00000000000E+00
   0.00000000000E+00   0.00000000000E+00   0.00000000000E+00   0.00000000000E+00
   0.00000000000E+00   0.00000000000E+00   0.00000000000E+00   0.00000000000E+00
   0.00000000000E+00   0.00000000000E+00   0.00000000000E+00   0.00000000000E+00
   0.00000000000E+00   0.00000000000E+00   0.00000000000E+00   0.00000000000E+00
   0.00000000000E+00   0.00000000000E+00   0.00000000000E+00   0.00000000000E+00
   0.00000000000E+00   0.00000000000E+00   0.00000000000E+00   0.00000000000E+00
   0.00000000000E+00   0.00000000000E+00   0.00000000000E+00   0.00000000000E+00
   0.00000000000E+00   0.00000000000E+00   0.00000000000E+00   0.00000000000E+00
   0.00000000000E+00   0.00000000000E+00   0.00000000000E+00   0.00000000000E+00
   0.00000000000E+00   0.00000000000E+00   0.00000000000E+00   0.00000000000E+00
   0.00000000000E+00   0.00000000000E+00   0.00000000000E+00   0.00000000000E+00
   0.00000000000E+00   0.00000000000E+00   0.00000000000E+00   0.00000000000E+00
   0.00000000000E+00   0.00000000000E+00   0.00000000000E+00   0.00000000000E+00
   0.00000000000E+00   0.00000000000E+00   0.00000000000E+00   0.00000000000E+00
   0.00000000000E+00   0.00000000000E+00   0.00000000000E+00   0.00000000000E+00
   0.00000000000E+00   0.00000000000E+00   0.00000000000E+00   0.00000000000E+00
   0.00000000000E+00   0.00000000000E+00   0.00000000000E+00   0.00000000000E+00
   0.00000000000E+00   0.00000000000E+00   0.00000000000E+00   0.00000000000E+00
   0.00000000000E+00   0.00000000000E+00   0.00000000000E+00   0.00000000000E+00
   0.00000000000E+00   0.00000000000E+00   0.00000000000E+00   0.00000000000E+00
   0.00000000000E+00   0.00000000000E+00   0.00000000000E+00   0.00000000000E+00
   0.00000000000E+00   0.00000000000E+00   0.00000000000E+00   0.00000000000E+00
   0.00000000000E+00   0.00000000000E+00   0.00000000000E+00   0.00000000000E+00
   0.00000000000E+00   0.00000000000E+00   0.00000000000E+00   0.00000000000E+00
   0.00000000000E+00   0.00000000000E+00   0.00000000000E+00   0.00000000000E+00
   0.00000000000E+00   0.00000000000E+00   0.00000000000E+00   0.00000000000E+00
   0.00000000000E+00   0.00000000000E+00   0.00000000000E+00   0.00000000000E+00
   0.00000000000E+00   0.00000000000E+00   0.00000000000E+00   0.00000000000E+00
   0.00000000000E+00   0.00000000000E+00   0.00000000000E+00   0.00000000000E+00
   0.00000000000E+00   0.00000000000E+00   0.00000000000E+00   0.00000000000E+00
   0.00000000000E+00   0.00000000000E+00   0.00000000000E+00   0.00000000000E+00
   0.00000000000E+00   0.00000000000E+00   0.00000000000E+00   0.00000000000E+00
   0.00000000000E+00   0.00000000000E+00   0.00000000000E+00   0.00000000000E+00
   0.00000000000E+00   0.00000000000E+00   0.00000000000E+00   0.00000000000E+00
   0.00000000000E+00   0.00000000000E+00   0.00000000000E+00   0.00000000000E+00
   0.00000000000E+00   0.00000000000E+00   0.00000000000E+00   0.00000000000E+00
   0.00000000000E+00   0.00000000000E+00   0.00000000000E+00   0.00000000000E+00
   0.00000000000E+00   0.00000000000E+00   0.00000000000E+00   0.00000000000E+00
   0.00000000000E+00   0.00000000000E+00   0.00000000000E+00   0.00000000000E+00
   0.00000000000E+00   0.00000000000E+00   0.00000000000E+00   0.00000000000E+00
   0.00000000000E+00   0.00000000000E+00   0.00000000000E+00   0.00000000000E+00
   0.00000000000E+00   0.00000000000E+00   0.00000000000E+00   0.00000000000E+00
   0.00000000000E+00   0.00000000000E+00   0.00000000000E+00   0.00000000000E+00
   0.00000000000E+00   1.01356600000E-10   1.03828900000E-10   1.06286400000E-10
   1.10546200000E-10   1.14762100000E-10   1.18935300000E-10   1.23066600000E-10
   1.27156800000E-10   1.31206800000E-10   1.35217400000E-10   1.39189500000E-10
   1.42470800000E-10   1.45726200000E-10   1.48956300000E-10   1.52161500000E-10
   1.55342200000E-10   1.58498700000E-10   1.61631600000E-10   1.64741100000E-10
   1.70891600000E-10   1.76953300000E-10   1.82928800000E-10   1.88820800000E-10
   1.93532300000E-10   1.98192000000E-10   2.02801300000E-10   2.07361300000E-10
   2.11873100000E-10   2.16337900000E-10   2.20757000000E-10   2.25131200000E-10
   2.29461600000E-10   2.33749300000E-10   2.37995000000E-10   2.42199900000E-10
   2.50490600000E-10   2.58628000000E-10   2.66618900000E-10   2.74469200000E-10
   2.82184400000E-10   2.89770400000E-10   2.97232100000E-10   3.04574000000E-10
   3.11801100000E-10   3.18917400000E-10   3.25927000000E-10   3.32834000000E-10
   3.39641800000E-10   3.46353900000E-10   3.52973600000E-10   3.59504200000E-10
   3.65948500000E-10   3.72309100000E-10   3.78589300000E-10   3.84791200000E-10
   3.90917400000E-10   3.96970500000E-10   4.08864900000E-10   4.20491300000E-10
   4.31865100000E-10   4.42999900000E-10   4.53909300000E-10   4.64604500000E-10
   4.75096200000E-10   4.85395100000E-10   4.95510300000E-10   5.05450800000E-10
   5.20050000000E-10   5.34298600000E-10   5.48218800000E-10   5.61830500000E-10
   5.75151700000E-10   5.88200100000E-10   6.00990200000E-10   6.13536200000E-10
   6.25850700000E-10   6.37945500000E-10   6.49831500000E-10   6.61518700000E-10
   6.73016500000E-10   6.84333300000E-10   6.95476800000E-10   7.06454700000E-10
   7.17273900000E-10   7.27940900000E-10   7.38461800000E-10   7.48842000000E-10
   7.59087300000E-10   7.69202100000E-10   7.89059500000E-10   8.08449500000E-10
   8.27402300000E-10   8.64104700000E-10   8.93575400000E-10   9.22131700000E-10
   9.49852100000E-10   9.76805100000E-10   1.02863900000E-09   1.07803000000E-09
   1.12529000000E-09   1.17067000000E-09   1.21437700000E-09   1.25658100000E-09
   1.29742600000E-09   1.33703500000E-09   1.37551400000E-09   1.41295300000E-09
   1.48502300000E-09   1.55377700000E-09   1.61963200000E-09   1.68292600000E-09
   1.74393400000E-09   1.80288900000E-09   1.88788700000E-09   1.96923800000E-09
   2.04737600000E-09   2.12265100000E-09   2.19535200000E-09   2.26572400000E-09
   2.33397000000E-09   2.40027500000E-09   2.52767000000E-09   2.64896500000E-09
   2.76497600000E-09   2.87633700000E-09   2.96594800000E-09   3.05292200000E-09
   3.13747500000E-09   3.21980000000E-09   3.37843000000E-09   3.52998300000E-09
   3.67538100000E-09   3.81531500000E-09   3.95029300000E-09   4.08074400000E-09
   4.20708300000E-09   4.32970000000E-09   4.44893100000E-09   4.56504700000E-09
   4.78886300000E-09   5.00272400000E-09   5.20797400000E-09   5.40563800000E-09
   5.59624500000E-09   5.78027300000E-09   6.04563400000E-09   6.29998600000E-09
   6.54467600000E-09   6.78090400000E-09   7.00916500000E-09   7.22989700000E-09
   7.44394500000E-09   7.65200200000E-09   8.05204200000E-09   8.43317800000E-09
   8.79792200000E-09   9.14868300000E-09   9.43100300000E-09   9.70463400000E-09
   9.97066100000E-09   1.02297800000E-08   1.07293300000E-08   1.12066900000E-08
   1.16646200000E-08   1.21065800000E-08   1.25330000000E-08   1.29440300000E-08
   1.33421800000E-08   1.37287500000E-08   1.41047600000E-08   1.44710500000E-08
   1.51772300000E-08   1.58521100000E-08   1.64995500000E-08   1.71244400000E-08
   1.77274800000E-08   1.83078500000E-08   1.91444400000E-08   1.99467900000E-08
   2.07182200000E-08   2.14639700000E-08   2.21848700000E-08   2.28812300000E-08
   2.35571800000E-08   2.42144600000E-08   2.54786800000E-08   2.66837800000E-08
   2.78374600000E-08   2.89469600000E-08   2.98368200000E-08   3.06990500000E-08
   3.15379700000E-08   3.23554000000E-08   3.39320200000E-08   3.54396700000E-08
   3.68869500000E-08   3.82829700000E-08   3.96312600000E-08   4.09332600000E-08
   4.21853700000E-08   4.34010600000E-08   4.45842800000E-08   4.57375600000E-08
   4.79632700000E-08   5.00932300000E-08   5.21396300000E-08   5.41141900000E-08
   5.60229200000E-08   5.78687600000E-08   5.96380400000E-08   6.13572700000E-08
   6.30319600000E-08   6.46656700000E-08   6.78226500000E-08   7.08482300000E-08
   7.37218100000E-08   7.64964400000E-08   7.91824400000E-08   8.17852300000E-08
   8.42838600000E-08   8.67163000000E-08   8.90897700000E-08   9.14080300000E-08
   9.36478100000E-08   9.58404900000E-08   9.79907700000E-08   1.00100600000E-07
   1.02147800000E-07   1.04159500000E-07   1.06139300000E-07   1.08090300000E-07
   1.11858400000E-07   1.15521300000E-07   1.19048500000E-07   1.22493100000E-07
   1.25821900000E-07   1.29091600000E-07   1.32588500000E-07   1.35802000000E-07
   1.38714000000E-07   1.41346300000E-07   1.44488100000E-07   1.47419600000E-07
   1.50114400000E-07   1.52591300000E-07   1.58185400000E-07   1.63048200000E-07
   1.68259700000E-07   1.72862100000E-07   1.77759300000E-07   1.82138300000E-07
   1.86771700000E-07   1.90957000000E-07   1.95364900000E-07   1.99380300000E-07
   2.03593100000E-07   2.07458000000E-07   2.11500000000E-07   2.15230500000E-07
   2.22737500000E-07   2.32396400000E-07   2.40479700000E-07   2.49384600000E-07
   2.57012800000E-07   2.65331100000E-07   2.72581500000E-07   2.80425600000E-07
   2.87359100000E-07   2.94812100000E-07   3.01476600000E-07   3.08602000000E-07
   3.15036400000E-07   3.21885500000E-07   3.28122200000E-07   3.34734900000E-07
   3.40801100000E-07   3.53129100000E-07   3.65153900000E-07   3.76914700000E-07
   3.88448600000E-07   3.99784100000E-07   4.10952900000E-07   4.22483500000E-07
   4.32865500000E-07   4.44095500000E-07   4.54339900000E-07   4.65354000000E-07
   4.75511900000E-07   4.86373800000E-07   4.96487500000E-07   5.17356900000E-07
   5.38196500000E-07   5.59071000000E-07   5.80037700000E-07   6.01146200000E-07
   6.22444200000E-07   6.44706600000E-07   6.65744100000E-07   6.88444800000E-07
   7.10195400000E-07   7.33470500000E-07   7.56016500000E-07   7.79972300000E-07
   8.03383200000E-07   8.52441100000E-07   9.03311800000E-07   9.56098500000E-07
   1.01088800000E-06   1.06775500000E-06   1.12676100000E-06   1.18796100000E-06
   1.25139900000E-06   1.31711300000E-06   1.38513600000E-06   1.45549500000E-06
   1.54720100000E-06   1.64173400000E-06   1.74066600000E-06   1.84290600000E-06
   1.94916800000E-06   2.05910800000E-06   2.17273300000E-06   2.29032900000E-06
   2.53647400000E-06   2.79738500000E-06   3.07285000000E-06   3.36261600000E-06
   3.66639700000E-06   3.98387400000E-06   4.65860300000E-06   5.38402700000E-06
   6.15726200000E-06   6.97543700000E-06   7.83578500000E-06   8.73565900000E-06
   9.67259700000E-06   1.06443300000E-05   1.16487800000E-05   1.26840500000E-05
   1.48407200000E-05   1.71032600000E-05   1.94631800000E-05   2.19142600000E-05
   2.44520600000E-05   2.70736000000E-05   2.97769800000E-05   3.25611600000E-05
   3.54257100000E-05   3.83706800000E-05   4.13964900000E-05   4.45037200000E-05
   4.76931900000E-05   5.09658000000E-05   5.43224900000E-05   5.77642500000E-05
   6.12920700000E-05   6.49069200000E-05   6.86097000000E-05   7.24013800000E-05
   7.62828200000E-05   8.02548500000E-05   8.43183000000E-05   8.84737300000E-05
   9.27218200000E-05   1.03751400000E-04   1.15371500000E-04   1.27588200000E-04
   1.40404900000E-04   1.53823100000E-04   1.67843000000E-04   1.82462600000E-04
   1.97678300000E-04   2.13485300000E-04   2.29877000000E-04   2.46845900000E-04
   2.64383100000E-04   2.82478800000E-04   3.01121900000E-04   3.20301000000E-04
   3.40003500000E-04   3.60216500000E-04   3.80926300000E-04   4.02119200000E-04
   4.23780900000E-04   4.45897000000E-04   4.68453100000E-04   4.91434800000E-04
   5.14828100000E-04   5.38618800000E-04   5.62793500000E-04                 102
                   1                   1                  12                 102
                   0                   2   1.00000000000E-11   2.00000000000E+01
   1.00000000000E+00   1.00000000000E+00                   1                   2
   1.00000000000E-11   2.00000000000E+01                  -6                 -17
                   2                   3  -1.00000000000E+00   9.90000000000E-01
   1.00000000000E+00   0.00000000000E+00   0.00000000000E+00   2.00000000000E+02
   0.00000000000E+00   0.00000000000E+00   1.00000000000E+00                   2
                   3  -1.00000000000E+00   9.90000000000E-01   1.00000000000E+00
   0.00000000000E+00   0.00000000000E+00   2.00000000000E+02   0.00000000000E+00
   0.00000000000E+00   1.00000000000E+00                   1                   0
                  33                  10                   0                   2
   1.00000000000E-11   2.00000000000E+01   1.00000000000E+00   1.00000000000E+00
  -4.45115000000E+00   4.99791700000E-01                   1                 102
  1001.03c    0.999167  6.0321E-08   03/26/26
H1                                                                       mat 125
      0         0.      0         0.      0         0.      0         0.
      0         0.      0         0.      0         0.      0         0.
      0         0.      0         0.      0         0.      0         0.
      0         0.      0         0.      0         0.      0         0.
     9620     1001      631        2        0        1        1        0
        0        1        1        0        0        0        0        0
        1        0     3156     3158     3160     3162     3164     4430
     4431     6565     6565     6565     7196     7197     7198     7206
     7207     7207     7208     8290        0     8291        0        0
        0        0        0        0        0     8292     8293     8294
   1.00000000000E-11   1.03125000000E-11   1.06250000000E-11   1.09375000000E-11
   1.12500000000E-11   1.15625000000E-11   1.18750000000E-11   1.21875000000E-11
   1.25000000000E-11   1.28125000000E-11   1.31250000000E-11   1.34375000000E-11
   1.37500000000E-11   1.43750000000E-11   1.50000000000E-11   1.56250000000E-11
   1.62500000000E-11   1.68750000000E-11   1.75000000000E-11   1.81250000000E-11
   1.87500000000E-11   1.93750000000E-11   2.00000000000E-11   2.09375000000E-11
   2.18750000000E-11   2.28125000000E-11   2.37500000000E-11   2.46875000000E-11
   2.56250000000E-11   2.65625000000E-11   2.75000000000E-11   2.84375000000E-11
   2.93750000000E-11   3.03125000000E-11   3.12500000000E-11   3.21875000000E-11
   3.31250000000E-11   3.40625000000E-11   3.50000000000E-11   3.59375000000E-11
   3.68750000000E-11   3.78125000000E-11   3.87500000000E-11   3.96875000000E-11
   4.06250000000E-11   4.25000000000E-11   4.43750000000E-11   4.62500000000E-11
   4.81250000000E-11   5.00000000000E-11   5.15625000000E-11   5.31250000000E-11
   5.46875000000E-11   5.62500000000E-11   5.78125000000E-11   5.93750000000E-11
   6.09375000000E-11   6.25000000000E-11   6.40625000000E-11   6.56250000000E-11
   6.71875000000E-11   6.87500000000E-11   7.18750000000E-11   7.50000000000E-11
   7.81250000000E-11   8.12500000000E-11   8.43750000000E-11   8.75000000000E-11
   9.06250000000E-11   9.37500000000E-11   9.68750000000E-11   1.00000000000E-10
   1.03125000000E-10   1.06250000000E-10   1.09375000000E-10   1.12500000000E-10
   1.15625000000E-10   1.18750000000E-10   1.21875000000E-10   1.25000000000E-10
   1.28125000000E-10   1.31250000000E-10   1.34375000000E-10   1.37500000000E-10
   1.43750000000E-10   1.50000000000E-10   1.56250000000E-10   1.62500000000E-10
   1.68750000000E-10   1.75000000000E-10   1.81250000000E-10   1.87500000000E-10
   1.93750000000E-10   2.00000000000E-10   2.09375000000E-10   2.18750000000E-10
   2.28125000000E-10   2.37500000000E-10   2.46875000000E-10   2.56250000000E-10
   2.65625000000E-10   2.75000000000E-10   2.84375000000E-10   2.93750000000E-10
   3.03125000000E-10   3.12500000000E-10   3.21875000000E-10   3.31250000000E-10
   3.40625000000E-10   3.50000000000E-10   3.59375000000E-10   3.68750000000E-10
   3.78125000000E-10   3.87500000000E-10   3.96875000000E-10   4.06250000000E-10
   4.25000000000E-10   4.43750000000E-10   4.62500000000E-10   4.81250000000E-10
   5.00000000000E-10   5.15625000000E-10   5.31250000000E-10   5.46875000000E-10
   5.62500000000E-10   5.78125000000E-10   5.93750000000E-10   6.09375000000E-10
   6.25000000000E-10   6.40625000000E-10   6.56250000000E-10   6.71875000000E-10
   6.87500000000E-10   7.18750000000E-10   7.50000000000E-10   7.81250000000E-10
   8.12500000000E-10   8.43750000000E-10   8.75000000000E-10   9.06250000000E-10
   9.37500000000E-10   9.68750000000E-10   1.00000000000E-09   1.03125000000E-09
   1.06250000000E-09   1.09375000000E-09   1.12500000000E-09   1.15625000000E-09
   1.18750000000E-09   1.21875000000E-09   1.25000000000E-09   1.28125000000E-09
   1.31250000000E-09   1.34375000000E-09   1.37500000000E-09   1.43750000000E-09
   1.50000000000E-09   1.56250000000E-09   1.62500000000E-09   1.68750000000E-09
   1.75000000000E-09   1.81250000000E-09   1.87500000000E-09   1.93750000000E-09
   2.00000000000E-09   2.09375000000E-09   2.18750000000E-09   2.28125000000E-09
   2.37500000000E-09   2.46875000000E-09   2.56250000000E-09   2.65625000000E-09
   2.75000000000E-09   2.84375000000E-09   2.93750000000E-09   3.03125000000E-09
   3.12500000000E-09   3.21875000000E-09   3.31250000000E-09   3.40625000000E-09
   3.50000000000E-09   3.59375000000E-09   3.68750000000E-09   3.78125000000E-09
   3.87500000000E-09   3.96875000000E-09   4.06250000000E-09   4.25000000000E-09
   4.43750000000E-09   4.62500000000E-09   4.81250000000E-09   5.00000000000E-09
   5.15625000000E-09   5.31250000000E-09   5.46875000000E-09   5.62500000000E-09
   5.78125000000E-09   5.93750000000E-09   6.09375000000E-09   6.25000000000E-09
   6.40625000000E-09   6.56250000000E-09   6.71875000000E-09   6.87500000000E-09
   7.18750000000E-09   7.50000000000E-09   7.81250000000E-09   8.12500000000E-09
   8.43750000000E-09   8.75000000000E-09   9.06250000000E-09   9.37500000000E-09
   9.68750000000E-09   1.00000000000E-08   1.03125000000E-08   1.06250000000E-08
   1.09375000000E-08   1.12500000000E-08   1.15625000000E-08   1.18750000000E-08
   1.21875000000E-08   1.25000000000E-08   1.28125000000E-08   1.31250000000E-08
   1.34375000000E-08   1.37500000000E-08   1.43750000000E-08   1.50000000000E-08
   1.56250000000E-08   1.62500000000E-08   1.68750000000E-08   1.75000000000E-08
   1.81250000000E-08   1.87500000000E-08   1.93750000000E-08   2.00000000000E-08
   2.06625000000E-08   2.13250000000E-08   2.19875000000E-08   2.26500000000E-08
   2.33125000000E-08   2.39750000000E-08   2.46375000000E-08   2.53000000000E-08
   2.64578200000E-08   2.76156300000E-08   2.87734400000E-08   2.99312500000E-08
   3.10890700000E-08   3.22468800000E-08   3.34046900000E-08   3.45625000000E-08
   3.55273500000E-08   3.64921900000E-08   3.74570400000E-08   3.84218800000E-08
   3.93867300000E-08   4.03515700000E-08   4.13164100000E-08   4.22812500000E-08
   4.42109400000E-08   4.61406300000E-08   4.80703200000E-08   5.00000000000E-08
   5.15625000000E-08   5.31250000000E-08   5.46875000000E-08   5.62500000000E-08
   5.78125000000E-08   5.93750000000E-08   6.09375000000E-08   6.25000000000E-08
   6.40625000000E-08   6.56250000000E-08   6.71875000000E-08   6.87500000000E-08
   7.18750000000E-08   7.50000000000E-08   7.81250000000E-08   8.12500000000E-08
   8.43750000000E-08   8.75000000000E-08   9.06250000000E-08   9.37500000000E-08
   9.68750000000E-08   1.00000000000E-07   1.03125000000E-07   1.06250000000E-07
   1.09375000000E-07   1.12500000000E-07   1.15625000000E-07   1.18750000000E-07
   1.21875000000E-07   1.25000000000E-07   1.28125000000E-07   1.31250000000E-07
   1.34375000000E-07   1.37500000000E-07   1.43750000000E-07   1.50000000000E-07
   1.56250000000E-07   1.62500000000E-07   1.68750000000E-07   1.75000000000E-07
   1.81250000000E-07   1.87500000000E-07   1.93750000000E-07   2.00000000000E-07
   2.09375000000E-07   2.18750000000E-07   2.28125000000E-07   2.37500000000E-07
   2.46875000000E-07   2.56250000000E-07   2.65625000000E-07   2.75000000000E-07
   2.84375000000E-07   2.93750000000E-07   3.03125000000E-07   3.12500000000E-07
   3.21875000000E-07   3.31250000000E-07   3.40625000000E-07   3.50000000000E-07
   3.59375000000E-07   3.68750000000E-07   3.78125000000E-07   3.87500000000E-07
   3.96875000000E-07   4.06250000000E-07   4.25000000000E-07   4.43750000000E-07
   4.62500000000E-07   5.00000000000E-07   5.31250000000E-07   5.62500000000E-07
   5.93750000000E-07   6.25000000000E-07   6.87500000000E-07   7.50000000000E-07
   8.12500000000E-07   8.75000000000E-07   9.37500000000E-07   1.00000000000E-06
   1.06250000000E-06   1.12500000000E-06   1.18750000000E-06   1.25000000000E-06
   1.37500000000E-06   1.50000000000E-06   1.62500000000E-06   1.75000000000E-06
   1.87500000000E-06   2.00000000000E-06   2.18750000000E-06   2.37500000000E-06
   2.56250000000E-06   2.75000000000E-06   2.93750000000E-06   3.12500000000E-06
   3.31250000000E-06   3.50000000000E-06   3.87500000000E-06   4.25000000000E-06
   4.62500000000E-06   5.00000000000E-06   5.31250000000E-06   5.62500000000E-06
   5.93750000000E-06   6.25000000000E-06   6.87500000000E-06   7.50000000000E-06
   8.12500000000E-06   8.75000000000E-06   9.37500000000E-06   1.00000000000E-05
   1.06250000000E-05   1.12500000000E-05   1.18750000000E-05   1.25000000000E-05
   1.37500000000E-05   1.50000000000E-05   1.62500000000E-05   1.75000000000E-05
   1.87500000000E-05   2.00000000000E-05   2.18750000000E-05   2.37500000000E-05
   2.56250000000E-05   2.75000000000E-05   2.93750000000E-05   3.12500000000E-05
   3.31250000000E-05   3.50000000000E-05   3.87500000000E-05   4.25000000000E-05
   4.62500000000E-05   5.00000000000E-05   5.31250000000E-05   5.62500000000E-05
   5.93750000000E-05   6.25000000000E-05   6.87500000000E-05   7.50000000000E-05
   8.12500000000E-05   8.75000000000E-05   9.37500000000E-05   1.00000000000E-04
   1.06250000000E-04   1.12500000000E-04   1.18750000000E-04   1.25000000000E-04
   1.37500000000E-04   1.50000000000E-04   1.62500000000E-04   1.75000000000E-04
   1.87500000000E-04   2.00000000000E-04   2.18750000000E-04   2.37500000000E-04
   2.56250000000E-04   2.75000000000E-04   2.93750000000E-04   3.12500000000E-04
   3.31250000000E-04   3.50000000000E-04   3.87500000000E-04   4.25000000000E-04
   4.62500000000E-04   5.00000000000E-04   5.31250000000E-04   5.62500000000E-04
   5.93750000000E-04   6.25000000000E-04   6.87500000000E-04   7.50000000000E-04
   8.12500000000E-04   8.75000000000E-04   9.37500000000E-04   1.00000000000E-03
   1.06250000000E-03   1.12500000000E-03   1.18750000000E-03   1.25000000000E-03
   1.37500000000E-03   1.50000000000E-03   1.62500000000E-03   1.75000000000E-03
   1.87500000000E-03   2.00000000000E-03   2.12500000000E-03   2.25000000000E-03
   2.37500000000E-03   2.50000000000E-03   2.75000000000E-03   3.00000000000E-03
   3.25000000000E-03   3.50000000000E-03   3.75000000000E-03   4.00000000000E-03
   4.25000000000E-03   4.50000000000E-03   4.75000000000E-03   5.00000000000E-03
   5.25000000000E-03   5.50000000000E-03   5.75000000000E-03   6.00000000000E-03
   6.25000000000E-03   6.50000000000E-03   6.75000000000E-03   7.00000000000E-03
   7.50000000000E-03   8.00000000000E-03   8.50000000000E-03   9.00000000000E-03
   9.50000000000E-03   1.00000000000E-02   1.05000000000E-02   1.10000000000E-02
   1.15000000000E-02   1.20000000000E-02   1.25000000000E-02   1.30000000000E-02
   1.35000000000E-02   1.40000000000E-02   1.50000000000E-02   1.60000000000E-02
   1.70000000000E-02   1.80000000000E-02   1.90000000000E-02   2.00000000000E-02
   2.10000000000E-02   2.20000000000E-02   2.30000000000E-02   2.40000000000E-02
   2.50000000000E-02   2.60000000000E-02   2.70000000000E-02   2.80000000000E-02
   3.00000000000E-02   3.25000000000E-02   3.50000000000E-02   3.75000000000E-02
   4.00000000000E-02   4.25000000000E-02   4.50000000000E-02   4.75000000000E-02
   5.00000000000E-02   5.25000000000E-02   5.50000000000E-02   5.75000000000E-02
   6.00000000000E-02   6.25000000000E-02   6.50000000000E-02   6.75000000000E-02
   7.00000000000E-02   7.50000000000E-02   8.00000000000E-02   8.50000000000E-02
   9.00000000000E-02   9.50000000000E-02   1.00000000000E-01   1.05000000000E-01
   1.10000000000E-01   1.15000000000E-01   1.20000000000E-01   1.25000000000E-01
   1.30000000000E-01   1.35000000000E-01   1.40000000000E-01   1.50000000000E-01
   1.60000000000E-01   1.70000000000E-01   1.80000000000E-01   1.90000000000E-01
   2.00000000000E-01   2.10000000000E-01   2.20000000000E-01   2.30000000000E-01
   2.40000000000E-01   2.50000000000E-01   2.60000000000E-01   2.70000000000E-01
   2.80000000000E-01   3.00000000000E-01   3.20000000000E-01   3.40000000000E-01
   3.60000000000E-01   3.80000000000E-01   4.00000000000E-01   4.20000000000E-01
   4.40000000000E-01   4.60000000000E-01   4.80000000000E-01   5.00000000000E-01
   5.25000000000E-01   5.50000000000E-01   5.75000000000E-01   6.00000000000E-01
   6.25000000000E-01   6.50000000000E-01   6.75000000000E-01   7.00000000000E-01
   7.50000000000E-01   8.00000000000E-01   8.50000000000E-01   9.00000000000E-01
   9.50000000000E-01   1.00000000000E+00   1.10000000000E+00   1.20000000000E+00
   1.30000000000E+00   1.40000000000E+00   1.50000000000E+00   1.60000000000E+00
   1.70000000000E+00   1.80000000000E+00   1.90000000000E+00   2.00000000000E+00
   2.20000000000E+00   2.40000000000E+00   2.60000000000E+00   2.80000000000E+00
   3.00000000000E+00   3.20000000000E+00   3.40000000000E+00   3.60000000000E+00
   3.80000000000E+00   4.00000000000E+00   4.20000000000E+00   4.40000000000E+00
   4.60000000000E+00   4.80000000000E+00   5.00000000000E+00   5.20000000000E+00
   5.40000000000E+00   5.60000000000E+00   5.80000000000E+00   6.00000000000E+00
   6.20000000000E+00   6.40000000000E+00   6.60000000000E+00   6.80000000000E+00
   7.00000000000E+00   7.50000000000E+00   8.00000000000E+00   8.50000000000E+00
   9.00000000000E+00   9.50000000000E+00   1.00000000000E+01   1.05000000000E+01
   1.10000000000E+01   1.15000000000E+01   1.20000000000E+01   1.25000000000E+01
   1.30000000000E+01   1.35000000000E+01   1.40000000000E+01   1.45000000000E+01
   1.50000000000E+01   1.55000000000E+01   1.60000000000E+01   1.65000000000E+01
   1.70000000000E+01   1.75000000000E+01   1.80000000000E+01   1.85000000000E+01
   1.90000000000E+01   1.95000000000E+01   2.00000000000E+01   1.80854089000E+03
   1.78093146000E+03   1.75454838000E+03   1.72930483000E+03   1.70512009000E+03
   1.68192348000E+03   1.65964840000E+03   1.63823530000E+03   1.61763067000E+03
   1.59778406000E+03   1.57865105000E+03   1.56018924000E+03   1.54236030000E+03
   1.50846369000E+03   1.47670790000E+03   1.44687691000E+03   1.41878501000E+03
   1.39226768000E+03   1.36718461000E+03   1.34340965000E+03   1.32083478000E+03
   1.29936111000E+03   1.27890182000E+03   1.24994794000E+03   1.22287647000E+03
   1.19749160000E+03   1.17362479000E+03   1.15113067000E+03   1.12988308000E+03
   1.10977099000E+03   1.09069550000E+03   1.07257182000E+03   1.05532322000E+03
   1.03888109000E+03   1.02318386000E+03   1.00817841000E+03   9.93814508000E+02
   9.80047729000E+02   9.66837902000E+02   9.54148590000E+02   9.41946285000E+02
   9.30200804000E+02   9.18884193000E+02   9.07971013000E+02   8.97437850000E+02
   8.77427089000E+02   8.58698691000E+02   8.41121141000E+02   8.24581392000E+02
   8.08981034000E+02   7.96636201000E+02   7.84840245000E+02   7.73553602000E+02
   7.62740641000E+02   7.52369165000E+02   7.42409902000E+02   7.32836307000E+02
   7.23624056000E+02   7.14751043000E+02   7.06196880000E+02   6.97942895000E+02
   6.89972030000E+02   6.74817481000E+02   6.60620492000E+02   6.47284367000E+02
   6.34725334000E+02   6.22870919000E+02   6.11657535000E+02   6.01029467000E+02
   5.90937559000E+02   5.81338108000E+02   5.72192356000E+02   5.63465681000E+02
   5.55127096000E+02   5.47148543000E+02   5.39504990000E+02   5.32173524000E+02
   5.25133455000E+02   5.18366109000E+02   5.11854327000E+02   5.05582265000E+02
   4.99535688000E+02   4.93701376000E+02   4.88067216000E+02   4.77355545000E+02
   4.67320739000E+02   4.57894565000E+02   4.49017875000E+02   4.40639395000E+02
   4.32714009000E+02   4.25202452000E+02   4.18070003000E+02   4.11285676000E+02
   4.04822117000E+02   3.95675406000E+02   3.87124102000E+02   3.79105431000E+02
   3.71566802000E+02   3.64462090000E+02   3.57751222000E+02   3.51399276000E+02
   3.45375166000E+02   3.39651838000E+02   3.34205070000E+02   3.29013462000E+02
   3.24057235000E+02   3.19319430000E+02   3.14784401000E+02   3.10438221000E+02
   3.06267969000E+02   3.02262240000E+02   2.98410436000E+02   2.94702968000E+02
   2.91131056000E+02   2.87686623000E+02   2.84362302000E+02   2.78047249000E+02
   2.72137447000E+02   2.66591313000E+02   2.61373015000E+02   2.56451665000E+02
   2.52557641000E+02   2.48836923000E+02   2.45277195000E+02   2.41867153000E+02
   2.38596602000E+02   2.35456258000E+02   2.32437742000E+02   2.29533383000E+02
   2.26736217000E+02   2.24039783000E+02   2.21438128000E+02   2.18925901000E+02
   2.14150151000E+02   2.09676802000E+02   2.05475372000E+02   2.01519415000E+02
   1.97785920000E+02   1.94254801000E+02   1.90908594000E+02   1.87731656000E+02
   1.84710259000E+02   1.81831990000E+02   1.79086146000E+02   1.76462738000E+02
   1.73952984000E+02   1.71549010000E+02   1.69243549000E+02   1.67030041000E+02
   1.64902630000E+02   1.62855867000E+02   1.60884706000E+02   1.58984805000E+02
   1.57151825000E+02   1.55381930000E+02   1.52017870000E+02   1.48867390000E+02
   1.45908892000E+02   1.43123701000E+02   1.40495568000E+02   1.38010361000E+02
   1.35655665000E+02   1.33420479000E+02   1.31295011000E+02   1.29270682000E+02
   1.26407094000E+02   1.23730947000E+02   1.21222861000E+02   1.18865979000E+02
   1.16645767000E+02   1.14549508000E+02   1.12566300000E+02   1.10686351000E+02
   1.08901082000E+02   1.07202823000E+02   1.05584709000E+02   1.04040886000E+02
   1.02565702000E+02   1.01154211000E+02   9.98022034000E+01   9.85055107000E+01
   9.72605095000E+01   9.60639089000E+01   9.49126709000E+01   9.38040297000E+01
   9.27354418000E+01   9.17045854000E+01   8.97476393000E+01   8.79178995000E+01
   8.62023145000E+01   8.45896196000E+01   8.30700339000E+01   8.18686605000E+01
   8.07216450000E+01   7.96250606000E+01   7.85753645000E+01   7.75693569000E+01
   7.66041306000E+01   7.56770612000E+01   7.47856960000E+01   7.39278647000E+01
   7.31015385000E+01   7.23048800000E+01   7.15361734000E+01   7.00764486000E+01
   6.87111897000E+01   6.74308172000E+01   6.62270238000E+01   6.50926123000E+01
   6.40213040000E+01   6.30075571000E+01   6.20465164000E+01   6.11338513000E+01
   6.02657360000E+01   5.94387385000E+01   5.86497800000E+01   5.78961148000E+01
   5.71752494000E+01   5.64849429000E+01   5.58231360000E+01   5.51879714000E+01
   5.45777732000E+01   5.39909870000E+01   5.34261893000E+01   5.28820881000E+01
   5.23575021000E+01   5.13624850000E+01   5.04333044000E+01   4.95632370000E+01
   4.87464780000E+01   4.79779600000E+01   4.72532914000E+01   4.65686057000E+01
   4.59205008000E+01   4.53059381000E+01   4.47222422000E+01   4.41345662000E+01
   4.35763440000E+01   4.30452944000E+01   4.25393778000E+01   4.20567669000E+01
   4.15958060000E+01   4.11550009000E+01   4.07329887000E+01   4.00369696000E+01
   3.93888685000E+01   3.87836675000E+01   3.82170858000E+01   3.76854076000E+01
   3.71853918000E+01   3.67141912000E+01   3.62692915000E+01   3.59170308000E+01
   3.55803554000E+01   3.52582152000E+01   3.49496712000E+01   3.46538349000E+01
   3.43699386000E+01   3.40972453000E+01   3.38350885000E+01   3.33399809000E+01
   3.28802433000E+01   3.24521592000E+01   3.20525071000E+01   3.17478148000E+01
   3.14586130000E+01   3.11837602000E+01   3.09221760000E+01   3.06729209000E+01
   3.04351465000E+01   3.02080549000E+01   2.99909491000E+01   2.97831624000E+01
   2.95841291000E+01   2.93932836000E+01   2.92101309000E+01   2.88651459000E+01
   2.85458910000E+01   2.82496080000E+01   2.79739124000E+01   2.77167129000E+01
   2.74762410000E+01   2.72509104000E+01   2.70393366000E+01   2.68403169000E+01
   2.66527700000E+01   2.64757456000E+01   2.63083749000E+01   2.61499095000E+01
   2.59996621000E+01   2.58570160000E+01   2.57214152000E+01   2.55923442000E+01
   2.54693579000E+01   2.53520518000E+01   2.52400217000E+01   2.51329437000E+01
   2.50304843000E+01   2.48383283000E+01   2.46614904000E+01   2.44982306000E+01
   2.43470616000E+01   2.42067083000E+01   2.40760577000E+01   2.39541381000E+01
   2.38401295000E+01   2.37332828000E+01   2.36329600000E+01   2.34934513000E+01
   2.33656567000E+01   2.32481681000E+01   2.31398000000E+01   2.30395389000E+01
   2.29465131000E+01   2.28599623000E+01   2.27792475000E+01   2.27037907000E+01
   2.26331049000E+01   2.25667336000E+01   2.25043214000E+01   2.24455030000E+01
   2.23899841000E+01   2.23375004000E+01   2.22877982000E+01   2.22406741000E+01
   2.21959252000E+01   2.21533784000E+01   2.21128814000E+01   2.20742717000E+01
   2.20374371000E+01   2.19686057000E+01   2.19055528000E+01   2.18475664000E+01
   2.17445626000E+01   2.16697589000E+01   2.16031940000E+01   2.15435927000E+01
   2.14899044000E+01   2.13970503000E+01   2.13195540000E+01   2.12538774000E+01
   2.11975023000E+01   2.11485844000E+01   2.11057092000E+01   2.10678395000E+01
   2.10341232000E+01   2.10039327000E+01   2.09767132000E+01   2.09296307000E+01
   2.08903097000E+01   2.08569648000E+01   2.08283149000E+01   2.08034487000E+01
   2.07816417000E+01   2.07535324000E+01   2.07298113000E+01   2.07095016000E+01
   2.06919150000E+01   2.06765301000E+01   2.06629697000E+01   2.06509102000E+01
   2.06401206000E+01   2.06216070000E+01   2.06063037000E+01   2.05934212000E+01
   2.05824208000E+01   2.05744144000E+01   2.05672776000E+01   2.05608625000E+01
   2.05550826000E+01   2.05450373000E+01   2.05366182000E+01   2.05294506000E+01
   2.05232659000E+01   2.05178698000E+01   2.05131312000E+01   2.05089114000E+01
   2.05051437000E+01   2.05017527000E+01   2.04986836000E+01   2.04933367000E+01
   2.04888190000E+01   2.04849533000E+01   2.04815964000E+01   2.04786479000E+01
   2.04760395000E+01   2.04726203000E+01   2.04696942000E+01   2.04671295000E+01
   2.04648774000E+01   2.04628705000E+01   2.04610530000E+01   2.04594110000E+01
   2.04579111000E+01   2.04552570000E+01   2.04529631000E+01   2.04509470000E+01
   2.04491399000E+01   2.04477766000E+01   2.04465019000E+01   2.04453235000E+01
   2.04442095000E+01   2.04421577000E+01   2.04402958000E+01   2.04385859000E+01
   2.04369929000E+01   2.04354914000E+01   2.04340577000E+01   2.04326994000E+01
   2.04313945000E+01   2.04301312000E+01   2.04289080000E+01   2.04265574000E+01
   2.04243151000E+01   2.04221454000E+01   2.04200447000E+01   2.04179993000E+01
   2.04159861000E+01   2.04130515000E+01   2.04101769000E+01   2.04073485000E+01
   2.04045538000E+01   2.04018003000E+01   2.03990660000E+01   2.03963598000E+01
   2.03936707000E+01   2.03883400000E+01   2.03830584000E+01   2.03778120000E+01
   2.03725979000E+01   2.03682970000E+01   2.03640019000E+01   2.03597220000E+01
   2.03554567000E+01   2.03469476000E+01   2.03384813000E+01   2.03300252000E+01
   2.03215775000E+01   2.03131467000E+01   2.03047416000E+01   2.02964210000E+01
   2.02881147000E+01   2.02798222000E+01   2.02715329000E+01   2.02549625000E+01
   2.02384212000E+01   2.02218771000E+01   2.02053491000E+01   2.01888359000E+01
   2.01723369000E+01   2.01560609000E+01   2.01397980000E+01   2.01235477000E+01
   2.01072998000E+01   2.00748098000E+01   2.00423463000E+01   2.00103374000E+01
   1.99783429000E+01   1.99463520000E+01   1.99143940000E+01   1.98828583000E+01
   1.98513448000E+01   1.98198332000E+01   1.97883432000E+01   1.97572746000E+01
   1.97262272000E+01   1.96951710000E+01   1.96641459000E+01   1.96335315000E+01
   1.96029180000E+01   1.95723253000E+01   1.95417433000E+01   1.94813909000E+01
   1.94210907000E+01   1.93615921000E+01   1.93021352000E+01   1.92434695000E+01
   1.91848651000E+01   1.91274129000E+01   1.90699907000E+01   1.90125585000E+01
   1.89551864000E+01   1.88992767000E+01   1.88434172000E+01   1.87875576000E+01
   1.87317382000E+01   1.86229726000E+01   1.85143072000E+01   1.84084142000E+01
   1.83026214000E+01   1.81994904000E+01   1.80964595000E+01   1.79959900000E+01
   1.78956205000E+01   1.77977122000E+01   1.76998940000E+01   1.76044366000E+01
   1.75090793000E+01   1.74159927000E+01   1.73229962000E+01   1.71415044000E+01
   1.69239319000E+01   1.67065795000E+01   1.65015094000E+01   1.62966893000E+01
   1.61030810000E+01   1.59097227000E+01   1.57266556000E+01   1.55438286000E+01
   1.53704426000E+01   1.51972865000E+01   1.50328513000E+01   1.48686261000E+01
   1.47124315000E+01   1.45564569000E+01   1.44079028000E+01   1.42595588000E+01
   1.39768516000E+01   1.37072951000E+01   1.34500292000E+01   1.32041839000E+01
   1.29690191000E+01   1.27439047000E+01   1.25323808000E+01   1.23211169000E+01
   1.21260836000E+01   1.19313403000E+01   1.17509475000E+01   1.15708246000E+01
   1.14034721000E+01   1.12363697000E+01   1.09251853000E+01   1.06349015000E+01
   1.03634581000E+01   1.01090151000E+01   9.87001843000E+00   9.64510301000E+00
   9.43872093000E+00   9.23259585000E+00   9.04775814000E+00   8.86318643000E+00
   8.69664401000E+00   8.53033459000E+00   8.37943039000E+00   8.22873320000E+00
   7.95405818000E+00   7.70274947000E+00   7.47184801000E+00   7.25887975000E+00
   7.06175267000E+00   6.87869074000E+00   6.70817493000E+00   6.54889824000E+00
   6.39972963000E+00   6.25968711000E+00   6.12793666000E+00   5.97887823000E+00
   5.82995879000E+00   5.69969849000E+00   5.56958020000E+00   5.45458001000E+00
   5.33970082000E+00   5.23724770000E+00   5.13489859000E+00   4.95097947000E+00
   4.78464645000E+00   4.63327049000E+00   4.49473057000E+00   4.36729770000E+00
   4.24955285000E+00   4.03853319000E+00   3.85424357000E+00   3.69133595000E+00
   3.54583332000E+00   3.41471866000E+00   3.29566297000E+00   3.18683325000E+00
   3.08676749000E+00   2.99428770000E+00   2.90842988000E+00   2.75350313000E+00
   2.61701928000E+00   2.49541635000E+00   2.38604733000E+00   2.28690526000E+00
   2.19643015000E+00   2.11338900000E+00   2.03679183000E+00   1.96582964000E+00
   1.89983443000E+00   1.83825022000E+00   1.78060600000E+00   1.72650179000E+00
   1.67559457000E+00   1.62758635000E+00   1.58221914000E+00   1.53926693000E+00
   1.49852772000E+00   1.45982852000E+00   1.42301033000E+00   1.38793214000E+00
   1.35446896000E+00   1.32250478000E+00   1.29194160000E+00   1.26268544000E+00
   1.19472404000E+00   1.13329067000E+00   1.07747233000E+00   1.02652802000E+00
   9.79843718000E-01   9.36906138000E-01   8.97283872000E-01   8.60610519000E-01
   8.26572176000E-01   7.94898642000E-01   7.65355715000E-01   7.37739295000E-01
   7.11870378000E-01   6.87591866000E-01   6.64764557000E-01   6.43265050000E-01
   6.22983444000E-01   6.03821339000E-01   5.85690736000E-01   5.68512232000E-01
   5.52214429000E-01   5.36732525000E-01   5.22008022000E-01   5.07987418000E-01
   4.94622113000E-01   4.81867908000E-01   1.67298900000E+01   1.64744600000E+01
   1.62303800000E+01   1.59968300000E+01   1.57730900000E+01   1.55584800000E+01
   1.53524000000E+01   1.51543000000E+01   1.49636700000E+01   1.47800600000E+01
   1.46030500000E+01   1.44322400000E+01   1.42673000000E+01   1.39536900000E+01
   1.36599000000E+01   1.33839100000E+01   1.31240100000E+01   1.28786800000E+01
   1.26466100000E+01   1.24266500000E+01   1.22177800000E+01   1.20191100000E+01
   1.18298200000E+01   1.15619400000E+01   1.13114700000E+01   1.10766000000E+01
   1.08557900000E+01   1.06476700000E+01   1.04510800000E+01   1.02649900000E+01
   1.00885000000E+01   9.92081600000E+00   9.76122100000E+00   9.60908900000E+00
   9.46385500000E+00   9.32501300000E+00   9.19210800000E+00   9.06472900000E+00
   8.94250200000E+00   8.82509000000E+00   8.71218500000E+00   8.60350400000E+00
   8.49879300000E+00   8.39781300000E+00   8.30035000000E+00   8.11518900000E+00
   7.94189100000E+00   7.77924100000E+00   7.62619200000E+00   7.48183400000E+00
   7.36760100000E+00   7.25844500000E+00   7.15400200000E+00   7.05394100000E+00
   6.95796500000E+00   6.86580200000E+00   6.77720700000E+00   6.69195600000E+00
   6.60984300000E+00   6.53068000000E+00   6.45429500000E+00   6.38053000000E+00
   6.24028100000E+00   6.10889200000E+00   5.98546700000E+00   5.86923400000E+00
   5.75951900000E+00   5.65573500000E+00   5.55736700000E+00   5.46395900000E+00
   5.37510800000E+00   5.29045600000E+00   5.20968100000E+00   5.13249600000E+00
   5.05864300000E+00   4.98789000000E+00   4.92002400000E+00   4.85485500000E+00
   4.79220900000E+00   4.73192700000E+00   4.67386500000E+00   4.61788800000E+00
   4.56387600000E+00   4.51171600000E+00   4.41254500000E+00   4.31963900000E+00
   4.23236500000E+00   4.15017500000E+00   4.07259500000E+00   3.99920900000E+00
   3.92965200000E+00   3.86360300000E+00   3.80077600000E+00   3.74091700000E+00
   3.65620600000E+00   3.57700200000E+00   3.50273100000E+00   3.43290200000E+00
   3.36709000000E+00   3.30492200000E+00   3.24607600000E+00   3.19026600000E+00
   3.13723800000E+00   3.08677000000E+00   3.03866200000E+00   2.99273500000E+00
   2.94883000000E+00   2.90680100000E+00   2.86652100000E+00   2.82786900000E+00
   2.79074000000E+00   2.75503600000E+00   2.72066800000E+00   2.68755600000E+00
   2.65562300000E+00   2.62480200000E+00   2.56624900000E+00   2.51144700000E+00
   2.46001300000E+00   2.41161500000E+00   2.36596500000E+00   2.32984100000E+00
   2.29532300000E+00   2.26229500000E+00   2.23065300000E+00   2.20030200000E+00
   2.17115800000E+00   2.14314200000E+00   2.11618300000E+00   2.09021700000E+00
   2.06518300000E+00   2.04102800000E+00   2.01770100000E+00   1.97335100000E+00
   1.93180200000E+00   1.89277200000E+00   1.85601500000E+00   1.82132000000E+00
   1.78850100000E+00   1.75739400000E+00   1.72785600000E+00   1.69975900000E+00
   1.67299000000E+00   1.64744600000E+00   1.62303800000E+00   1.59968400000E+00
   1.57731000000E+00   1.55584900000E+00   1.53524100000E+00   1.51543000000E+00
   1.49636700000E+00   1.47800600000E+00   1.46030500000E+00   1.44322500000E+00
   1.42673000000E+00   1.39537000000E+00   1.36599000000E+00   1.33839200000E+00
   1.31240100000E+00   1.28786800000E+00   1.26466100000E+00   1.24266500000E+00
   1.22177900000E+00   1.20191100000E+00   1.18298200000E+00   1.15619400000E+00
   1.13114700000E+00   1.10766100000E+00   1.08557900000E+00   1.06476700000E+00
   1.04510800000E+00   1.02650000000E+00   1.00885100000E+00   9.92082100000E-01
   9.76122600000E-01   9.60909400000E-01   9.46386000000E-01   9.32501800000E-01
   9.19211300000E-01   9.06473400000E-01   8.94250700000E-01   8.82509500000E-01
   8.71218900000E-01   8.60350900000E-01   8.49879700000E-01   8.39781800000E-01
   8.30035400000E-01   8.11519300000E-01   7.94189500000E-01   7.77924500000E-01
   7.62619600000E-01   7.48183900000E-01   7.36760500000E-01   7.25845000000E-01
   7.15400600000E-01   7.05394500000E-01   6.95796900000E-01   6.86580600000E-01
   6.77721200000E-01   6.69196000000E-01   6.60984700000E-01   6.53068500000E-01
   6.45430000000E-01   6.38053400000E-01   6.24028600000E-01   6.10889700000E-01
   5.98547200000E-01   5.86923800000E-01   5.75952300000E-01   5.65574000000E-01
   5.55737100000E-01   5.46396400000E-01   5.37511300000E-01   5.29046000000E-01
   5.20968500000E-01   5.13250000000E-01   5.05864800000E-01   4.98789400000E-01
   4.92002900000E-01   4.85486000000E-01   4.79221400000E-01   4.73193200000E-01
   4.67387000000E-01   4.61789300000E-01   4.56388100000E-01   4.51172100000E-01
   4.41255000000E-01   4.31964400000E-01   4.23237000000E-01   4.15018000000E-01
   4.07260000000E-01   3.99921400000E-01   3.92965700000E-01   3.86360800000E-01
   3.80078100000E-01   3.74092200000E-01   3.68046200000E-01   3.62284000000E-01
   3.56784400000E-01   3.51527800000E-01   3.46496900000E-01   3.41676000000E-01
   3.37050900000E-01   3.32608700000E-01   3.25249600000E-01   3.18358500000E-01
   3.11887500000E-01   3.05795800000E-01   3.00047600000E-01   2.94611800000E-01
   2.89461200000E-01   2.84571500000E-01   2.80680800000E-01   2.76945400000E-01
   2.73355200000E-01   2.69901200000E-01   2.66574900000E-01   2.63368600000E-01
   2.60275300000E-01   2.57288500000E-01   2.51610900000E-01   2.46293300000E-01
   2.41299200000E-01   2.36597100000E-01   2.32984800000E-01   2.29533000000E-01
   2.26230200000E-01   2.23066000000E-01   2.20030900000E-01   2.17116500000E-01
   2.14314900000E-01   2.11619100000E-01   2.09022400000E-01   2.06519100000E-01
   2.04103600000E-01   2.01770900000E-01   1.97335900000E-01   1.93181000000E-01
   1.89278000000E-01   1.85602400000E-01   1.82132900000E-01   1.78851000000E-01
   1.75740400000E-01   1.72786600000E-01   1.69976900000E-01   1.67300000000E-01
   1.64745600000E-01   1.62304900000E-01   1.59969500000E-01   1.57732100000E-01
   1.55586000000E-01   1.53525200000E-01   1.51544200000E-01   1.49637900000E-01
   1.47801800000E-01   1.46031700000E-01   1.44323700000E-01   1.42674300000E-01
   1.39538300000E-01   1.36600400000E-01   1.33840600000E-01   1.31241600000E-01
   1.28788300000E-01   1.26467700000E-01   1.24268100000E-01   1.22179500000E-01
   1.20192800000E-01   1.18300000000E-01   1.15621300000E-01   1.13116700000E-01
   1.10768100000E-01   1.08560000000E-01   1.06478900000E-01   1.04513100000E-01
   1.02652300000E-01   1.00887500000E-01   9.92107200000E-02   9.76148600000E-02
   9.60936200000E-02   9.46413700000E-02   9.32530400000E-02   9.19240700000E-02
   9.06503600000E-02   8.94281800000E-02   8.82541400000E-02   8.71251600000E-02
   8.60384400000E-02   8.49914000000E-02   8.39816800000E-02   8.30071200000E-02
   8.11556500000E-02   7.94228100000E-02   7.77964400000E-02   7.48226100000E-02
   7.25888900000E-02   7.05439900000E-02   6.86627300000E-02   6.69243800000E-02
   6.38102600000E-02   6.10939500000E-02   5.86973600000E-02   5.65623100000E-02
   5.46444300000E-02   5.29092300000E-02   5.13294500000E-02   4.98831900000E-02
   4.85526500000E-02   4.73231800000E-02   4.51207200000E-02   4.31996600000E-02
   4.15047900000E-02   3.99949300000E-02   3.86387000000E-02   3.74117000000E-02
   3.57723800000E-02   3.43313200000E-02   3.30515500000E-02   3.19050300000E-02
   3.08700800000E-02   2.99296600000E-02   2.90701600000E-02   2.82806200000E-02
   2.68770200000E-02   2.56636500000E-02   2.46012200000E-02   2.36607900000E-02
   2.29543900000E-02   2.23076300000E-02   2.17125200000E-02   2.11625500000E-02
   2.01773000000E-02   1.93181700000E-02   1.85605700000E-02   1.78859100000E-02
   1.72798200000E-02   1.67311600000E-02   1.62313900000E-02   1.57737300000E-02
   1.53526600000E-02   1.49635900000E-02   1.42667100000E-02   1.36590300000E-02
   1.31233000000E-02   1.26464400000E-02   1.22178500000E-02   1.18294900000E-02
   1.13103000000E-02   1.08541900000E-02   1.04494800000E-02   1.00874000000E-02
   9.76048500000E-03   9.46300300000E-03   9.19096900000E-03   8.94109600000E-03
   8.49697600000E-03   8.11308300000E-03   7.77698400000E-03   7.47986800000E-03
   7.25664500000E-03   7.05193200000E-03   6.86353000000E-03   6.68945700000E-03
   6.37766900000E-03   6.10576000000E-03   5.86591900000E-03   5.65286900000E-03
   5.46144500000E-03   5.28766600000E-03   5.12936900000E-03   4.98445100000E-03
   4.85114900000E-03   4.72799300000E-03   4.50741200000E-03   4.31505400000E-03
   4.14537200000E-03   3.99465700000E-03   3.85925800000E-03   3.73613300000E-03
   3.57147400000E-03   3.42689900000E-03   3.29853000000E-03   3.18383800000E-03
   3.08031300000E-03   2.98598000000E-03   2.89979600000E-03   2.82065000000E-03
   2.67999700000E-03   2.55844000000E-03   2.45201400000E-03   2.35791100000E-03
   2.28695400000E-03   2.22184900000E-03   2.16197600000E-03   2.10666900000E-03
   2.00763600000E-03   1.92130100000E-03   1.84516700000E-03   1.77747800000E-03
   1.71669900000E-03   1.66158900000E-03   1.61102500000E-03   1.56473000000E-03
   1.52216600000E-03   1.48285800000E-03   1.41249500000E-03   1.35118200000E-03
   1.29713500000E-03   1.24907700000E-03   1.20594200000E-03   1.16686500000E-03
   1.13089000000E-03   1.09796600000E-03   1.06770600000E-03   1.03977000000E-03
   9.89790600000E-04   9.46249300000E-04   9.07436900000E-04   8.72936500000E-04
   8.41998900000E-04   8.14014300000E-04   7.88287200000E-04   7.64765700000E-04
   7.43163200000E-04   7.23225000000E-04   7.04555400000E-04   6.87195200000E-04
   6.71006900000E-04   6.55858100000E-04   6.41500300000E-04   6.27994900000E-04
   6.15267900000E-04   6.03256000000E-04   5.80868400000E-04   5.60654700000E-04
   5.42120900000E-04   5.25199300000E-04   5.09525700000E-04   4.95117000000E-04
   4.82860500000E-04   4.70665900000E-04   4.58471200000E-04   4.46357500000E-04
   4.36733400000E-04   4.27189400000E-04   4.17645400000E-04   4.08160700000E-04
   3.92620700000E-04   3.77185100000E-04   3.64247500000E-04   3.51391300000E-04
   3.40397900000E-04   3.29469600000E-04   3.19975300000E-04   3.10534500000E-04
   3.02226000000E-04   2.93962400000E-04   2.86611900000E-04   2.79299500000E-04
   2.72736700000E-04   2.66206500000E-04   2.54431800000E-04   2.41933700000E-04
   2.29482100000E-04   2.19387100000E-04   2.09336200000E-04   2.00982000000E-04
   1.92662400000E-04   1.85613500000E-04   1.78592300000E-04   1.72552500000E-04
   1.66535500000E-04   1.61295200000E-04   1.56073900000E-04   1.51479900000E-04
   1.46902000000E-04   1.42839100000E-04   1.38790200000E-04   1.31562200000E-04
   1.25079800000E-04   1.19233200000E-04   1.13933600000E-04   1.09108500000E-04
   1.04699300000E-04   1.00809900000E-04   9.69303900000E-05   9.36156000000E-05
   9.03105300000E-05   8.74571700000E-05   8.46119600000E-05   8.21339200000E-05
   7.96628200000E-05   7.53316500000E-05   7.15161300000E-05   6.81352700000E-05
   6.51241500000E-05   6.24300800000E-05   6.00104400000E-05   5.79302100000E-05
   5.58544900000E-05   5.41416500000E-05   5.24331500000E-05   5.10086000000E-05
   4.95876400000E-05   4.83926100000E-05   4.72005600000E-05   4.51836400000E-05
   4.34693100000E-05   4.20050100000E-05   4.07492400000E-05   3.96688600000E-05
   3.87370800000E-05   3.79320700000E-05   3.72357900000E-05   3.66333100000E-05
   3.61121300000E-05   3.56618900000E-05   3.52254200000E-05   3.47900200000E-05
   3.44944000000E-05   3.41998100000E-05   3.40078900000E-05   3.38167500000E-05
   3.37019400000E-05   3.35877400000E-05   3.34741300000E-05   3.34473000000E-05
   3.34856800000E-05   3.35728000000E-05   3.36959500000E-05   3.38452600000E-05
   3.41928800000E-05   3.45711800000E-05   3.49523900000E-05   3.53192000000E-05
   3.56611500000E-05   3.59722400000E-05   3.62495400000E-05   3.64921000000E-05
   3.67002800000E-05   3.68753200000E-05   3.71335900000E-05   3.72840900000E-05
   3.73449900000E-05   3.73333300000E-05   3.72641700000E-05   3.71503200000E-05
   3.70024400000E-05   3.68292700000E-05   3.66378300000E-05   3.64337900000E-05
   3.62216100000E-05   3.60048200000E-05   3.57861300000E-05   3.55676900000E-05
   3.53510900000E-05   3.51375600000E-05   3.49279700000E-05   3.47229700000E-05
   3.45230000000E-05   3.43283400000E-05   3.41391300000E-05   3.39554500000E-05
   3.37772500000E-05   3.36045000000E-05   3.34370700000E-05   3.30407000000E-05
   3.26737500000E-05   3.23330700000E-05   3.20154500000E-05   3.17178700000E-05
   3.14375400000E-05   3.11719200000E-05   3.09187700000E-05   3.06760900000E-05
   3.04421400000E-05   3.02154000000E-05   2.99945500000E-05   2.97784500000E-05
   2.95661100000E-05   2.93567000000E-05   2.91495100000E-05   2.89439300000E-05
   2.87394600000E-05   2.85356900000E-05   2.83322700000E-05   2.81289400000E-05
   2.79254800000E-05   2.77217400000E-05   2.75176100000E-05   2.73130100000E-05
   2.71079200000E-05   1.79181100000E+03   1.76445700000E+03   1.73831800000E+03
   1.71330800000E+03   1.68934700000E+03   1.66636500000E+03   1.64429600000E+03
   1.62308100000E+03   1.60266700000E+03   1.58300400000E+03   1.56404800000E+03
   1.54575700000E+03   1.52809300000E+03   1.49451000000E+03   1.46304800000E+03
   1.43349300000E+03   1.40566100000E+03   1.37938900000E+03   1.35453800000E+03
   1.33098300000E+03   1.30861700000E+03   1.28734200000E+03   1.26707200000E+03
   1.23838600000E+03   1.21156500000E+03   1.18641500000E+03   1.16276900000E+03
   1.14048300000E+03   1.11943200000E+03   1.09950600000E+03   1.08060700000E+03
   1.06265100000E+03   1.04556200000E+03   1.02927200000E+03   1.01372000000E+03
   9.98853400000E+02   9.84622400000E+02   9.70983000000E+02   9.57895400000E+02
   9.45323500000E+02   9.33234100000E+02   9.21597300000E+02   9.10385400000E+02
   8.99573200000E+02   8.89137500000E+02   8.69311900000E+02   8.50756800000E+02
   8.33341900000E+02   8.16955200000E+02   8.01499200000E+02   7.89268600000E+02
   7.77581800000E+02   7.66399600000E+02   7.55686700000E+02   7.45411200000E+02
   7.35544100000E+02   7.26059100000E+02   7.16932100000E+02   7.08141200000E+02
   6.99666200000E+02   6.91488600000E+02   6.83591500000E+02   6.68577200000E+02
   6.54511600000E+02   6.41298900000E+02   6.28856100000E+02   6.17111400000E+02
   6.06001800000E+02   5.95472100000E+02   5.85473600000E+02   5.75963000000E+02
   5.66901900000E+02   5.58256000000E+02   5.49994600000E+02   5.42089900000E+02
   5.34517100000E+02   5.27253500000E+02   5.20278600000E+02   5.13573900000E+02
   5.07122400000E+02   5.00908400000E+02   4.94917800000E+02   4.89137500000E+02
   4.83555500000E+02   4.72943000000E+02   4.63001100000E+02   4.53662200000E+02
   4.44867700000E+02   4.36566800000E+02   4.28714800000E+02   4.21272800000E+02
   4.14206400000E+02   4.07484900000E+02   4.01081200000E+02   3.92019200000E+02
   3.83547100000E+02   3.75602700000E+02   3.68133900000E+02   3.61095000000E+02
   3.54446300000E+02   3.48153200000E+02   3.42184900000E+02   3.36514600000E+02
   3.31118300000E+02   3.25974800000E+02   3.21064500000E+02   3.16370600000E+02
   3.11877600000E+02   3.07571700000E+02   3.03440100000E+02   2.99471500000E+02
   2.95655400000E+02   2.91982300000E+02   2.88443500000E+02   2.85031000000E+02
   2.81737500000E+02   2.75481000000E+02   2.69626000000E+02   2.64131300000E+02
   2.58961400000E+02   2.54085700000E+02   2.50227800000E+02   2.46541600000E+02
   2.43014900000E+02   2.39636500000E+02   2.36396300000E+02   2.33285100000E+02
   2.30294600000E+02   2.27417200000E+02   2.24646000000E+02   2.21974600000E+02
   2.19397100000E+02   2.16908200000E+02   2.12176800000E+02   2.07745000000E+02
   2.03582600000E+02   1.99663400000E+02   1.95964600000E+02   1.92466300000E+02
   1.89151200000E+02   1.86003800000E+02   1.83010500000E+02   1.80159000000E+02
   1.77438700000E+02   1.74839700000E+02   1.72353300000E+02   1.69971700000E+02
   1.67687700000E+02   1.65494800000E+02   1.63387200000E+02   1.61359500000E+02
   1.59406700000E+02   1.57524500000E+02   1.55708600000E+02   1.53955200000E+02
   1.50622500000E+02   1.47501400000E+02   1.44570500000E+02   1.41811300000E+02
   1.39207700000E+02   1.36745700000E+02   1.34413000000E+02   1.32198700000E+02
   1.30093100000E+02   1.28087700000E+02   1.25250900000E+02   1.22599800000E+02
   1.20115200000E+02   1.17780400000E+02   1.15581000000E+02   1.13504400000E+02
   1.11539800000E+02   1.09677500000E+02   1.07909000000E+02   1.06226700000E+02
   1.04623800000E+02   1.03094500000E+02   1.01633200000E+02   1.00235000000E+02
   9.88957300000E+01   9.76112600000E+01   9.63780000000E+01   9.51926900000E+01
   9.40523200000E+01   9.29541500000E+01   9.18956600000E+01   9.08745500000E+01
   8.89361200000E+01   8.71237100000E+01   8.54243900000E+01   8.38270000000E+01
   8.23218500000E+01   8.11319000000E+01   7.99958000000E+01   7.89096600000E+01
   7.78699700000E+01   7.68735600000E+01   7.59175500000E+01   7.49993400000E+01
   7.41165000000E+01   7.32668800000E+01   7.24484700000E+01   7.16594500000E+01
   7.08981200000E+01   6.94524200000E+01   6.81003000000E+01   6.68322700000E+01
   6.56401000000E+01   6.45166600000E+01   6.34557300000E+01   6.24518200000E+01
   6.15001200000E+01   6.05963400000E+01   5.97366900000E+01   5.89177700000E+01
   5.81365300000E+01   5.73902500000E+01   5.66764600000E+01   5.59929400000E+01
   5.53376500000E+01   5.47087500000E+01   5.41045800000E+01   5.35236000000E+01
   5.29644000000E+01   5.24257000000E+01   5.19063300000E+01   5.09212300000E+01
   5.00013400000E+01   4.91400000000E+01   4.83314600000E+01   4.75707000000E+01
   4.68533700000E+01   4.61756400000E+01   4.55341400000E+01   4.49258600000E+01
   4.43481500000E+01   4.37665200000E+01   4.32140600000E+01   4.26885100000E+01
   4.21878500000E+01   4.17102700000E+01   4.12541300000E+01   4.08179500000E+01
   4.04003800000E+01   3.97117200000E+01   3.90705100000E+01   3.84717800000E+01
   3.79112900000E+01   3.73853600000E+01   3.68907800000E+01   3.64247300000E+01
   3.59847200000E+01   3.56363500000E+01   3.53034100000E+01   3.49848600000E+01
   3.46797700000E+01   3.43872600000E+01   3.41065700000E+01   3.38369700000E+01
   3.35778000000E+01   3.30883700000E+01   3.26339500000E+01   3.22108600000E+01
   3.18159100000E+01   3.15148300000E+01   3.12290800000E+01   3.09575300000E+01
   3.06991100000E+01   3.04528900000E+01   3.02180300000E+01   2.99937400000E+01
   2.97793300000E+01   2.95741400000E+01   2.93776100000E+01   2.91891800000E+01
   2.90083600000E+01   2.86678100000E+01   2.83527100000E+01   2.80603300000E+01
   2.77883100000E+01   2.75345800000E+01   2.72973900000E+01   2.70751700000E+01
   2.68665500000E+01   2.66703400000E+01   2.64854700000E+01   2.63110000000E+01
   2.61460700000E+01   2.59899400000E+01   2.58419300000E+01   2.57014300000E+01
   2.55678900000E+01   2.54408000000E+01   2.53197200000E+01   2.52042500000E+01
   2.50939900000E+01   2.49886200000E+01   2.48878100000E+01   2.46987900000E+01
   2.45248900000E+01   2.43643900000E+01   2.42158200000E+01   2.40779200000E+01
   2.39495900000E+01   2.38298700000E+01   2.37179500000E+01   2.36130900000E+01
   2.35146600000E+01   2.33778300000E+01   2.32525400000E+01   2.31374000000E+01
   2.30312400000E+01   2.29330600000E+01   2.28420000000E+01   2.27573100000E+01
   2.26783600000E+01   2.26045800000E+01   2.25354900000E+01   2.24706400000E+01
   2.24096800000E+01   2.23522500000E+01   2.22980600000E+01   2.22468500000E+01
   2.21983700000E+01   2.21524200000E+01   2.21088000000E+01   2.20673400000E+01
   2.20278900000E+01   2.19902900000E+01   2.19544300000E+01   2.18874500000E+01
   2.18261300000E+01   2.17697700000E+01   2.16697400000E+01   2.15971700000E+01
   2.15326500000E+01   2.14749300000E+01   2.14229800000E+01   2.13332400000E+01
   2.12584600000E+01   2.11951800000E+01   2.11409400000E+01   2.10939400000E+01
   2.10528000000E+01   2.10165100000E+01   2.09842400000E+01   2.09553800000E+01
   2.09293900000E+01   2.08845100000E+01   2.08471100000E+01   2.08154600000E+01
   2.07883200000E+01   2.07648100000E+01   2.07442300000E+01   2.07177600000E+01
   2.06954800000E+01   2.06764500000E+01   2.06600100000E+01   2.06456600000E+01
   2.06330400000E+01   2.06218400000E+01   2.06118400000E+01   2.05947300000E+01
   2.05806400000E+01   2.05688200000E+01   2.05587600000E+01   2.05514600000E+01
   2.05449700000E+01   2.05391500000E+01   2.05339200000E+01   2.05248600000E+01
   2.05173000000E+01   2.05108900000E+01   2.05053800000E+01   2.05005900000E+01
   2.04964000000E+01   2.04926800000E+01   2.04893700000E+01   2.04864000000E+01
   2.04837200000E+01   2.04790700000E+01   2.04751600000E+01   2.04718300000E+01
   2.04689500000E+01   2.04664300000E+01   2.04642100000E+01   2.04613100000E+01
   2.04588400000E+01   2.04566800000E+01   2.04547900000E+01   2.04531100000E+01
   2.04515900000E+01   2.04502200000E+01   2.04489700000E+01   2.04467600000E+01
   2.04448500000E+01   2.04431700000E+01   2.04416600000E+01   2.04405200000E+01
   2.04394500000E+01   2.04384600000E+01   2.04375200000E+01   2.04357800000E+01
   2.04341900000E+01   2.04327200000E+01   2.04313400000E+01   2.04300300000E+01
   2.04287700000E+01   2.04275700000E+01   2.04264100000E+01   2.04252800000E+01
   2.04241800000E+01   2.04220500000E+01   2.04200000000E+01   2.04180000000E+01
   2.04160500000E+01   2.04141400000E+01   2.04122500000E+01   2.04094800000E+01
   2.04067500000E+01   2.04040500000E+01   2.04013700000E+01   2.03987200000E+01
   2.03960800000E+01   2.03934600000E+01   2.03908500000E+01   2.03856600000E+01
   2.03805000000E+01   2.03753600000E+01   2.03702400000E+01   2.03660100000E+01
   2.03617800000E+01   2.03575600000E+01   2.03533500000E+01   2.03449400000E+01
   2.03365600000E+01   2.03281800000E+01   2.03198000000E+01   2.03114300000E+01
   2.03030800000E+01   2.02948100000E+01   2.02865500000E+01   2.02783000000E+01
   2.02700500000E+01   2.02535500000E+01   2.02370700000E+01   2.02205800000E+01
   2.02041000000E+01   2.01876300000E+01   2.01711700000E+01   2.01549300000E+01
   2.01387000000E+01   2.01224800000E+01   2.01062600000E+01   2.00738200000E+01
   2.00414000000E+01   2.00094300000E+01   1.99774700000E+01   1.99455100000E+01
   1.99135800000E+01   1.98820700000E+01   1.98505800000E+01   1.98190900000E+01
   1.97876200000E+01   1.97565700000E+01   1.97255400000E+01   1.96945000000E+01
   1.96634900000E+01   1.96328900000E+01   1.96022900000E+01   1.95717100000E+01
   1.95411400000E+01   1.94808100000E+01   1.94205300000E+01   1.93610500000E+01
   1.93016100000E+01   1.92429600000E+01   1.91843700000E+01   1.91269300000E+01
   1.90695200000E+01   1.90121000000E+01   1.89547400000E+01   1.88988400000E+01
   1.88429900000E+01   1.87871400000E+01   1.87313300000E+01   1.86225800000E+01
   1.85139300000E+01   1.84080500000E+01   1.83022700000E+01   1.81991500000E+01
   1.80961300000E+01   1.79956700000E+01   1.78953100000E+01   1.77974100000E+01
   1.76996000000E+01   1.76041500000E+01   1.75088000000E+01   1.74157200000E+01
   1.73227300000E+01   1.71412500000E+01   1.69236900000E+01   1.67063500000E+01
   1.65012900000E+01   1.62964800000E+01   1.61028800000E+01   1.59095300000E+01
   1.57264700000E+01   1.55436500000E+01   1.53702700000E+01   1.51971200000E+01
   1.50326900000E+01   1.48684700000E+01   1.47122800000E+01   1.45563100000E+01
   1.44077600000E+01   1.42594200000E+01   1.39767200000E+01   1.37071700000E+01
   1.34499100000E+01   1.32040700000E+01   1.29689100000E+01   1.27438000000E+01
   1.25322800000E+01   1.23210200000E+01   1.21259900000E+01   1.19312500000E+01
   1.17508600000E+01   1.15707400000E+01   1.14033900000E+01   1.12362900000E+01
   1.09251100000E+01   1.06348300000E+01   1.03633900000E+01   1.01089500000E+01
   9.86995600000E+00   9.64504300000E+00   9.43866300000E+00   9.23254000000E+00
   9.04770400000E+00   8.86313400000E+00   8.69659300000E+00   8.53028500000E+00
   8.37938200000E+00   8.22868600000E+00   7.95401300000E+00   7.70270600000E+00
   7.47180600000E+00   7.25883900000E+00   7.06171300000E+00   6.87865200000E+00
   6.70813700000E+00   6.54886100000E+00   6.39969300000E+00   6.25965100000E+00
   6.12790100000E+00   5.97884300000E+00   5.82992400000E+00   5.69966400000E+00
   5.56954600000E+00   5.45454600000E+00   5.33966700000E+00   5.23721400000E+00
   5.13486500000E+00   4.95094600000E+00   4.78461300000E+00   4.63323700000E+00
   4.49469700000E+00   4.36726400000E+00   4.24951900000E+00   4.03849900000E+00
   3.85420900000E+00   3.69130100000E+00   3.54579800000E+00   3.41468300000E+00
   3.29562700000E+00   3.18679700000E+00   3.08673100000E+00   2.99425100000E+00
   2.90839300000E+00   2.75346600000E+00   2.61698200000E+00   2.49537900000E+00
   2.38601000000E+00   2.28686800000E+00   2.19639300000E+00   2.11335200000E+00
   2.03675500000E+00   1.96579300000E+00   1.89979800000E+00   1.83821400000E+00
   1.78057000000E+00   1.72646600000E+00   1.67555900000E+00   1.62755100000E+00
   1.58218400000E+00   1.53923200000E+00   1.49849300000E+00   1.45979400000E+00
   1.42297600000E+00   1.38789800000E+00   1.35443500000E+00   1.32247100000E+00
   1.29190800000E+00   1.26265200000E+00   1.19469100000E+00   1.13325800000E+00
   1.07744000000E+00   1.02649600000E+00   9.79812000000E-01   9.36874700000E-01
   8.97252700000E-01   8.60579600000E-01   8.26541500000E-01   7.94868200000E-01
   7.65325500000E-01   7.37709300000E-01   7.11840600000E-01   6.87562300000E-01
   6.64735200000E-01   6.43235900000E-01   6.22954500000E-01   6.03792600000E-01
   5.85662200000E-01   5.68483900000E-01   5.52186300000E-01   5.36704600000E-01
   5.21980300000E-01   5.07959900000E-01   4.94594800000E-01   4.81840800000E-01
   1.21718000000E-05   1.21717800000E-05   1.21717600000E-05   1.21717300000E-05
   1.21717200000E-05   1.21717000000E-05   1.21716700000E-05   1.21716600000E-05
   1.21716300000E-05   1.21716200000E-05   1.21716000000E-05   1.21715700000E-05
   1.21715600000E-05   1.21715100000E-05   1.21714700000E-05   1.21714300000E-05
   1.21713900000E-05   1.21713500000E-05   1.21713100000E-05   1.21712700000E-05
   1.21712200000E-05   1.21711800000E-05   1.21711400000E-05   1.21710800000E-05
   1.21710200000E-05   1.21709500000E-05   1.21709000000E-05   1.21708300000E-05
   1.21707700000E-05   1.21707000000E-05   1.21706500000E-05   1.21705900000E-05
   1.21705200000E-05   1.21704600000E-05   1.21704000000E-05   1.21703400000E-05
   1.21702700000E-05   1.21702100000E-05   1.21701500000E-05   1.21700900000E-05
   1.21700300000E-05   1.21699600000E-05   1.21699000000E-05   1.21698400000E-05
   1.21697800000E-05   1.21696600000E-05   1.21695300000E-05   1.21694100000E-05
   1.21692900000E-05   1.21691600000E-05   1.21690600000E-05   1.21689500000E-05
   1.21688500000E-05   1.21687500000E-05   1.21686500000E-05   1.21685400000E-05
   1.21684400000E-05   1.21683400000E-05   1.21682300000E-05   1.21681300000E-05
   1.21680300000E-05   1.21679200000E-05   1.21677200000E-05   1.21675100000E-05
   1.21673000000E-05   1.21671000000E-05   1.21668900000E-05   1.21666800000E-05
   1.21664800000E-05   1.21662700000E-05   1.21660600000E-05   1.21658600000E-05
   1.21656500000E-05   1.21654500000E-05   1.21652400000E-05   1.21650300000E-05
   1.21648300000E-05   1.21646200000E-05   1.21644200000E-05   1.21642100000E-05
   1.21640000000E-05   1.21638000000E-05   1.21635900000E-05   1.21633900000E-05
   1.21629700000E-05   1.21625600000E-05   1.21621500000E-05   1.21617400000E-05
   1.21613300000E-05   1.21609100000E-05   1.21605000000E-05   1.21600900000E-05
   1.21596800000E-05   1.21592700000E-05   1.21586500000E-05   1.21580200000E-05
   1.21574000000E-05   1.21567900000E-05   1.21561700000E-05   1.21555500000E-05
   1.21549300000E-05   1.21543200000E-05   1.21537000000E-05   1.21530800000E-05
   1.21524600000E-05   1.21518400000E-05   1.21512300000E-05   1.21506100000E-05
   1.21499900000E-05   1.21493700000E-05   1.21487600000E-05   1.21481400000E-05
   1.21475200000E-05   1.21469100000E-05   1.21463000000E-05   1.21456800000E-05
   1.21444500000E-05   1.21432100000E-05   1.21419800000E-05   1.21407600000E-05
   1.21395300000E-05   1.21385000000E-05   1.21374800000E-05   1.21364500000E-05
   1.21354300000E-05   1.21344000000E-05   1.21333800000E-05   1.21323600000E-05
   1.21313300000E-05   1.21303100000E-05   1.21292800000E-05   1.21282600000E-05
   1.21272400000E-05   1.21252000000E-05   1.21231500000E-05   1.21211100000E-05
   1.21190700000E-05   1.21170300000E-05   1.21149900000E-05   1.21129500000E-05
   1.21109100000E-05   1.21088700000E-05   1.21068500000E-05   1.21048000000E-05
   1.21027700000E-05   1.21007400000E-05   1.20987100000E-05   1.20966700000E-05
   1.20946500000E-05   1.20926100000E-05   1.20905800000E-05   1.20885600000E-05
   1.20865300000E-05   1.20845000000E-05   1.20824800000E-05   1.20784400000E-05
   1.20743800000E-05   1.20703500000E-05   1.20663000000E-05   1.20622700000E-05
   1.20582400000E-05   1.20542100000E-05   1.20501900000E-05   1.20461700000E-05
   1.20421500000E-05   1.20361400000E-05   1.20301300000E-05   1.20241300000E-05
   1.20181200000E-05   1.20121400000E-05   1.20061600000E-05   1.20002000000E-05
   1.19942400000E-05   1.19882800000E-05   1.19823300000E-05   1.19764000000E-05
   1.19704700000E-05   1.19645400000E-05   1.19586300000E-05   1.19527200000E-05
   1.19468200000E-05   1.19409300000E-05   1.19350400000E-05   1.19291700000E-05
   1.19233000000E-05   1.19174400000E-05   1.19115900000E-05   1.18999000000E-05
   1.18882500000E-05   1.18766300000E-05   1.18650400000E-05   1.18534700000E-05
   1.18438600000E-05   1.18342700000E-05   1.18246900000E-05   1.18151400000E-05
   1.18056200000E-05   1.17961100000E-05   1.17866100000E-05   1.17771500000E-05
   1.17677000000E-05   1.17582700000E-05   1.17488600000E-05   1.17394700000E-05
   1.17207500000E-05   1.17021200000E-05   1.16835600000E-05   1.16650800000E-05
   1.16466800000E-05   1.16283600000E-05   1.16101100000E-05   1.15919400000E-05
   1.15738400000E-05   1.15558200000E-05   1.15378800000E-05   1.15200100000E-05
   1.15022200000E-05   1.14844900000E-05   1.14668500000E-05   1.14492700000E-05
   1.14317700000E-05   1.14143300000E-05   1.13969700000E-05   1.13796800000E-05
   1.13624700000E-05   1.13453100000E-05   1.13112200000E-05   1.12774100000E-05
   1.12438700000E-05   1.12105900000E-05   1.11775800000E-05   1.11448400000E-05
   1.11123400000E-05   1.10801100000E-05   1.10481300000E-05   1.10163900000E-05
   1.09830300000E-05   1.09499300000E-05   1.09171100000E-05   1.08845500000E-05
   1.08522600000E-05   1.08202300000E-05   1.07884500000E-05   1.07569300000E-05
   1.07024400000E-05   1.06487000000E-05   1.05956900000E-05   1.05434000000E-05
   1.04918200000E-05   1.04409200000E-05   1.03907000000E-05   1.03411400000E-05
   1.03003500000E-05   1.02599900000E-05   1.02200600000E-05   1.01805700000E-05
   1.01415000000E-05   1.01028400000E-05   1.00645900000E-05   1.00267400000E-05
   9.95221600000E-06   9.87922700000E-06   9.80771700000E-06   9.73764100000E-06
   9.68192600000E-06   9.62710000000E-06   9.57313700000E-06   9.52002900000E-06
   9.46774500000E-06   9.41626800000E-06   9.36558100000E-06   9.31566700000E-06
   9.26650100000E-06   9.21807100000E-06   9.17036000000E-06   9.12335200000E-06
   9.03137600000E-06   8.94202600000E-06   8.85518500000E-06   8.77074700000E-06
   8.68861300000E-06   8.60868500000E-06   8.53087500000E-06   8.45509300000E-06
   8.38126100000E-06   8.30930500000E-06   8.23914500000E-06   8.17072500000E-06
   8.10396700000E-06   8.03881200000E-06   7.97520500000E-06   7.91308300000E-06
   7.85240300000E-06   7.79310600000E-06   7.73514500000E-06   7.67847600000E-06
   7.62305500000E-06   7.56883900000E-06   7.46386000000E-06   7.36324100000E-06
   7.26670400000E-06   7.17400300000E-06   7.08490000000E-06   6.99919000000E-06
   6.91666700000E-06   6.83716100000E-06   6.76050200000E-06   6.68653000000E-06
   6.58030200000E-06   6.47936400000E-06   6.38331600000E-06   6.29180500000E-06
   6.20450400000E-06   6.12112200000E-06   6.04139200000E-06   5.96507900000E-06
   5.89195400000E-06   5.82182200000E-06   5.75450100000E-06   5.68981400000E-06
   5.62761700000E-06   5.56776200000E-06   5.51011100000E-06   5.45455400000E-06
   5.40096900000E-06   5.34925700000E-06   5.29931800000E-06   5.25106100000E-06
   5.20440700000E-06   5.15927500000E-06   5.07328500000E-06   4.99256500000E-06
   4.91664800000E-06   4.77764500000E-06   4.67326400000E-06   4.57792100000E-06
   4.49053200000E-06   4.41019700000E-06   4.26772800000E-06   4.14559700000E-06
   4.04012900000E-06   3.94851300000E-06   3.86856000000E-06   3.79853800000E-06
   3.73705100000E-06   3.68296900000E-06   3.63535200000E-06   3.59342800000E-06
   3.52414200000E-06   3.47098100000E-06   3.43090700000E-06   3.40162600000E-06
   3.38136500000E-06   3.36874200000E-06   3.36176500000E-06   3.36664000000E-06
   3.38121600000E-06   3.40384300000E-06   3.43324200000E-06   3.46839600000E-06
   3.50849500000E-06   3.55288000000E-06   3.65243900000E-06   3.76373400000E-06
   3.88437600000E-06   4.01259600000E-06   4.12425800000E-06   4.23964100000E-06
   4.35825200000E-06   4.47968700000E-06   4.72975000000E-06   4.98773500000E-06
   5.25210800000E-06   5.52171400000E-06   5.79564600000E-06   6.07320700000E-06
   6.35386700000E-06   6.63718800000E-06   6.92283300000E-06   7.21050700000E-06
   7.79101000000E-06   8.37718900000E-06   8.96794300000E-06   9.56244800000E-06
   1.01600300000E-05   1.07601700000E-05   1.16644300000E-05   1.25727100000E-05
   1.34842800000E-05   1.43985800000E-05   1.53151200000E-05   1.62335400000E-05
   1.71536000000E-05   1.80750700000E-05   1.99215700000E-05   2.17719400000E-05
   2.36253700000E-05   2.54812900000E-05   2.70294600000E-05   2.85788200000E-05
   3.01292200000E-05   3.16805400000E-05   3.47855100000E-05   3.78930500000E-05
   4.10026400000E-05   4.41139500000E-05   4.72266500000E-05   5.03404700000E-05
   5.34553000000E-05   5.65710300000E-05   5.96874300000E-05   6.28045300000E-05
   6.90403700000E-05   7.52780200000E-05   8.15171000000E-05   8.77574000000E-05
   9.39987300000E-05   1.00240800000E-04   1.09605200000E-04   1.18970900000E-04
   1.28337700000E-04   1.37705300000E-04   1.47073700000E-04   1.56442700000E-04
   1.65812100000E-04   1.75182000000E-04   1.93923000000E-04   2.12665200000E-04
   2.31408400000E-04   2.50152400000E-04   2.65772900000E-04   2.81393700000E-04
   2.97014900000E-04   3.12636400000E-04   3.43880100000E-04   3.75124600000E-04
   4.06369700000E-04   4.37615500000E-04   4.68861600000E-04   5.00108300000E-04
   5.31355300000E-04   5.62602300000E-04   5.93849400000E-04   6.25097300000E-04
   6.87593000000E-04   7.50089100000E-04   8.12585800000E-04   8.75083100000E-04
   9.37580600000E-04   1.00007800000E-03   1.06257600000E-03   1.12507400000E-03
   1.18757300000E-03   1.25007100000E-03   1.37506900000E-03   1.50006700000E-03
   1.62506600000E-03   1.75006400000E-03   1.87506300000E-03   2.00006300000E-03
   2.12506200000E-03   2.25006200000E-03   2.37506200000E-03   2.50006200000E-03
   2.62506200000E-03   2.75006300000E-03   2.87506400000E-03   3.00006400000E-03
   3.12506500000E-03   3.25006600000E-03   3.37506700000E-03   3.50006800000E-03
   3.75007100000E-03   4.00007400000E-03   4.25007800000E-03   4.50008100000E-03
   4.75008600000E-03   5.00009000000E-03   5.25009300000E-03   5.50010200000E-03
   5.75010500000E-03   6.00011000000E-03   6.25011700000E-03   6.50012700000E-03
   6.75013200000E-03   7.00014100000E-03   7.50015600000E-03   8.00017000000E-03
   8.50018900000E-03   9.00020800000E-03   9.50022800000E-03   1.00002500000E-02
   1.05002700000E-02   1.10002900000E-02   1.15003200000E-02   1.20003400000E-02
   1.25003700000E-02   1.30004000000E-02   1.35004200000E-02   1.40004600000E-02
   1.50005200000E-02   1.62506000000E-02   1.75006900000E-02   1.87507900000E-02
   2.00009000000E-02   2.12510100000E-02   2.25011200000E-02   2.37512400000E-02
   2.50013700000E-02   2.62515000000E-02   2.75016500000E-02   2.87517900000E-02
   3.00019400000E-02   3.12521000000E-02   3.25022600000E-02   3.37524300000E-02
   3.50026000000E-02   3.75029700000E-02   4.00033600000E-02   4.25037700000E-02
   4.50042000000E-02   4.75046400000E-02   5.00051100000E-02   5.25056000000E-02
   5.50061200000E-02   5.75066400000E-02   6.00071900000E-02   6.25077500000E-02
   6.50083400000E-02   6.75089400000E-02   7.00095600000E-02   7.50108600000E-02
   8.00122100000E-02   8.50136400000E-02   9.00151300000E-02   9.50166800000E-02
   1.00018300000E-01   1.05020000000E-01   1.10021700000E-01   1.15023500000E-01
   1.20025300000E-01   1.25027200000E-01   1.30029100000E-01   1.35031100000E-01
   1.40033200000E-01   1.50037500000E-01   1.60041900000E-01   1.70046600000E-01
   1.80051300000E-01   1.90056400000E-01   2.00061500000E-01   2.10066800000E-01
   2.20072300000E-01   2.30078000000E-01   2.40083900000E-01   2.50089900000E-01
   2.62597600000E-01   2.75105500000E-01   2.87613800000E-01   3.00122400000E-01
   3.12631200000E-01   3.25140100000E-01   3.37649500000E-01   3.50159200000E-01
   3.75179100000E-01   4.00200300000E-01   4.25222700000E-01   4.50246300000E-01
   4.75271200000E-01   5.00297300000E-01   5.50354000000E-01   6.00416600000E-01
   6.50485600000E-01   7.00561700000E-01   7.50644900000E-01   8.00735700000E-01
   8.50834600000E-01   9.00942200000E-01   9.51058900000E-01   1.00118500000E+00
   1.10146600000E+00   1.20178800000E+00   1.30215500000E+00   1.40256800000E+00
   1.50302900000E+00   1.60354100000E+00   1.70410400000E+00   1.80472000000E+00
   1.90539100000E+00   2.00611700000E+00   2.10689900000E+00   2.20773900000E+00
   2.30863600000E+00   2.40959200000E+00   2.51060500000E+00   2.61167700000E+00
   2.71280700000E+00   2.81399500000E+00   2.91524200000E+00   3.01654500000E+00
   3.11790600000E+00   3.21932300000E+00   3.32079600000E+00   3.42232300000E+00
   3.52390500000E+00   3.77808800000E+00   4.03258100000E+00   4.28736700000E+00
   4.54241900000E+00   4.79771100000E+00   5.05321500000E+00   5.30890200000E+00
   5.56473900000E+00   5.82069700000E+00   6.07674000000E+00   6.33283600000E+00
   6.58895400000E+00   6.84505900000E+00   7.10112200000E+00   7.35711000000E+00
   7.61299700000E+00   7.86875300000E+00   8.12435200000E+00   8.37977400000E+00
   8.63499500000E+00   8.88999600000E+00   9.14476300000E+00   9.39928500000E+00
   9.65354800000E+00   9.90754900000E+00   1.01612900000E+01                 102
                 204   2.22464800000E+00   0.00000000000E+00                   0
                   0                   1                 634                   1
                 631   1.67298900000E+01   1.64744600000E+01   1.62303800000E+01
   1.59968300000E+01   1.57730900000E+01   1.55584800000E+01   1.53524000000E+01
   1.51543000000E+01   1.49636700000E+01   1.47800600000E+01   1.46030500000E+01
   1.44322400000E+01   1.42673000000E+01   1.39536900000E+01   1.36599000000E+01
   1.33839100000E+01   1.31240100000E+01   1.28786800000E+01   1.26466100000E+01
   1.24266500000E+01   1.22177800000E+01   1.20191100000E+01   1.18298200000E+01
   1.15619400000E+01   1.13114700000E+01   1.10766000000E+01   1.08557900000E+01
   1.06476700000E+01   1.04510800000E+01   1.02649900000E+01   1.00885000000E+01
   9.92081600000E+00   9.76122100000E+00   9.60908900000E+00   9.46385500000E+00
   9.32501300000E+00   9.19210800000E+00   9.06472900000E+00   8.94250200000E+00
   8.82509000000E+00   8.71218500000E+00   8.60350400000E+00   8.49879300000E+00
   8.39781300000E+00   8.30035000000E+00   8.11518900000E+00   7.94189100000E+00
   7.77924100000E+00   7.62619200000E+00   7.48183400000E+00   7.36760100000E+00
   7.25844500000E+00   7.15400200000E+00   7.05394100000E+00   6.95796500000E+00
   6.86580200000E+00   6.77720700000E+00   6.69195600000E+00   6.60984300000E+00
   6.53068000000E+00   6.45429500000E+00   6.38053000000E+00   6.24028100000E+00
   6.10889200000E+00   5.98546700000E+00   5.86923400000E+00   5.75951900000E+00
   5.65573500000E+00   5.55736700000E+00   5.46395900000E+00   5.37510800000E+00
   5.29045600000E+00   5.20968100000E+00   5.13249600000E+00   5.05864300000E+00
   4.98789000000E+00   4.92002400000E+00   4.85485500000E+00   4.79220900000E+00
   4.73192700000E+00   4.67386500000E+00   4.61788800000E+00   4.56387600000E+00
   4.51171600000E+00   4.41254500000E+00   4.31963900000E+00   4.23236500000E+00
   4.15017500000E+00   4.07259500000E+00   3.99920900000E+00   3.92965200000E+00
   3.86360300000E+00   3.80077600000E+00   3.74091700000E+00   3.65620600000E+00
   3.57700200000E+00   3.50273100000E+00   3.43290200000E+00   3.36709000000E+00
   3.30492200000E+00   3.24607600000E+00   3.19026600000E+00   3.13723800000E+00
   3.08677000000E+00   3.03866200000E+00   2.99273500000E+00   2.94883000000E+00
   2.90680100000E+00   2.86652100000E+00   2.82786900000E+00   2.79074000000E+00
   2.75503600000E+00   2.72066800000E+00   2.68755600000E+00   2.65562300000E+00
   2.62480200000E+00   2.56624900000E+00   2.51144700000E+00   2.46001300000E+00
   2.41161500000E+00   2.36596500000E+00   2.32984100000E+00   2.29532300000E+00
   2.26229500000E+00   2.23065300000E+00   2.20030200000E+00   2.17115800000E+00
   2.14314200000E+00   2.11618300000E+00   2.09021700000E+00   2.06518300000E+00
   2.04102800000E+00   2.01770100000E+00   1.97335100000E+00   1.93180200000E+00
   1.89277200000E+00   1.85601500000E+00   1.82132000000E+00   1.78850100000E+00
   1.75739400000E+00   1.72785600000E+00   1.69975900000E+00   1.67299000000E+00
   1.64744600000E+00   1.62303800000E+00   1.59968400000E+00   1.57731000000E+00
   1.55584900000E+00   1.53524100000E+00   1.51543000000E+00   1.49636700000E+00
   1.47800600000E+00   1.46030500000E+00   1.44322500000E+00   1.42673000000E+00
   1.39537000000E+00   1.36599000000E+00   1.33839200000E+00   1.31240100000E+00
   1.28786800000E+00   1.26466100000E+00   1.24266500000E+00   1.22177900000E+00
   1.20191100000E+00   1.18298200000E+00   1.15619400000E+00   1.13114700000E+00
   1.10766100000E+00   1.08557900000E+00   1.06476700000E+00   1.04510800000E+00
   1.02650000000E+00   1.00885100000E+00   9.92082100000E-01   9.76122600000E-01
   9.60909400000E-01   9.46386000000E-01   9.32501800000E-01   9.19211300000E-01
   9.06473400000E-01   8.94250700000E-01   8.82509500000E-01   8.71218900000E-01
   8.60350900000E-01   8.49879700000E-01   8.39781800000E-01   8.30035400000E-01
   8.11519300000E-01   7.94189500000E-01   7.77924500000E-01   7.62619600000E-01
   7.48183900000E-01   7.36760500000E-01   7.25845000000E-01   7.15400600000E-01
   7.05394500000E-01   6.95796900000E-01   6.86580600000E-01   6.77721200000E-01
   6.69196000000E-01   6.60984700000E-01   6.53068500000E-01   6.45430000000E-01
   6.38053400000E-01   6.24028600000E-01   6.10889700000E-01   5.98547200000E-01
   5.86923800000E-01   5.75952300000E-01   5.65574000000E-01   5.55737100000E-01
   5.46396400000E-01   5.37511300000E-01   5.29046000000E-01   5.20968500000E-01
   5.13250000000E-01   5.05864800000E-01   4.98789400000E-01   4.92002900000E-01
   4.85486000000E-01   4.79221400000E-01   4.73193200000E-01   4.67387000000E-01
   4.61789300000E-01   4.56388100000E-01   4.51172100000E-01   4.41255000000E-01
   4.31964400000E-01   4.23237000000E-01   4.15018000000E-01   4.07260000000E-01
   3.99921400000E-01   3.92965700000E-01   3.86360800000E-01   3.80078100000E-01
   3.74092200000E-01   3.68046200000E-01   3.62284000000E-01   3.56784400000E-01
   3.51527800000E-01   3.46496900000E-01   3.41676000000E-01   3.37050900000E-01
   3.32608700000E-01   3.25249600000E-01   3.18358500000E-01   3.11887500000E-01
   3.05795800000E-01   3.00047600000E-01   2.94611800000E-01   2.89461200000E-01
   2.84571500000E-01   2.80680800000E-01   2.76945400000E-01   2.73355200000E-01
   2.69901200000E-01   2.66574900000E-01   2.63368600000E-01   2.60275300000E-01
   2.57288500000E-01   2.51610900000E-01   2.46293300000E-01   2.41299200000E-01
   2.36597100000E-01   2.32984800000E-01   2.29533000000E-01   2.26230200000E-01
   2.23066000000E-01   2.20030900000E-01   2.17116500000E-01   2.14314900000E-01
   2.11619100000E-01   2.09022400000E-01   2.06519100000E-01   2.04103600000E-01
   2.01770900000E-01   1.97335900000E-01   1.93181000000E-01   1.89278000000E-01
   1.85602400000E-01   1.82132900000E-01   1.78851000000E-01   1.75740400000E-01
   1.72786600000E-01   1.69976900000E-01   1.67300000000E-01   1.64745600000E-01
   1.62304900000E-01   1.59969500000E-01   1.57732100000E-01   1.55586000000E-01
   1.53525200000E-01   1.51544200000E-01   1.49637900000E-01   1.47801800000E-01
   1.46031700000E-01   1.44323700000E-01   1.42674300000E-01   1.39538300000E-01
   1.36600400000E-01   1.33840600000E-01   1.31241600000E-01   1.28788300000E-01
   1.26467700000E-01   1.24268100000E-01   1.22179500000E-01   1.20192800000E-01
   1.18300000000E-01   1.15621300000E-01   1.13116700000E-01   1.10768100000E-01
   1.08560000000E-01   1.06478900000E-01   1.04513100000E-01   1.02652300000E-01
   1.00887500000E-01   9.92107200000E-02   9.76148600000E-02   9.60936200000E-02
   9.46413700000E-02   9.32530400000E-02   9.19240700000E-02   9.06503600000E-02
   8.94281800000E-02   8.82541400000E-02   8.71251600000E-02   8.60384400000E-02
   8.49914000000E-02   8.39816800000E-02   8.30071200000E-02   8.11556500000E-02
   7.94228100000E-02   7.77964400000E-02   7.48226100000E-02   7.25888900000E-02
   7.05439900000E-02   6.86627300000E-02   6.69243800000E-02   6.38102600000E-02
   6.10939500000E-02   5.86973600000E-02   5.65623100000E-02   5.46444300000E-02
   5.29092300000E-02   5.13294500000E-02   4.98831900000E-02   4.85526500000E-02
   4.73231800000E-02   4.51207200000E-02   4.31996600000E-02   4.15047900000E-02
   3.99949300000E-02   3.86387000000E-02   3.74117000000E-02   3.57723800000E-02
   3.43313200000E-02   3.30515500000E-02   3.19050300000E-02   3.08700800000E-02
   2.99296600000E-02   2.90701600000E-02   2.82806200000E-02   2.68770200000E-02
   2.56636500000E-02   2.46012200000E-02   2.36607900000E-02   2.29543900000E-02
   2.23076300000E-02   2.17125200000E-02   2.11625500000E-02   2.01773000000E-02
   1.93181700000E-02   1.85605700000E-02   1.78859100000E-02   1.72798200000E-02
   1.67311600000E-02   1.62313900000E-02   1.57737300000E-02   1.53526600000E-02
   1.49635900000E-02   1.42667100000E-02   1.36590300000E-02   1.31233000000E-02
   1.26464400000E-02   1.22178500000E-02   1.18294900000E-02   1.13103000000E-02
   1.08541900000E-02   1.04494800000E-02   1.00874000000E-02   9.76048500000E-03
   9.46300300000E-03   9.19096900000E-03   8.94109600000E-03   8.49697600000E-03
   8.11308300000E-03   7.77698400000E-03   7.47986800000E-03   7.25664500000E-03
   7.05193200000E-03   6.86353000000E-03   6.68945700000E-03   6.37766900000E-03
   6.10576000000E-03   5.86591900000E-03   5.65286900000E-03   5.46144500000E-03
   5.28766600000E-03   5.12936900000E-03   4.98445100000E-03   4.85114900000E-03
   4.72799300000E-03   4.50741200000E-03   4.31505400000E-03   4.14537200000E-03
   3.99465700000E-03   3.85925800000E-03   3.73613300000E-03   3.57147400000E-03
   3.42689900000E-03   3.29853000000E-03   3.18383800000E-03   3.08031300000E-03
   2.98598000000E-03   2.89979600000E-03   2.82065000000E-03   2.67999700000E-03
   2.55844000000E-03   2.45201400000E-03   2.35791100000E-03   2.28695400000E-03
   2.22184900000E-03   2.16197600000E-03   2.10666900000E-03   2.00763600000E-03
   1.92130100000E-03   1.84516700000E-03   1.77747800000E-03   1.71669900000E-03
   1.66158900000E-03   1.61102500000E-03   1.56473000000E-03   1.52216600000E-03
   1.48285800000E-03   1.41249500000E-03   1.35118200000E-03   1.29713500000E-03
   1.24907700000E-03   1.20594200000E-03   1.16686500000E-03   1.13089000000E-03
   1.09796600000E-03   1.06770600000E-03   1.03977000000E-03   9.89790600000E-04
   9.46249300000E-04   9.07436900000E-04   8.72936500000E-04   8.41998900000E-04
   8.14014300000E-04   7.88287200000E-04   7.64765700000E-04   7.43163200000E-04
   7.23225000000E-04   7.04555400000E-04   6.87195200000E-04   6.71006900000E-04
   6.55858100000E-04   6.41500300000E-04   6.27994900000E-04   6.15267900000E-04
   6.03256000000E-04   5.80868400000E-04   5.60654700000E-04   5.42120900000E-04
   5.25199300000E-04   5.09525700000E-04   4.95117000000E-04   4.82860500000E-04
   4.70665900000E-04   4.58471200000E-04   4.46357500000E-04   4.36733400000E-04
   4.27189400000E-04   4.17645400000E-04   4.08160700000E-04   3.92620700000E-04
   3.77185100000E-04   3.64247500000E-04   3.51391300000E-04   3.40397900000E-04
   3.29469600000E-04   3.19975300000E-04   3.10534500000E-04   3.02226000000E-04
   2.93962400000E-04   2.86611900000E-04   2.79299500000E-04   2.72736700000E-04
   2.66206500000E-04   2.54431800000E-04   2.41933700000E-04   2.29482100000E-04
   2.19387100000E-04   2.09336200000E-04   2.00982000000E-04   1.92662400000E-04
   1.85613500000E-04   1.78592300000E-04   1.72552500000E-04   1.66535500000E-04
   1.61295200000E-04   1.56073900000E-04   1.51479900000E-04   1.46902000000E-04
   1.42839100000E-04   1.38790200000E-04   1.31562200000E-04   1.25079800000E-04
   1.19233200000E-04   1.13933600000E-04   1.09108500000E-04   1.04699300000E-04
   1.00809900000E-04   9.69303900000E-05   9.36156000000E-05   9.03105300000E-05
   8.74571700000E-05   8.46119600000E-05   8.21339200000E-05   7.96628200000E-05
   7.53316500000E-05   7.15161300000E-05   6.81352700000E-05   6.51241500000E-05
   6.24300800000E-05   6.00104400000E-05   5.79302100000E-05   5.58544900000E-05
   5.41416500000E-05   5.24331500000E-05   5.10086000000E-05   4.95876400000E-05
   4.83926100000E-05   4.72005600000E-05   4.51836400000E-05   4.34693100000E-05
   4.20050100000E-05   4.07492400000E-05   3.96688600000E-05   3.87370800000E-05
   3.79320700000E-05   3.72357900000E-05   3.66333100000E-05   3.61121300000E-05
   3.56618900000E-05   3.52254200000E-05   3.47900200000E-05   3.44944000000E-05
   3.41998100000E-05   3.40078900000E-05   3.38167500000E-05   3.37019400000E-05
   3.35877400000E-05   3.34741300000E-05   3.34473000000E-05   3.34856800000E-05
   3.35728000000E-05   3.36959500000E-05   3.38452600000E-05   3.41928800000E-05
   3.45711800000E-05   3.49523900000E-05   3.53192000000E-05   3.56611500000E-05
   3.59722400000E-05   3.62495400000E-05   3.64921000000E-05   3.67002800000E-05
   3.68753200000E-05   3.71335900000E-05   3.72840900000E-05   3.73449900000E-05
   3.73333300000E-05   3.72641700000E-05   3.71503200000E-05   3.70024400000E-05
   3.68292700000E-05   3.66378300000E-05   3.64337900000E-05   3.62216100000E-05
   3.60048200000E-05   3.57861300000E-05   3.55676900000E-05   3.53510900000E-05
   3.51375600000E-05   3.49279700000E-05   3.47229700000E-05   3.45230000000E-05
   3.43283400000E-05   3.41391300000E-05   3.39554500000E-05   3.37772500000E-05
   3.36045000000E-05   3.34370700000E-05   3.30407000000E-05   3.26737500000E-05
   3.23330700000E-05   3.20154500000E-05   3.17178700000E-05   3.14375400000E-05
   3.11719200000E-05   3.09187700000E-05   3.06760900000E-05   3.04421400000E-05
   3.02154000000E-05   2.99945500000E-05   2.97784500000E-05   2.95661100000E-05
   2.93567000000E-05   2.91495100000E-05   2.89439300000E-05   2.87394600000E-05
   2.85356900000E-05   2.83322700000E-05   2.81289400000E-05   2.79254800000E-05
   2.77217400000E-05   2.75176100000E-05   2.73130100000E-05   2.71079200000E-05
                   1                 631   1.67298900000E+01   1.64744600000E+01
   1.62303800000E+01   1.59968300000E+01   1.57730900000E+01   1.55584800000E+01
   1.53524000000E+01   1.51543000000E+01   1.49636700000E+01   1.47800600000E+01
   1.46030500000E+01   1.44322400000E+01   1.42673000000E+01   1.39536900000E+01
   1.36599000000E+01   1.33839100000E+01   1.31240100000E+01   1.28786800000E+01
   1.26466100000E+01   1.24266500000E+01   1.22177800000E+01   1.20191100000E+01
   1.18298200000E+01   1.15619400000E+01   1.13114700000E+01   1.10766000000E+01
   1.08557900000E+01   1.06476700000E+01   1.04510800000E+01   1.02649900000E+01
   1.00885000000E+01   9.92081600000E+00   9.76122100000E+00   9.60908900000E+00
   9.46385500000E+00   9.32501300000E+00   9.19210800000E+00   9.06472900000E+00
   8.94250200000E+00   8.82509000000E+00   8.71218500000E+00   8.60350400000E+00
   8.49879300000E+00   8.39781300000E+00   8.30035000000E+00   8.11518900000E+00
   7.94189100000E+00   7.77924100000E+00   7.62619200000E+00   7.48183400000E+00
   7.36760100000E+00   7.25844500000E+00   7.15400200000E+00   7.05394100000E+00
   6.95796500000E+00   6.86580200000E+00   6.77720700000E+00   6.69195600000E+00
   6.60984300000E+00   6.53068000000E+00   6.45429500000E+00   6.38053000000E+00
   6.24028100000E+00   6.10889200000E+00   5.98546700000E+00   5.86923400000E+00
   5.75951900000E+00   5.65573500000E+00   5.55736700000E+00   5.46395900000E+00
   5.37510800000E+00   5.29045600000E+00   5.20968100000E+00   5.13249600000E+00
   5.05864300000E+00   4.98789000000E+00   4.92002400000E+00   4.85485500000E+00
   4.79220900000E+00   4.73192700000E+00   4.67386500000E+00   4.61788800000E+00
   4.56387600000E+00   4.51171600000E+00   4.41254500000E+00   4.31963900000E+00
   4.23236500000E+00   4.15017500000E+00   4.07259500000E+00   3.99920900000E+00
   3.92965200000E+00   3.86360300000E+00   3.80077600000E+00   3.74091700000E+00
   3.65620600000E+00   3.57700200000E+00   3.50273100000E+00   3.43290200000E+00
   3.36709000000E+00   3.30492200000E+00   3.24607600000E+00   3.19026600000E+00
   3.13723800000E+00   3.08677000000E+00   3.03866200000E+00   2.99273500000E+00
   2.94883000000E+00   2.90680100000E+00   2.86652100000E+00   2.82786900000E+00
   2.79074000000E+00   2.75503600000E+00   2.72066800000E+00   2.68755600000E+00
   2.65562300000E+00   2.62480200000E+00   2.56624900000E+00   2.51144700000E+00
   2.46001300000E+00   2.41161500000E+00   2.36596500000E+00   2.32984100000E+00
   2.29532300000E+00   2.26229500000E+00   2.23065300000E+00   2.20030200000E+00
   2.17115800000E+00   2.14314200000E+00   2.11618300000E+00   2.09021700000E+00
   2.06518300000E+00   2.04102800000E+00   2.01770100000E+00   1.97335100000E+00
   1.93180200000E+00   1.89277200000E+00   1.85601500000E+00   1.82132000000E+00
   1.78850100000E+00   1.75739400000E+00   1.72785600000E+00   1.69975900000E+00
   1.67299000000E+00   1.64744600000E+00   1.62303800000E+00   1.59968400000E+00
   1.57731000000E+00   1.55584900000E+00   1.53524100000E+00   1.51543000000E+00
   1.49636700000E+00   1.47800600000E+00   1.46030500000E+00   1.44322500000E+00
   1.42673000000E+00   1.39537000000E+00   1.36599000000E+00   1.33839200000E+00
   1.31240100000E+00   1.28786800000E+00   1.26466100000E+00   1.24266500000E+00
   1.22177900000E+00   1.20191100000E+00   1.18298200000E+00   1.15619400000E+00
   1.13114700000E+00   1.10766100000E+00   1.08557900000E+00   1.06476700000E+00
   1.04510800000E+00   1.02650000000E+00   1.00885100000E+00   9.92082100000E-01
   9.76122600000E-01   9.60909400000E-01   9.46386000000E-01   9.32501800000E-01
   9.19211300000E-01   9.06473400000E-01   8.94250700000E-01   8.82509500000E-01
   8.71218900000E-01   8.60350900000E-01   8.49879700000E-01   8.39781800000E-01
   8.30035400000E-01   8.11519300000E-01   7.94189500000E-01   7.77924500000E-01
   7.62619600000E-01   7.48183900000E-01   7.36760500000E-01   7.25845000000E-01
   7.15400600000E-01   7.05394500000E-01   6.95796900000E-01   6.86580600000E-01
   6.77721200000E-01   6.69196000000E-01   6.60984700000E-01   6.53068500000E-01
   6.45430000000E-01   6.38053400000E-01   6.24028600000E-01   6.10889700000E-01
   5.98547200000E-01   5.86923800000E-01   5.75952300000E-01   5.65574000000E-01
   5.55737100000E-01   5.46396400000E-01   5.37511300000E-01   5.29046000000E-01
   5.20968500000E-01   5.13250000000E-01   5.05864800000E-01   4.98789400000E-01
   4.92002900000E-01   4.85486000000E-01   4.79221400000E-01   4.73193200000E-01
   4.67387000000E-01   4.61789300000E-01   4.56388100000E-01   4.51172100000E-01
   4.41255000000E-01   4.31964400000E-01   4.23237000000E-01   4.15018000000E-01
   4.07260000000E-01   3.99921400000E-01   3.92965700000E-01   3.86360800000E-01
   3.80078100000E-01   3.74092200000E-01   3.68046200000E-01   3.62284000000E-01
   3.56784400000E-01   3.51527800000E-01   3.46496900000E-01   3.41676000000E-01
   3.37050900000E-01   3.32608700000E-01   3.25249600000E-01   3.18358500000E-01
   3.11887500000E-01   3.05795800000E-01   3.00047600000E-01   2.94611800000E-01
   2.89461200000E-01   2.84571500000E-01   2.80680800000E-01   2.76945400000E-01
   2.73355200000E-01   2.69901200000E-01   2.66574900000E-01   2.63368600000E-01
   2.60275300000E-01   2.57288500000E-01   2.51610900000E-01   2.46293300000E-01
   2.41299200000E-01   2.36597100000E-01   2.32984800000E-01   2.29533000000E-01
   2.26230200000E-01   2.23066000000E-01   2.20030900000E-01   2.17116500000E-01
   2.14314900000E-01   2.11619100000E-01   2.09022400000E-01   2.06519100000E-01
   2.04103600000E-01   2.01770900000E-01   1.97335900000E-01   1.93181000000E-01
   1.89278000000E-01   1.85602400000E-01   1.82132900000E-01   1.78851000000E-01
   1.75740400000E-01   1.72786600000E-01   1.69976900000E-01   1.67300000000E-01
   1.64745600000E-01   1.62304900000E-01   1.59969500000E-01   1.57732100000E-01
   1.55586000000E-01   1.53525200000E-01   1.51544200000E-01   1.49637900000E-01
   1.47801800000E-01   1.46031700000E-01   1.44323700000E-01   1.42674300000E-01
   1.39538300000E-01   1.36600400000E-01   1.33840600000E-01   1.31241600000E-01
   1.28788300000E-01   1.26467700000E-01   1.24268100000E-01   1.22179500000E-01
   1.20192800000E-01   1.18300000000E-01   1.15621300000E-01   1.13116700000E-01
   1.10768100000E-01   1.08560000000E-01   1.06478900000E-01   1.04513100000E-01
   1.02652300000E-01   1.00887500000E-01   9.92107200000E-02   9.76148600000E-02
   9.60936200000E-02   9.46413700000E-02   9.32530400000E-02   9.19240700000E-02
   9.06503600000E-02   8.94281800000E-02   8.82541400000E-02   8.71251600000E-02
   8.60384400000E-02   8.49914000000E-02   8.39816800000E-02   8.30071200000E-02
   8.11556500000E-02   7.94228100000E-02   7.77964400000E-02   7.48226100000E-02
   7.25888900000E-02   7.05439900000E-02   6.86627300000E-02   6.69243800000E-02
   6.38102600000E-02   6.10939500000E-02   5.86973600000E-02   5.65623100000E-02
   5.46444300000E-02   5.29092300000E-02   5.13294500000E-02   4.98831900000E-02
   4.85526500000E-02   4.73231800000E-02   4.51207200000E-02   4.31996600000E-02
   4.15047900000E-02   3.99949300000E-02   3.86387000000E-02   3.74117000000E-02
   3.57723800000E-02   3.43313200000E-02   3.30515500000E-02   3.19050300000E-02
   3.08700800000E-02   2.99296600000E-02   2.90701600000E-02   2.82806200000E-02
   2.68770200000E-02   2.56636500000E-02   2.46012200000E-02   2.36607900000E-02
   2.29543900000E-02   2.23076300000E-02   2.17125200000E-02   2.11625500000E-02
   2.01773000000E-02   1.93181700000E-02   1.85605700000E-02   1.78859100000E-02
   1.72798200000E-02   1.67311600000E-02   1.62313900000E-02   1.57737300000E-02
   1.53526600000E-02   1.49635900000E-02   1.42667100000E-02   1.36590300000E-02
   1.31233000000E-02   1.26464400000E-02   1.22178500000E-02   1.18294900000E-02
   1.13103000000E-02   1.08541900000E-02   1.04494800000E-02   1.00874000000E-02
   9.76048500000E-03   9.46300300000E-03   9.19096900000E-03   8.94109600000E-03
   8.49697600000E-03   8.11308300000E-03   7.77698400000E-03   7.47986800000E-03
   7.25664500000E-03   7.05193200000E-03   6.86353000000E-03   6.68945700000E-03
   6.37766900000E-03   6.10576000000E-03   5.86591900000E-03   5.65286900000E-03
   5.46144500000E-03   5.28766600000E-03   5.12936900000E-03   4.98445100000E-03
   4.85114900000E-03   4.72799300000E-03   4.50741200000E-03   4.31505400000E-03
   4.14537200000E-03   3.99465700000E-03   3.85925800000E-03   3.73613300000E-03
   3.57147400000E-03   3.42689900000E-03   3.29853000000E-03   3.18383800000E-03
   3.08031300000E-03   2.98598000000E-03   2.89979600000E-03   2.82065000000E-03
   2.67999700000E-03   2.55844000000E-03   2.45201400000E-03   2.35791100000E-03
   2.28695400000E-03   2.22184900000E-03   2.16197600000E-03   2.10666900000E-03
   2.00763600000E-03   1.92130100000E-03   1.84516700000E-03   1.77747800000E-03
   1.71669900000E-03   1.66158900000E-03   1.61102500000E-03   1.56473000000E-03
   1.52216600000E-03   1.48285800000E-03   1.41249500000E-03   1.35118200000E-03
   1.29713500000E-03   1.24907700000E-03   1.20594200000E-03   1.16686500000E-03
   1.13089000000E-03   1.09796600000E-03   1.06770600000E-03   1.03977000000E-03
   9.89790600000E-04   9.46249300000E-04   9.07436900000E-04   8.72936500000E-04
   8.41998900000E-04   8.14014300000E-04   7.88287200000E-04   7.64765700000E-04
   7.43163200000E-04   7.23225000000E-04   7.04555400000E-04   6.87195200000E-04
   6.71006900000E-04   6.55858100000E-04   6.41500300000E-04   6.27994900000E-04
   6.15267900000E-04   6.03256000000E-04   5.80868400000E-04   5.60654700000E-04
   5.42120900000E-04   5.25199300000E-04   5.09525700000E-04   4.95117000000E-04
   4.82860500000E-04   4.70665900000E-04   4.58471200000E-04   4.46357500000E-04
   4.36733400000E-04   4.27189400000E-04   4.17645400000E-04   4.08160700000E-04
   3.92620700000E-04   3.77185100000E-04   3.64247500000E-04   3.51391300000E-04
   3.40397900000E-04   3.29469600000E-04   3.19975300000E-04   3.10534500000E-04
   3.02226000000E-04   2.93962400000E-04   2.86611900000E-04   2.79299500000E-04
   2.72736700000E-04   2.66206500000E-04   2.54431800000E-04   2.41933700000E-04
   2.29482100000E-04   2.19387100000E-04   2.09336200000E-04   2.00982000000E-04
   1.92662400000E-04   1.85613500000E-04   1.78592300000E-04   1.72552500000E-04
   1.66535500000E-04   1.61295200000E-04   1.56073900000E-04   1.51479900000E-04
   1.46902000000E-04   1.42839100000E-04   1.38790200000E-04   1.31562200000E-04
   1.25079800000E-04   1.19233200000E-04   1.13933600000E-04   1.09108500000E-04
   1.04699300000E-04   1.00809900000E-04   9.69303900000E-05   9.36156000000E-05
   9.03105300000E-05   8.74571700000E-05   8.46119600000E-05   8.21339200000E-05
   7.96628200000E-05   7.53316500000E-05   7.15161300000E-05   6.81352700000E-05
   6.51241500000E-05   6.24300800000E-05   6.00104400000E-05   5.79302100000E-05
   5.58544900000E-05   5.41416500000E-05   5.24331500000E-05   5.10086000000E-05
   4.95876400000E-05   4.83926100000E-05   4.72005600000E-05   4.51836400000E-05
   4.34693100000E-05   4.20050100000E-05   4.07492400000E-05   3.96688600000E-05
   3.87370800000E-05   3.79320700000E-05   3.72357900000E-05   3.66333100000E-05
   3.61121300000E-05   3.56618900000E-05   3.52254200000E-05   3.47900200000E-05
   3.44944000000E-05   3.41998100000E-05   3.40078900000E-05   3.38167500000E-05
   3.37019400000E-05   3.35877400000E-05   3.34741300000E-05   3.34473000000E-05
   3.34856800000E-05   3.35728000000E-05   3.36959500000E-05   3.38452600000E-05
   3.41928800000E-05   3.45711800000E-05   3.49523900000E-05   3.53192000000E-05
   3.56611500000E-05   3.59722400000E-05   3.62495400000E-05   3.64921000000E-05
   3.67002800000E-05   3.68753200000E-05   3.71335900000E-05   3.72840900000E-05
   3.73449900000E-05   3.73333300000E-05   3.72641700000E-05   3.71503200000E-05
   3.70024400000E-05   3.68292700000E-05   3.66378300000E-05   3.64337900000E-05
   3.62216100000E-05   3.60048200000E-05   3.57861300000E-05   3.55676900000E-05
   3.53510900000E-05   3.51375600000E-05   3.49279700000E-05   3.47229700000E-05
   3.45230000000E-05   3.43283400000E-05   3.41391300000E-05   3.39554500000E-05
   3.37772500000E-05   3.36045000000E-05   3.34370700000E-05   3.30407000000E-05
   3.26737500000E-05   3.23330700000E-05   3.20154500000E-05   3.17178700000E-05
   3.14375400000E-05   3.11719200000E-05   3.09187700000E-05   3.06760900000E-05
   3.04421400000E-05   3.02154000000E-05   2.99945500000E-05   2.97784500000E-05
   2.95661100000E-05   2.93567000000E-05   2.91495100000E-05   2.89439300000E-05
   2.87394600000E-05   2.85356900000E-05   2.83322700000E-05   2.81289400000E-05
   2.79254800000E-05   2.77217400000E-05   2.75176100000E-05   2.73130100000E-05
   2.71079200000E-05                   1                 153   1.00000000000E-11
   2.00000000000E-11   5.00000000000E-11   1.00000000000E-10   2.00000000000E-10
   5.00000000000E-10   1.00000000000E-09   2.00000000000E-09   5.00000000000E-09
   1.00000000000E-08   2.53000000000E-08   1.00000000000E-07   2.00000000000E-07
   5.00000000000E-07   1.00000000000E-06   2.00000000000E-06   5.00000000000E-06
   1.00000000000E-05   2.00000000000E-05   5.00000000000E-05   1.00000000000E-04
   2.00000000000E-04   5.00000000000E-04   1.00000000000E-03   2.00000000000E-03
   3.00000000000E-03   4.00000000000E-03   5.00000000000E-03   6.00000000000E-03
   7.00000000000E-03   8.00000000000E-03   9.00000000000E-03   1.00000000000E-02
   1.20000000000E-02   1.40000000000E-02   1.60000000000E-02   1.80000000000E-02
   2.00000000000E-02   2.20000000000E-02   2.40000000000E-02   2.60000000000E-02
   2.80000000000E-02   3.00000000000E-02   3.50000000000E-02   4.00000000000E-02
   4.50000000000E-02   5.00000000000E-02   5.50000000000E-02   6.00000000000E-02
   6.50000000000E-02   7.00000000000E-02   7.50000000000E-02   8.00000000000E-02
   8.50000000000E-02   9.00000000000E-02   9.50000000000E-02   1.00000000000E-01
   1.10000000000E-01   1.20000000000E-01   1.30000000000E-01   1.40000000000E-01
   1.50000000000E-01   1.60000000000E-01   1.70000000000E-01   1.80000000000E-01
   1.90000000000E-01   2.00000000000E-01   2.20000000000E-01   2.40000000000E-01
   2.60000000000E-01   2.80000000000E-01   3.00000000000E-01   3.20000000000E-01
   3.40000000000E-01   3.60000000000E-01   3.80000000000E-01   4.00000000000E-01
   4.20000000000E-01   4.40000000000E-01   4.60000000000E-01   4.80000000000E-01
   5.00000000000E-01   5.50000000000E-01   6.00000000000E-01   6.50000000000E-01
   7.00000000000E-01   7.50000000000E-01   8.00000000000E-01   8.50000000000E-01
   9.00000000000E-01   9.50000000000E-01   1.00000000000E+00   1.10000000000E+00
   1.20000000000E+00   1.30000000000E+00   1.40000000000E+00   1.50000000000E+00
   1.60000000000E+00   1.70000000000E+00   1.80000000000E+00   1.90000000000E+00
   2.00000000000E+00   2.20000000000E+00   2.40000000000E+00   2.60000000000E+00
   2.80000000000E+00   3.00000000000E+00   3.20000000000E+00   3.40000000000E+00
   3.60000000000E+00   3.80000000000E+00   4.00000000000E+00   4.20000000000E+00
   4.40000000000E+00   4.60000000000E+00   4.80000000000E+00   5.00000000000E+00
   5.20000000000E+00   5.40000000000E+00   5.60000000000E+00   5.80000000000E+00
   6.00000000000E+00   6.20000000000E+00   6.40000000000E+00   6.60000000000E+00
   6.80000000000E+00   7.00000000000E+00   7.50000000000E+00   8.00000000000E+00
   8.50000000000E+00   9.00000000000E+00   9.50000000000E+00   1.00000000000E+01
   1.05000000000E+01   1.10000000000E+01   1.15000000000E+01   1.20000000000E+01
   1.25000000000E+01   1.30000000000E+01   1.35000000000E+01   1.40000000000E+01
   1.45000000000E+01   1.50000000000E+01   1.55000000000E+01   1.60000000000E+01
   1.65000000000E+01   1.70000000000E+01   1.75000000000E+01   1.80000000000E+01
   1.85000000000E+01   1.90000000000E+01   1.95000000000E+01   2.00000000000E+01
                -308                -319                -330                -341
                -352                -363                -374                -385
                -396                -407                -418                -429
                -440                -451                -462                -473
                -484                -495                -506                -517
                -528                -539                -550                -561
                -572                -583                -594                -605
                -616                -627                -638                -649
                -660                -671                -682                -693
                -704                -715                -726                -737
                -748                -759                -770                -781
                -792                -803                -814                -825
                -836                -847                -858                -869
                -880                -891                -902                -913
                -924                -935                -946                -957
                -968                -979                -990               -1001
               -1012               -1023               -1034               -1045
               -1056               -1067               -1078               -1089
               -1100               -1111               -1122               -1133
               -1144               -1155               -1166               -1177
               -1188               -1199               -1210               -1221
               -1232               -1243               -1254               -1265
               -1276               -1287               -1298               -1309
               -1320               -1331               -1342               -1353
               -1364               -1375               -1386               -1397
               -1408               -1419               -1430               -1441
               -1452               -1463               -1474               -1485
               -1496               -1507               -1518               -1529
               -1540               -1551               -1562               -1573
               -1584               -1595               -1606               -1617
               -1628               -1639               -1650               -1661
               -1672               -1683               -1694               -1705
               -1716               -1727               -1738               -1749
               -1760               -1771               -1782               -1796
               -1810               -1824               -1838               -1852
               -1866               -1880               -1897               -1914
               -1931               -1951               -1971               -1991
               -2014               -2037               -2060               -2083
               -2109                   2                   3  -1.00000000000E+00
   0.00000000000E+00   1.00000000000E+00   5.00000000000E-01   5.00000000000E-01
   5.00000000000E-01   0.00000000000E+00   5.00000000000E-01   1.00000000000E+00
                   2                   3  -1.00000000000E+00   0.00000000000E+00
   1.00000000000E+00   5.00000000000E-01   5.00000000000E-01   5.00000000000E-01
   0.00000000000E+00   5.00000000000E-01   1.00000000000E+00                   2
                   3  -1.00000000000E+00   0.00000000000E+00   1.00000000000E+00
   5.00000000000E-01   5.00000000000E-01   5.00000000000E-01   0.00000000000E+00
   5.00000000000E-01   1.00000000000E+00                   2                   3
  -1.00000000000E+00   0.00000000000E+00   1.00000000000E+00   5.00000000000E-01
   5.00000000000E-01   5.00000000000E-01   0.00000000000E+00   5.00000000000E-01
   1.00000000000E+00                   2                   3  -1.00000000000E+00
   0.00000000000E+00   1.00000000000E+00   5.00000000000E-01   5.00000000000E-01
   5.00000000000E-01   0.00000000000E+00   5.00000000000E-01   1.00000000000E+00
                   2                   3  -1.00000000000E+00   0.00000000000E+00
   1.00000000000E+00   5.00000000000E-01   5.00000000000E-01   5.00000000000E-01
   0.00000000000E+00   5.00000000000E-01   1.00000000000E+00                   2
                   3  -1.00000000000E+00   0.00000000000E+00   1.00000000000E+00
   5.00000000000E-01   5.00000000000E-01   5.00000000000E-01   0.00000000000E+00
   5.00000000000E-01   1.00000000000E+00                   2                   3
  -1.00000000000E+00   0.00000000000E+00   1.00000000000E+00   5.00000000000E-01
   5.00000000000E-01   5.00000000000E-01   0.00000000000E+00   5.00000000000E-01
   1.00000000000E+00                   2                   3  -1.00000000000E+00
   0.00000000000E+00   1.00000000000E+00   5.00000000000E-01   5.00000000000E-01
   5.00000000000E-01   0.00000000000E+00   5.00000000000E-01   1.00000000000E+00
                   2                   3  -1.00000000000E+00   0.00000000000E+00
   1.00000000000E+00   5.00000000000E-01   5.00000000000E-01   5.00000000000E-01
   0.00000000000E+00   5.00000000000E-01   1.00000000000E+00                   2
                   3  -1.00000000000E+00   0.00000000000E+00   1.00000000000E+00
   5.00000000000E-01   5.00000000000E-01   5.00000000000E-01   0.00000000000E+00
   5.00000000000E-01   1.00000000000E+00                   2                   3
  -1.00000000000E+00   0.00000000000E+00   1.00000000000E+00   5.00000000000E-01
   5.00000000000E-01   5.00000000000E-01   0.00000000000E+00   5.00000000000E-01
   1.00000000000E+00                   2                   3  -1.00000000000E+00
   0.00000000000E+00   1.00000000000E+00   5.00000000000E-01   5.00000000000E-01
   5.00000000000E-01   0.00000000000E+00   5.00000000000E-01   1.00000000000E+00
                   2                   3  -1.00000000000E+00   0.00000000000E+00
   1.00000000000E+00   5.00000000000E-01   5.00000000000E-01   5.00000000000E-01
   0.00000000000E+00   5.00000000000E-01   1.00000000000E+00                   2
                   3  -1.00000000000E+00   0.00000000000E+00   1.00000000000E+00
   5.00000000000E-01   5.00000000000E-01   5.00000000000E-01   0.00000000000E+00
   5.00000000000E-01   1.00000000000E+00                   2                   3
  -1.00000000000E+00   0.00000000000E+00   1.00000000000E+00   5.00000000000E-01
   5.00000000000E-01   5.00000000000E-01   0.00000000000E+00   5.00000000000E-01
   1.00000000000E+00                   2                   3  -1.00000000000E+00
   0.00000000000E+00   1.00000000000E+00   5.00000000000E-01   5.00000000000E-01
   5.00000000000E-01   0.00000000000E+00   5.00000000000E-01   1.00000000000E+00
                   2                   3  -1.00000000000E+00   0.00000000000E+00
   1.00000000000E+00   5.00000000000E-01   5.00000000000E-01   5.00000000000E-01
   0.00000000000E+00   5.00000000000E-01   1.00000000000E+00                   2
                   3  -1.00000000000E+00   0.00000000000E+00   1.00000000000E+00
   5.00000000000E-01   5.00000000000E-01   5.00000000000E-01   0.00000000000E+00
   5.00000000000E-01   1.00000000000E+00                   2                   3
  -1.00000000000E+00   0.00000000000E+00   1.00000000000E+00   5.00000100000E-01
   5.00000000000E-01   4.99999900000E-01   0.00000000000E+00   5.00000100000E-01
   1.00000000000E+00                   2                   3  -1.00000000000E+00
   0.00000000000E+00   1.00000000000E+00   5.00000200000E-01   5.00000000000E-01
   4.99999800000E-01   0.00000000000E+00   5.00000100000E-01   1.00000000000E+00
                   2                   3  -1.00000000000E+00   0.00000000000E+00
   1.00000000000E+00   5.00000300000E-01   5.00000000000E-01   4.99999700000E-01
   0.00000000000E+00   5.00000200000E-01   1.00000000000E+00                   2
                   3  -1.00000000000E+00   0.00000000000E+00   1.00000000000E+00
   5.00000900000E-01   5.00000000000E-01   4.99999100000E-01   0.00000000000E+00
   5.00000500000E-01   1.00000000000E+00                   2                   3
  -1.00000000000E+00   0.00000000000E+00   1.00000000000E+00   5.00001700000E-01
   5.00000000000E-01   4.99998300000E-01   0.00000000000E+00   5.00000900000E-01
   1.00000000000E+00                   2                   3  -1.00000000000E+00
   0.00000000000E+00   1.00000000000E+00   5.00003500000E-01   5.00000000000E-01
   4.99996500000E-01   0.00000000000E+00   5.00001800000E-01   1.00000000000E+00
                   2                   3  -1.00000000000E+00   0.00000000000E+00
   1.00000000000E+00   5.00005200000E-01   5.00000000000E-01   4.99994800000E-01
   0.00000000000E+00   5.00002600000E-01   1.00000000000E+00                   2
                   3  -1.00000000000E+00   0.00000000000E+00   1.00000000000E+00
   5.00006900000E-01   5.00000000000E-01   4.99993100000E-01   0.00000000000E+00
   5.00003500000E-01   1.00000000000E+00                   2                   3
  -1.00000000000E+00   0.00000000000E+00   1.00000000000E+00   5.00008700000E-01
   5.00000000000E-01   4.99991300000E-01   0.00000000000E+00   5.00004400000E-01
   1.00000000000E+00                   2                   3  -1.00000000000E+00
   0.00000000000E+00   1.00000000000E+00   5.00010400000E-01   5.00000000000E-01
   4.99989600000E-01   0.00000000000E+00   5.00005200000E-01   1.00000000000E+00
                   2                   3  -1.00000000000E+00   0.00000000000E+00
   1.00000000000E+00   5.00012100000E-01   5.00000000000E-01   4.99987900000E-01
   0.00000000000E+00   5.00006100000E-01   1.00000000000E+00                   2
                   3  -1.00000000000E+00   0.00000000000E+00   1.00000000000E+00
   5.00013800000E-01   5.00000000000E-01   4.99986200000E-01   0.00000000000E+00
   5.00006900000E-01   1.00000000000E+00                   2                   3
  -1.00000000000E+00   0.00000000000E+00   1.00000000000E+00   5.00015500000E-01
   5.00000000000E-01   4.99984500000E-01   0.00000000000E+00   5.00007800000E-01
   1.00000000000E+00                   2                   3  -1.00000000000E+00
   0.00000000000E+00   1.00000000000E+00   5.00017200000E-01   5.00000000000E-01
   4.99982800000E-01   0.00000000000E+00   5.00008600000E-01   1.00000000000E+00
                   2                   3  -1.00000000000E+00   0.00000000000E+00
   1.00000000000E+00   5.00020600000E-01   5.00000000000E-01   4.99979400000E-01
   0.00000000000E+00   5.00010300000E-01   1.00000000000E+00                   2
                   3  -1.00000000000E+00   0.00000000000E+00   1.00000000000E+00
   5.00024000000E-01   5.00000000000E-01   4.99976000000E-01   0.00000000000E+00
   5.00012000000E-01   1.00000000000E+00                   2                   3
  -1.00000000000E+00   0.00000000000E+00   1.00000000000E+00   5.00027300000E-01
   5.00000000000E-01   4.99972700000E-01   0.00000000000E+00   5.00013700000E-01
   1.00000000000E+00                   2                   3  -1.00000000000E+00
   0.00000000000E+00   1.00000000000E+00   5.00030600000E-01   5.00000000000E-01
   4.99969400000E-01   0.00000000000E+00   5.00015300000E-01   1.00000000000E+00
                   2                   3  -1.00000000000E+00   0.00000000000E+00
   1.00000000000E+00   5.00034000000E-01   5.00000000000E-01   4.99966000000E-01
   0.00000000000E+00   5.00017000000E-01   1.00000000000E+00                   2
                   3  -1.00000000000E+00   0.00000000000E+00   1.00000000000E+00
   5.00037300000E-01   5.00000000000E-01   4.99962700000E-01   0.00000000000E+00
   5.00018700000E-01   1.00000000000E+00                   2                   3
  -1.00000000000E+00   0.00000000000E+00   1.00000000000E+00   5.00040500000E-01
   5.00000000000E-01   4.99959500000E-01   0.00000000000E+00   5.00020300000E-01
   1.00000000000E+00                   2                   3  -1.00000000000E+00
   0.00000000000E+00   1.00000000000E+00   5.00043800000E-01   5.00000000000E-01
   4.99956200000E-01   0.00000000000E+00   5.00021900000E-01   1.00000000000E+00
                   2                   3  -1.00000000000E+00   0.00000000000E+00
   1.00000000000E+00   5.00047000000E-01   5.00000000000E-01   4.99953000000E-01
   0.00000000000E+00   5.00023500000E-01   1.00000000000E+00                   2
                   3  -1.00000000000E+00   0.00000000000E+00   1.00000000000E+00
   5.00050300000E-01   5.00000000000E-01   4.99949700000E-01   0.00000000000E+00
   5.00025200000E-01   1.00000000000E+00                   2                   3
  -1.00000000000E+00   0.00000000000E+00   1.00000000000E+00   5.00058300000E-01
   5.00000000000E-01   4.99941700000E-01   0.00000000000E+00   5.00029200000E-01
   1.00000000000E+00                   2                   3  -1.00000000000E+00
   0.00000000000E+00   1.00000000000E+00   5.00066100000E-01   5.00000000000E-01
   4.99933900000E-01   0.00000000000E+00   5.00033100000E-01   1.00000000000E+00
                   2                   3  -1.00000000000E+00   0.00000000000E+00
   1.00000000000E+00   5.00073900000E-01   5.00000000000E-01   4.99926100000E-01
   0.00000000000E+00   5.00037000000E-01   1.00000000000E+00                   2
                   3  -1.00000000000E+00   0.00000000000E+00   1.00000000000E+00
   5.00081600000E-01   5.00000000000E-01   4.99918400000E-01   0.00000000000E+00
   5.00040800000E-01   1.00000000000E+00                   2                   3
  -1.00000000000E+00   0.00000000000E+00   1.00000000000E+00   5.00089200000E-01
   5.00000000000E-01   4.99910800000E-01   0.00000000000E+00   5.00044600000E-01
   1.00000000000E+00                   2                   3  -1.00000000000E+00
   0.00000000000E+00   1.00000000000E+00   5.00096700000E-01   5.00000000000E-01
   4.99903300000E-01   0.00000000000E+00   5.00048400000E-01   1.00000000000E+00
                   2                   3  -1.00000000000E+00   0.00000000000E+00
   1.00000000000E+00   5.00104100000E-01   5.00000000000E-01   4.99895900000E-01
   0.00000000000E+00   5.00052100000E-01   1.00000000000E+00                   2
                   3  -1.00000000000E+00   0.00000000000E+00   1.00000000000E+00
   5.00111400000E-01   5.00000000000E-01   4.99888600000E-01   0.00000000000E+00
   5.00055700000E-01   1.00000000000E+00                   2                   3
  -1.00000000000E+00   0.00000000000E+00   1.00000000000E+00   5.00118600000E-01
   5.00000000000E-01   4.99881400000E-01   0.00000000000E+00   5.00059300000E-01
   1.00000000000E+00                   2                   3  -1.00000000000E+00
   0.00000000000E+00   1.00000000000E+00   5.00125700000E-01   5.00000000000E-01
   4.99874300000E-01   0.00000000000E+00   5.00062900000E-01   1.00000000000E+00
                   2                   3  -1.00000000000E+00   0.00000000000E+00
   1.00000000000E+00   5.00132700000E-01   5.00000000000E-01   4.99867200000E-01
   0.00000000000E+00   5.00066400000E-01   1.00000000000E+00                   2
                   3  -1.00000000000E+00   0.00000000000E+00   1.00000000000E+00
   5.00139700000E-01   5.00000000000E-01   4.99860300000E-01   0.00000000000E+00
   5.00069900000E-01   1.00000000000E+00                   2                   3
  -1.00000000000E+00   0.00000000000E+00   1.00000000000E+00   5.00146500000E-01
   5.00000000000E-01   4.99853400000E-01   0.00000000000E+00   5.00073300000E-01
   1.00000000000E+00                   2                   3  -1.00000000000E+00
   0.00000000000E+00   1.00000000000E+00   5.00153300000E-01   5.00000000000E-01
   4.99846600000E-01   0.00000000000E+00   5.00076700000E-01   1.00000000000E+00
                   2                   3  -1.00000000000E+00   0.00000000000E+00
   1.00000000000E+00   5.00166700000E-01   5.00000100000E-01   4.99833200000E-01
   0.00000000000E+00   5.00083400000E-01   1.00000000000E+00                   2
                   3  -1.00000000000E+00   0.00000000000E+00   1.00000000000E+00
   5.00179700000E-01   5.00000100000E-01   4.99820100000E-01   0.00000000000E+00
   5.00089900000E-01   1.00000000000E+00                   2                   3
  -1.00000000000E+00   0.00000000000E+00   1.00000000000E+00   5.00192400000E-01
   5.00000100000E-01   4.99807400000E-01   0.00000000000E+00   5.00096300000E-01
   1.00000000000E+00                   2                   3  -1.00000000000E+00
   0.00000000000E+00   1.00000000000E+00   5.00204900000E-01   5.00000100000E-01
   4.99794900000E-01   0.00000000000E+00   5.00102500000E-01   1.00000000000E+00
                   2                   3  -1.00000000000E+00   0.00000000000E+00
   1.00000000000E+00   5.00217100000E-01   5.00000200000E-01   4.99782600000E-01
   0.00000000000E+00   5.00108700000E-01   1.00000000000E+00                   2
                   3  -1.00000000000E+00   0.00000000000E+00   1.00000000000E+00
   5.00229000000E-01   5.00000200000E-01   4.99770600000E-01   0.00000000000E+00
   5.00114600000E-01   1.00000000000E+00                   2                   3
  -1.00000000000E+00   0.00000000000E+00   1.00000000000E+00   5.00240600000E-01
   5.00000200000E-01   4.99758900000E-01   0.00000000000E+00   5.00120400000E-01
   1.00000000000E+00                   2                   3  -1.00000000000E+00
   0.00000000000E+00   1.00000000000E+00   5.00252100000E-01   5.00000300000E-01
   4.99747400000E-01   0.00000000000E+00   5.00126200000E-01   1.00000000000E+00
                   2                   3  -1.00000000000E+00   0.00000000000E+00
   1.00000000000E+00   5.00263300000E-01   5.00000300000E-01   4.99736100000E-01
   0.00000000000E+00   5.00131800000E-01   1.00000000000E+00                   2
                   3  -1.00000000000E+00   0.00000000000E+00   1.00000000000E+00
   5.00274300000E-01   5.00000400000E-01   4.99725000000E-01   0.00000000000E+00
   5.00137400000E-01   1.00000000000E+00                   2                   3
  -1.00000000000E+00   0.00000000000E+00   1.00000000000E+00   5.00295600000E-01
   5.00000500000E-01   4.99703400000E-01   0.00000000000E+00   5.00148100000E-01
   1.00000000000E+00                   2                   3  -1.00000000000E+00
   0.00000000000E+00   1.00000000000E+00   5.00316100000E-01   5.00000600000E-01
   4.99682600000E-01   0.00000000000E+00   5.00158400000E-01   1.00000000000E+00
                   2                   3  -1.00000000000E+00   0.00000000000E+00
   1.00000000000E+00   5.00336000000E-01   5.00000800000E-01   4.99662500000E-01
   0.00000000000E+00   5.00168400000E-01   1.00000000000E+00                   2
                   3  -1.00000000000E+00   0.00000000000E+00   1.00000000000E+00
   5.00355100000E-01   5.00001000000E-01   4.99642900000E-01   0.00000000000E+00
   5.00178100000E-01   1.00000000000E+00                   2                   3
  -1.00000000000E+00   0.00000000000E+00   1.00000000000E+00   5.00373700000E-01
   5.00001200000E-01   4.99624000000E-01   0.00000000000E+00   5.00187500000E-01
   1.00000000000E+00                   2                   3  -1.00000000000E+00
   0.00000000000E+00   1.00000000000E+00   5.00391700000E-01   5.00001400000E-01
   4.99605500000E-01   0.00000000000E+00   5.00196600000E-01   1.00000000000E+00
                   2                   3  -1.00000000000E+00   0.00000000000E+00
   1.00000000000E+00   5.00409100000E-01   5.00001700000E-01   4.99587500000E-01
   0.00000000000E+00   5.00205400000E-01   1.00000000000E+00                   2
                   3  -1.00000000000E+00   0.00000000000E+00   1.00000000000E+00
   5.00426100000E-01   5.00001900000E-01   4.99570000000E-01   0.00000000000E+00
   5.00214000000E-01   1.00000000000E+00                   2                   3
  -1.00000000000E+00   0.00000000000E+00   1.00000000000E+00   5.00442700000E-01
   5.00002300000E-01   4.99552800000E-01   0.00000000000E+00   5.00222500000E-01
   1.00000000000E+00                   2                   3  -1.00000000000E+00
   0.00000000000E+00   1.00000000000E+00   5.00458900000E-01   5.00002600000E-01
   4.99536000000E-01   0.00000000000E+00   5.00230800000E-01   1.00000000000E+00
                   2                   3  -1.00000000000E+00   0.00000000000E+00
   1.00000000000E+00   5.00474600000E-01   5.00002900000E-01   4.99519500000E-01
   0.00000000000E+00   5.00238800000E-01   1.00000000000E+00                   2
                   3  -1.00000000000E+00   0.00000000000E+00   1.00000000000E+00
   5.00490100000E-01   5.00003300000E-01   4.99503200000E-01   0.00000000000E+00
   5.00246700000E-01   1.00000000000E+00                   2                   3
  -1.00000000000E+00   0.00000000000E+00   1.00000000000E+00   5.00505200000E-01
   5.00003800000E-01   4.99487300000E-01   0.00000000000E+00   5.00254500000E-01
   1.00000000000E+00                   2                   3  -1.00000000000E+00
   0.00000000000E+00   1.00000000000E+00   5.00520100000E-01   5.00004200000E-01
   4.99471500000E-01   0.00000000000E+00   5.00262200000E-01   1.00000000000E+00
                   2                   3  -1.00000000000E+00   0.00000000000E+00
   1.00000000000E+00   5.00534700000E-01   5.00004700000E-01   4.99456000000E-01
   0.00000000000E+00   5.00269700000E-01   1.00000000000E+00                   2
                   3  -1.00000000000E+00   0.00000000000E+00   1.00000000000E+00
   5.00570300000E-01   5.00006000000E-01   4.99417800000E-01   0.00000000000E+00
   5.00288200000E-01   1.00000000000E+00                   2                   3
  -1.00000000000E+00   0.00000000000E+00   1.00000000000E+00   5.00604700000E-01
   5.00007400000E-01   4.99380400000E-01   0.00000000000E+00   5.00306100000E-01
   1.00000000000E+00                   2                   3  -1.00000000000E+00
   0.00000000000E+00   1.00000000000E+00   5.00638400000E-01   5.00009100000E-01
   4.99343400000E-01   0.00000000000E+00   5.00323800000E-01   1.00000000000E+00
                   2                   3  -1.00000000000E+00   0.00000000000E+00
   1.00000000000E+00   5.00671400000E-01   5.00011000000E-01   4.99306700000E-01
   0.00000000000E+00   5.00341200000E-01   1.00000000000E+00                   2
                   3  -1.00000000000E+00   0.00000000000E+00   1.00000000000E+00
   5.00704100000E-01   5.00013000000E-01   4.99269900000E-01   0.00000000000E+00
   5.00358600000E-01   1.00000000000E+00                   2                   3
  -1.00000000000E+00   0.00000000000E+00   1.00000000000E+00   5.00736500000E-01
   5.00015200000E-01   4.99233100000E-01   0.00000000000E+00   5.00375900000E-01
   1.00000000000E+00                   2                   3  -1.00000000000E+00
   0.00000000000E+00   1.00000000000E+00   5.00769000000E-01   5.00017600000E-01
   4.99195900000E-01   0.00000000000E+00   5.00393300000E-01   1.00000000000E+00
                   2                   3  -1.00000000000E+00   0.00000000000E+00
   1.00000000000E+00   5.00801500000E-01   5.00020200000E-01   4.99158200000E-01
   0.00000000000E+00   5.00410900000E-01   1.00000000000E+00                   2
                   3  -1.00000000000E+00   0.00000000000E+00   1.00000000000E+00
   5.00834200000E-01   5.00022900000E-01   4.99120000000E-01   0.00000000000E+00
   5.00428600000E-01   1.00000000000E+00                   2                   3
  -1.00000000000E+00   0.00000000000E+00   1.00000000000E+00   5.00867200000E-01
   5.00025800000E-01   4.99081200000E-01   0.00000000000E+00   5.00446500000E-01
   1.00000000000E+00                   2                   3  -1.00000000000E+00
   0.00000000000E+00   1.00000000000E+00   5.00934400000E-01   5.00032200000E-01
   4.99001200000E-01   0.00000000000E+00   5.00483300000E-01   1.00000000000E+00
                   2                   3  -1.00000000000E+00   0.00000000000E+00
   1.00000000000E+00   5.01003700000E-01   5.00039200000E-01   4.98917800000E-01
   0.00000000000E+00   5.00521500000E-01   1.00000000000E+00                   2
                   3  -1.00000000000E+00   0.00000000000E+00   1.00000000000E+00
   5.01075500000E-01   5.00046900000E-01   4.98830600000E-01   0.00000000000E+00
   5.00561200000E-01   1.00000000000E+00                   2                   3
  -1.00000000000E+00   0.00000000000E+00   1.00000000000E+00   5.01150200000E-01
   5.00055200000E-01   4.98739400000E-01   0.00000000000E+00   5.00602700000E-01
   1.00000000000E+00                   2                   3  -1.00000000000E+00
   0.00000000000E+00   1.00000000000E+00   5.01227900000E-01   5.00064100000E-01
   4.98643900000E-01   0.00000000000E+00   5.00646000000E-01   1.00000000000E+00
                   2                   3  -1.00000000000E+00   0.00000000000E+00
   1.00000000000E+00   5.01308800000E-01   5.00073500000E-01   4.98544100000E-01
   0.00000000000E+00   5.00691200000E-01   1.00000000000E+00                   2
                   3  -1.00000000000E+00   0.00000000000E+00   1.00000000000E+00
   5.01393100000E-01   5.00083500000E-01   4.98440000000E-01   0.00000000000E+00
   5.00738300000E-01   1.00000000000E+00                   2                   3
  -1.00000000000E+00   0.00000000000E+00   1.00000000000E+00   5.01480800000E-01
   5.00093900000E-01   4.98331400000E-01   0.00000000000E+00   5.00787400000E-01
   1.00000000000E+00                   2                   3  -1.00000000000E+00
   0.00000000000E+00   1.00000000000E+00   5.01571900000E-01   5.00104800000E-01
   4.98218400000E-01   0.00000000000E+00   5.00838400000E-01   1.00000000000E+00
                   2                   3  -1.00000000000E+00   0.00000000000E+00
   1.00000000000E+00   5.01666600000E-01   5.00116200000E-01   4.98101000000E-01
   0.00000000000E+00   5.00891400000E-01   1.00000000000E+00                   2
                   3  -1.00000000000E+00   0.00000000000E+00   1.00000000000E+00
   5.01866500000E-01   5.00140000000E-01   4.97853500000E-01   0.00000000000E+00
   5.01003300000E-01   1.00000000000E+00                   2                   3
  -1.00000000000E+00   0.00000000000E+00   1.00000000000E+00   5.02080400000E-01
   5.00165100000E-01   4.97589400000E-01   0.00000000000E+00   5.01122800000E-01
   1.00000000000E+00                   2                   3  -1.00000000000E+00
   0.00000000000E+00   1.00000000000E+00   5.02308000000E-01   5.00191200000E-01
   4.97309600000E-01   0.00000000000E+00   5.01249600000E-01   1.00000000000E+00
                   2                   3  -1.00000000000E+00   0.00000000000E+00
   1.00000000000E+00   5.02548900000E-01   5.00218100000E-01   4.97014800000E-01
   0.00000000000E+00   5.01383500000E-01   1.00000000000E+00                   2
                   3  -1.00000000000E+00   0.00000000000E+00   1.00000000000E+00
   5.02802900000E-01   5.00245500000E-01   4.96706100000E-01   0.00000000000E+00
   5.01524200000E-01   1.00000000000E+00                   2                   3
  -1.00000000000E+00   0.00000000000E+00   1.00000000000E+00   5.03069400000E-01
   5.00273100000E-01   4.96384400000E-01   0.00000000000E+00   5.01671300000E-01
   1.00000000000E+00                   2                   3  -1.00000000000E+00
   0.00000000000E+00   1.00000000000E+00   5.03347900000E-01   5.00300700000E-01
   4.96050700000E-01   0.00000000000E+00   5.01824300000E-01   1.00000000000E+00
                   2                   3  -1.00000000000E+00   0.00000000000E+00
   1.00000000000E+00   5.03638100000E-01   5.00328000000E-01   4.95706000000E-01
   0.00000000000E+00   5.01983100000E-01   1.00000000000E+00                   2
                   3  -1.00000000000E+00   0.00000000000E+00   1.00000000000E+00
   5.03939500000E-01   5.00354700000E-01   4.95351200000E-01   0.00000000000E+00
   5.02147100000E-01   1.00000000000E+00                   2                   3
  -1.00000000000E+00   0.00000000000E+00   1.00000000000E+00   5.04251500000E-01
   5.00380600000E-01   4.94987300000E-01   0.00000000000E+00   5.02316100000E-01
   1.00000000000E+00                   2                   3  -1.00000000000E+00
   0.00000000000E+00   1.00000000000E+00   5.04573800000E-01   5.00405500000E-01
   4.94615200000E-01   0.00000000000E+00   5.02489700000E-01   1.00000000000E+00
                   2                   3  -1.00000000000E+00   0.00000000000E+00
   1.00000000000E+00   5.04905900000E-01   5.00429100000E-01   4.94236000000E-01
   0.00000000000E+00   5.02667500000E-01   1.00000000000E+00                   2
                   3  -1.00000000000E+00   0.00000000000E+00   1.00000000000E+00
   5.05247300000E-01   5.00451100000E-01   4.93850400000E-01   0.00000000000E+00
   5.02849200000E-01   1.00000000000E+00                   2                   3
  -1.00000000000E+00   0.00000000000E+00   1.00000000000E+00   5.05597800000E-01
   5.00471400000E-01   4.93459400000E-01   0.00000000000E+00   5.03034600000E-01
   1.00000000000E+00                   2                   3  -1.00000000000E+00
   0.00000000000E+00   1.00000000000E+00   5.05956800000E-01   5.00489700000E-01
   4.93063900000E-01   0.00000000000E+00   5.03223300000E-01   1.00000000000E+00
                   2                   3  -1.00000000000E+00   0.00000000000E+00
   1.00000000000E+00   5.06323900000E-01   5.00505700000E-01   4.92664700000E-01
   0.00000000000E+00   5.03414800000E-01   1.00000000000E+00                   2
                   3  -1.00000000000E+00   0.00000000000E+00   1.00000000000E+00
   5.06698900000E-01   5.00519300000E-01   4.92262600000E-01   0.00000000000E+00
   5.03609100000E-01   1.00000000000E+00                   2                   3
  -1.00000000000E+00   0.00000000000E+00   1.00000000000E+00   5.07081300000E-01
   5.00530100000E-01   4.91858400000E-01   0.00000000000E+00   5.03805700000E-01
   1.00000000000E+00                   2                   3  -1.00000000000E+00
   0.00000000000E+00   1.00000000000E+00   5.07470800000E-01   5.00538100000E-01
   4.91453000000E-01   0.00000000000E+00   5.04004500000E-01   1.00000000000E+00
                   2                   3  -1.00000000000E+00   0.00000000000E+00
   1.00000000000E+00   5.07867000000E-01   5.00543000000E-01   4.91047100000E-01
   0.00000000000E+00   5.04205000000E-01   1.00000000000E+00                   2
                   3  -1.00000000000E+00   0.00000000000E+00   1.00000000000E+00
   5.08269600000E-01   5.00544500000E-01   4.90641400000E-01   0.00000000000E+00
   5.04407100000E-01   1.00000000000E+00                   2                   3
  -1.00000000000E+00   0.00000000000E+00   1.00000000000E+00   5.08678300000E-01
   5.00542500000E-01   4.90236700000E-01   0.00000000000E+00   5.04610400000E-01
   1.00000000000E+00                   2                   3  -1.00000000000E+00
   0.00000000000E+00   1.00000000000E+00   5.09092800000E-01   5.00536700000E-01
   4.89833800000E-01   0.00000000000E+00   5.04814800000E-01   1.00000000000E+00
                   2                   3  -1.00000000000E+00   0.00000000000E+00
   1.00000000000E+00   5.09512700000E-01   5.00527100000E-01   4.89433200000E-01
   0.00000000000E+00   5.05019900000E-01   1.00000000000E+00                   2
                   3  -1.00000000000E+00   0.00000000000E+00   1.00000000000E+00
   5.09937900000E-01   5.00513200000E-01   4.89035600000E-01   0.00000000000E+00
   5.05225600000E-01   1.00000000000E+00                   2                   3
  -1.00000000000E+00   0.00000000000E+00   1.00000000000E+00   5.11021700000E-01
   5.00459300000E-01   4.88059600000E-01   0.00000000000E+00   5.05740500000E-01
   1.00000000000E+00                   2                   3  -1.00000000000E+00
   0.00000000000E+00   1.00000000000E+00   5.12132300000E-01   5.00375600000E-01
   4.87116600000E-01   0.00000000000E+00   5.06254000000E-01   1.00000000000E+00
                   2                   3  -1.00000000000E+00   0.00000000000E+00
   1.00000000000E+00   5.13265900000E-01   5.00259100000E-01   4.86215900000E-01
   0.00000000000E+00   5.06762500000E-01   1.00000000000E+00                   2
                   3  -1.00000000000E+00   0.00000000000E+00   1.00000000000E+00
   5.14419000000E-01   5.00107500000E-01   4.85365900000E-01   0.00000000000E+00
   5.07263300000E-01   1.00000000000E+00                   2                   3
  -1.00000000000E+00   0.00000000000E+00   1.00000000000E+00   5.15588800000E-01
   4.99918400000E-01   4.84574500000E-01   0.00000000000E+00   5.07753600000E-01
   1.00000000000E+00                   2                   3  -1.00000000000E+00
   0.00000000000E+00   1.00000000000E+00   5.16772200000E-01   4.99689400000E-01
   4.83848900000E-01   0.00000000000E+00   5.08230800000E-01   1.00000000000E+00
                   2                   3  -1.00000000000E+00   0.00000000000E+00
   1.00000000000E+00   5.17967000000E-01   4.99418600000E-01   4.83195700000E-01
   0.00000000000E+00   5.08692800000E-01   1.00000000000E+00                   2
                   4  -1.00000000000E+00  -1.25000000000E-01   8.13000000000E-01
   1.00000000000E+00   5.19266200000E-01   5.01301300000E-01   4.85792100000E-01
   4.82709300000E-01   0.00000000000E+00   4.46498300000E-01   9.09445100000E-01
   1.00000000000E+00                   2                   4  -1.00000000000E+00
  -2.50000000000E-01   6.88000000000E-01   1.00000000000E+00   5.20607200000E-01
   5.03434700000E-01   4.87405900000E-01   4.82337700000E-01   0.00000000000E+00
   3.84015738000E-01   8.48719985000E-01   1.00000000000E+00                   2
                   4  -1.00000000000E+00  -3.75000000000E-01   5.63000000000E-01
   1.00000000000E+00   5.21962400000E-01   5.05878800000E-01   4.89035700000E-01
   4.82061300000E-01   0.00000000000E+00   3.21200400000E-01   7.87815300000E-01
   1.00000000000E+00                   2                   4  -1.00000000000E+00
  -4.37000000000E-01   5.00000000000E-01   1.00000000000E+00   5.23297000000E-01
   5.07252300000E-01   4.89616400000E-01   4.81853400000E-01   0.00000000000E+00
   2.90099600000E-01   7.57132600000E-01   1.00000000000E+00                   2
                   4  -1.00000000000E+00  -5.00000000000E-01   4.38000000000E-01
   1.00000000000E+00   5.24635600000E-01   5.08823300000E-01   4.90170700000E-01
   4.81740700000E-01   0.00000000000E+00   2.58364700000E-01   7.26892900000E-01
   1.00000000000E+00                   2                   4  -1.00000000000E+00
  -5.00000000000E-01   3.13000000000E-01   1.00000000000E+00   5.26045500000E-01
   5.08932000000E-01   4.91840600000E-01   4.81788300000E-01   0.00000000000E+00
   2.58744400000E-01   6.65558500000E-01   1.00000000000E+00                   2
                   4  -1.00000000000E+00  -5.62000000000E-01   1.25000000000E-01
   1.00000000000E+00   5.27424400000E-01   5.10780000000E-01   4.94682400000E-01
   4.81904900000E-01   0.00000000000E+00   2.27366800000E-01   5.72743100000E-01
   1.00000000000E+00                   2                   5  -1.00000000000E+00
  -6.25000000000E-01  -6.25000000000E-02   7.50000000000E-01   1.00000000000E+00
   5.29049900000E-01   5.13187600000E-01   4.98092500000E-01   4.84733600000E-01
   4.82345300000E-01   0.00000000000E+00   1.95419500000E-01   4.79842000000E-01
   8.79115100000E-01   1.00000000000E+00                   2                   5
  -1.00000000000E+00  -6.25000000000E-01  -1.25000000000E-01   6.25000000000E-01
   1.00000000000E+00   5.30575400000E-01   5.13470500000E-01   4.99057000000E-01
   4.86114500000E-01   4.82793500000E-01   0.00000000000E+00   1.95758600000E-01
   4.48890500000E-01   8.18329800000E-01   1.00000000000E+00                   2
                   5  -1.00000000000E+00  -6.25000000000E-01  -1.25000000000E-01
   5.63000000000E-01   1.00000000000E+00   5.32082300000E-01   5.13678000000E-01
   4.98590300000E-01   4.86633900000E-01   4.83323900000E-01   0.00000000000E+00
   1.96080100000E-01   4.49147200000E-01   7.88064300000E-01   1.00000000000E+00
                   2                   6  -1.00000000000E+00  -6.87000000000E-01
  -2.50000000000E-01   3.75000000000E-01   9.38000000000E-01   1.00000000000E+00
   5.33650000000E-01   5.16558500000E-01   5.01281500000E-01   4.88789300000E-01
   4.83996000000E-01   4.84007900000E-01   0.00000000000E+00   1.64357616000E-01
   3.86755639000E-01   6.96152770000E-01   9.69991897000E-01   1.00000000000E+00
                   2                   6  -1.00000000000E+00  -6.87000000000E-01
  -3.12000000000E-01   2.50000000000E-01   8.13000000000E-01   1.00000000000E+00
   5.35304800000E-01   5.16958700000E-01   5.02699300000E-01   4.90267600000E-01
   4.84708700000E-01   4.84867100000E-01   0.00000000000E+00   1.64679216000E-01
   3.55865136000E-01   6.34888863000E-01   9.09344691000E-01   1.00000000000E+00
                   2                   6  -1.00000000000E+00  -6.87000000000E-01
  -3.12000000000E-01   1.88000000000E-01   7.50000000000E-01   1.00000000000E+00
   5.36929400000E-01   5.17275400000E-01   5.02286300000E-01   4.90750900000E-01
   4.85134700000E-01   4.85793000000E-01   0.00000000000E+00   1.64983100000E-01
   3.56150900000E-01   6.04410200000E-01   8.78634100000E-01   1.00000000000E+00
                   2                   7  -1.00000000000E+00  -7.50000000000E-01
  -4.37000000000E-01   0.00000000000E+00   5.00000000000E-01   9.38000000000E-01
   1.00000000000E+00   5.38638400000E-01   5.21153800000E-01   5.06258500000E-01
   4.93712000000E-01   4.86490900000E-01   4.86226800000E-01   4.86885700000E-01
   0.00000000000E+00   1.32474000000E-01   2.93264000000E-01   5.11757600000E-01
   7.56808300000E-01   9.69833500000E-01   1.00000000000E+00                   2
                   7  -1.00000000000E+00  -7.50000000000E-01  -4.37000000000E-01
  -6.25000000000E-02   4.38000000000E-01   8.75000000000E-01   1.00000000000E+00
   5.40342200000E-01   5.21652800000E-01   5.05947000000E-01   4.94462500000E-01
   4.86746300000E-01   4.86474200000E-01   4.88060700000E-01   0.00000000000E+00
   1.32749400000E-01   2.93568800000E-01   4.80895500000E-01   7.26443000000E-01
   9.39091700000E-01   1.00000000000E+00                   2                   7
  -1.00000000000E+00  -7.50000000000E-01  -4.37000000000E-01  -6.25000000000E-02
   3.75000000000E-01   8.13000000000E-01   1.00000000000E+00   5.42078000000E-01
   5.22133800000E-01   5.05595100000E-01   4.93807600000E-01   4.86948900000E-01
   4.86590700000E-01   4.89346600000E-01   0.00000000000E+00   1.33026500000E-01
   2.93866100000E-01   4.81004300000E-01   6.95544800000E-01   9.08750000000E-01
   1.00000000000E+00                   2                   7  -1.00000000000E+00
  -7.50000000000E-01  -4.37000000000E-01  -6.25000000000E-02   3.75000000000E-01
   7.50000000000E-01   1.00000000000E+00   5.43832600000E-01   5.22584100000E-01
   5.05190400000E-01   4.93105700000E-01   4.86559000000E-01   4.86553300000E-01
   4.90726700000E-01   0.00000000000E+00   1.33302100000E-01   2.94148800000E-01
   4.81079700000E-01   6.95381400000E-01   8.77840000000E-01   1.00000000000E+00
                   2                   8  -1.00000000000E+00  -8.12000000000E-01
  -5.62000000000E-01  -2.50000000000E-01   1.25000000000E-01   5.63000000000E-01
   8.75000000000E-01   1.00000000000E+00   5.45701500000E-01   5.27917900000E-01
   5.11041400000E-01   4.97628200000E-01   4.88871900000E-01   4.85851500000E-01
   4.89079200000E-01   4.92281400000E-01   0.00000000000E+00   1.00920200000E-01
   2.30790100000E-01   3.88142600000E-01   5.73111400000E-01   7.86575800000E-01
   9.38665000000E-01   1.00000000000E+00                   2                   8
  -1.00000000000E+00  -8.12000000000E-01  -5.62000000000E-01  -2.50000000000E-01
   1.25000000000E-01   5.00000000000E-01   8.13000000000E-01   1.00000000000E+00
   5.47551700000E-01   5.28641500000E-01   5.10853500000E-01   4.96942600000E-01
   4.88205900000E-01   4.85679900000E-01   4.88715100000E-01   4.93884300000E-01
   0.00000000000E+00   1.01162200000E-01   2.31099100000E-01   3.88315300000E-01
   5.73030600000E-01   7.55634200000E-01   9.08127000000E-01   1.00000000000E+00
   1.67298900000E+01   1.64744600000E+01   1.62303800000E+01   1.59968300000E+01
   1.57730900000E+01   1.55584800000E+01   1.53524000000E+01   1.51543000000E+01
   1.49636700000E+01   1.47800600000E+01   1.46030500000E+01   1.44322400000E+01
   1.42673000000E+01   1.39536900000E+01   1.36599000000E+01   1.33839100000E+01
   1.31240100000E+01   1.28786800000E+01   1.26466100000E+01   1.24266500000E+01
   1.22177800000E+01   1.20191100000E+01   1.18298200000E+01   1.15619400000E+01
   1.13114700000E+01   1.10766000000E+01   1.08557900000E+01   1.06476700000E+01
   1.04510800000E+01   1.02649900000E+01   1.00885000000E+01   9.92081600000E+00
   9.76122100000E+00   9.60908900000E+00   9.46385500000E+00   9.32501300000E+00
   9.19210800000E+00   9.06472900000E+00   8.94250200000E+00   8.82509000000E+00
   8.71218500000E+00   8.60350400000E+00   8.49879300000E+00   8.39781300000E+00
   8.30035000000E+00   8.11518900000E+00   7.94189100000E+00   7.77924100000E+00
   7.62619200000E+00   7.48183400000E+00   7.36760100000E+00   7.25844500000E+00
   7.15400200000E+00   7.05394100000E+00   6.95796500000E+00   6.86580200000E+00
   6.77720700000E+00   6.69195600000E+00   6.60984300000E+00   6.53068000000E+00
   6.45429500000E+00   6.38053000000E+00   6.24028100000E+00   6.10889200000E+00
   5.98546700000E+00   5.86923400000E+00   5.75951900000E+00   5.65573500000E+00
   5.55736700000E+00   5.46395900000E+00   5.37510800000E+00   5.29045600000E+00
   5.20968100000E+00   5.13249600000E+00   5.05864300000E+00   4.98789000000E+00
   4.92002400000E+00   4.85485500000E+00   4.79220900000E+00   4.73192700000E+00
   4.67386500000E+00   4.61788800000E+00   4.56387600000E+00   4.51171600000E+00
   4.41254500000E+00   4.31963900000E+00   4.23236500000E+00   4.15017500000E+00
   4.07259500000E+00   3.99920900000E+00   3.92965200000E+00   3.86360300000E+00
   3.80077600000E+00   3.74091700000E+00   3.65620600000E+00   3.57700200000E+00
   3.50273100000E+00   3.43290200000E+00   3.36709000000E+00   3.30492200000E+00
   3.24607600000E+00   3.19026600000E+00   3.13723800000E+00   3.08677000000E+00
   3.03866200000E+00   2.99273500000E+00   2.94883000000E+00   2.90680100000E+00
   2.86652100000E+00   2.82786900000E+00   2.79074000000E+00   2.75503600000E+00
   2.72066800000E+00   2.68755600000E+00   2.65562300000E+00   2.62480200000E+00
   2.56624900000E+00   2.51144700000E+00   2.46001300000E+00   2.41161500000E+00
   2.36596500000E+00   2.32984100000E+00   2.29532300000E+00   2.26229500000E+00
   2.23065300000E+00   2.20030200000E+00   2.17115800000E+00   2.14314200000E+00
   2.11618300000E+00   2.09021700000E+00   2.06518300000E+00   2.04102800000E+00
   2.01770100000E+00   1.97335100000E+00   1.93180200000E+00   1.89277200000E+00
   1.85601500000E+00   1.82132000000E+00   1.78850100000E+00   1.75739400000E+00
   1.72785600000E+00   1.69975900000E+00   1.67299000000E+00   1.64744600000E+00
   1.62303800000E+00   1.59968400000E+00   1.57731000000E+00   1.55584900000E+00
   1.53524100000E+00   1.51543000000E+00   1.49636700000E+00   1.47800600000E+00
   1.46030500000E+00   1.44322500000E+00   1.42673000000E+00   1.39537000000E+00
   1.36599000000E+00   1.33839200000E+00   1.31240100000E+00   1.28786800000E+00
   1.26466100000E+00   1.24266500000E+00   1.22177900000E+00   1.20191100000E+00
   1.18298200000E+00   1.15619400000E+00   1.13114700000E+00   1.10766100000E+00
   1.08557900000E+00   1.06476700000E+00   1.04510800000E+00   1.02650000000E+00
   1.00885100000E+00   9.92082100000E-01   9.76122600000E-01   9.60909400000E-01
   9.46386000000E-01   9.32501800000E-01   9.19211300000E-01   9.06473400000E-01
   8.94250700000E-01   8.82509500000E-01   8.71218900000E-01   8.60350900000E-01
   8.49879700000E-01   8.39781800000E-01   8.30035400000E-01   8.11519300000E-01
   7.94189500000E-01   7.77924500000E-01   7.62619600000E-01   7.48183900000E-01
   7.36760500000E-01   7.25845000000E-01   7.15400600000E-01   7.05394500000E-01
   6.95796900000E-01   6.86580600000E-01   6.77721200000E-01   6.69196000000E-01
   6.60984700000E-01   6.53068500000E-01   6.45430000000E-01   6.38053400000E-01
   6.24028600000E-01   6.10889700000E-01   5.98547200000E-01   5.86923800000E-01
   5.75952300000E-01   5.65574000000E-01   5.55737100000E-01   5.46396400000E-01
   5.37511300000E-01   5.29046000000E-01   5.20968500000E-01   5.13250000000E-01
   5.05864800000E-01   4.98789400000E-01   4.92002900000E-01   4.85486000000E-01
   4.79221400000E-01   4.73193200000E-01   4.67387000000E-01   4.61789300000E-01
   4.56388100000E-01   4.51172100000E-01   4.41255000000E-01   4.31964400000E-01
   4.23237000000E-01   4.15018000000E-01   4.07260000000E-01   3.99921400000E-01
   3.92965700000E-01   3.86360800000E-01   3.80078100000E-01   3.74092200000E-01
   3.68046200000E-01   3.62284000000E-01   3.56784400000E-01   3.51527800000E-01
   3.46496900000E-01   3.41676000000E-01   3.37050900000E-01   3.32608700000E-01
   3.25249600000E-01   3.18358500000E-01   3.11887500000E-01   3.05795800000E-01
   3.00047600000E-01   2.94611800000E-01   2.89461200000E-01   2.84571500000E-01
   2.80680800000E-01   2.76945400000E-01   2.73355200000E-01   2.69901200000E-01
   2.66574900000E-01   2.63368600000E-01   2.60275300000E-01   2.57288500000E-01
   2.51610900000E-01   2.46293300000E-01   2.41299200000E-01   2.36597100000E-01
   2.32984800000E-01   2.29533000000E-01   2.26230200000E-01   2.23066000000E-01
   2.20030900000E-01   2.17116500000E-01   2.14314900000E-01   2.11619100000E-01
   2.09022400000E-01   2.06519100000E-01   2.04103600000E-01   2.01770900000E-01
   1.97335900000E-01   1.93181000000E-01   1.89278000000E-01   1.85602400000E-01
   1.82132900000E-01   1.78851000000E-01   1.75740400000E-01   1.72786600000E-01
   1.69976900000E-01   1.67300000000E-01   1.64745600000E-01   1.62304900000E-01
   1.59969500000E-01   1.57732100000E-01   1.55586000000E-01   1.53525200000E-01
   1.51544200000E-01   1.49637900000E-01   1.47801800000E-01   1.46031700000E-01
   1.44323700000E-01   1.42674300000E-01   1.39538300000E-01   1.36600400000E-01
   1.33840600000E-01   1.31241600000E-01   1.28788300000E-01   1.26467700000E-01
   1.24268100000E-01   1.22179500000E-01   1.20192800000E-01   1.18300000000E-01
   1.15621300000E-01   1.13116700000E-01   1.10768100000E-01   1.08560000000E-01
   1.06478900000E-01   1.04513100000E-01   1.02652300000E-01   1.00887500000E-01
   9.92107200000E-02   9.76148600000E-02   9.60936200000E-02   9.46413700000E-02
   9.32530400000E-02   9.19240700000E-02   9.06503600000E-02   8.94281800000E-02
   8.82541400000E-02   8.71251600000E-02   8.60384400000E-02   8.49914000000E-02
   8.39816800000E-02   8.30071200000E-02   8.11556500000E-02   7.94228100000E-02
   7.77964400000E-02   7.48226100000E-02   7.25888900000E-02   7.05439900000E-02
   6.86627300000E-02   6.69243800000E-02   6.38102600000E-02   6.10939500000E-02
   5.86973600000E-02   5.65623100000E-02   5.46444300000E-02   5.29092300000E-02
   5.13294500000E-02   4.98831900000E-02   4.85526500000E-02   4.73231800000E-02
   4.51207200000E-02   4.31996600000E-02   4.15047900000E-02   3.99949300000E-02
   3.86387000000E-02   3.74117000000E-02   3.57723800000E-02   3.43313200000E-02
   3.30515500000E-02   3.19050300000E-02   3.08700800000E-02   2.99296600000E-02
   2.90701600000E-02   2.82806200000E-02   2.68770200000E-02   2.56636500000E-02
   2.46012200000E-02   2.36607900000E-02   2.29543900000E-02   2.23076300000E-02
   2.17125200000E-02   2.11625500000E-02   2.01773000000E-02   1.93181700000E-02
   1.85605700000E-02   1.78859100000E-02   1.72798200000E-02   1.67311600000E-02
   1.62313900000E-02   1.57737300000E-02   1.53526600000E-02   1.49635900000E-02
   1.42667100000E-02   1.36590300000E-02   1.31233000000E-02   1.26464400000E-02
   1.22178500000E-02   1.18294900000E-02   1.13103000000E-02   1.08541900000E-02
   1.04494800000E-02   1.00874000000E-02   9.76048500000E-03   9.46300300000E-03
   9.19096900000E-03   8.94109600000E-03   8.49697600000E-03   8.11308300000E-03
   7.77698400000E-03   7.47986800000E-03   7.25664500000E-03   7.05193200000E-03
   6.86353000000E-03   6.68945700000E-03   6.37766900000E-03   6.10576000000E-03
   5.86591900000E-03   5.65286900000E-03   5.46144500000E-03   5.28766600000E-03
   5.12936900000E-03   4.98445100000E-03   4.85114900000E-03   4.72799300000E-03
   4.50741200000E-03   4.31505400000E-03   4.14537200000E-03   3.99465700000E-03
   3.85925800000E-03   3.73613300000E-03   3.57147400000E-03   3.42689900000E-03
   3.29853000000E-03   3.18383800000E-03   3.08031300000E-03   2.98598000000E-03
   2.89979600000E-03   2.82065000000E-03   2.67999700000E-03   2.55844000000E-03
   2.45201400000E-03   2.35791100000E-03   2.28695400000E-03   2.22184900000E-03
   2.16197600000E-03   2.10666900000E-03   2.00763600000E-03   1.92130100000E-03
   1.84516700000E-03   1.77747800000E-03   1.71669900000E-03   1.66158900000E-03
   1.61102500000E-03   1.56473000000E-03   1.52216600000E-03   1.48285800000E-03
   1.41249500000E-03   1.35118200000E-03   1.29713500000E-03   1.24907700000E-03
   1.20594200000E-03   1.16686500000E-03   1.13089000000E-03   1.09796600000E-03
   1.06770600000E-03   1.03977000000E-03   9.89790600000E-04   9.46249300000E-04
   9.07436900000E-04   8.72936500000E-04   8.41998900000E-04   8.14014300000E-04
   7.88287200000E-04   7.64765700000E-04   7.43163200000E-04   7.23225000000E-04
   7.04555400000E-04   6.87195200000E-04   6.71006900000E-04   6.55858100000E-04
   6.41500300000E-04   6.27994900000E-04   6.15267900000E-04   6.03256000000E-04
   5.80868400000E-04   5.60654700000E-04   5.42120900000E-04   5.25199300000E-04
   5.09525700000E-04   4.95117000000E-04   4.82860500000E-04   4.70665900000E-04
   4.58471200000E-04   4.46357500000E-04   4.36733400000E-04   4.27189400000E-04
   4.17645400000E-04   4.08160700000E-04   3.92620700000E-04   3.77185100000E-04
   3.64247500000E-04   3.51391300000E-04   3.40397900000E-04   3.29469600000E-04
   3.19975300000E-04   3.10534500000E-04   3.02226000000E-04   2.93962400000E-04
   2.86611900000E-04   2.79299500000E-04   2.72736700000E-04   2.66206500000E-04
   2.54431800000E-04   2.41933700000E-04   2.29482100000E-04   2.19387100000E-04
   2.09336200000E-04   2.00982000000E-04   1.92662400000E-04   1.85613500000E-04
   1.78592300000E-04   1.72552500000E-04   1.66535500000E-04   1.61295200000E-04
   1.56073900000E-04   1.51479900000E-04   1.46902000000E-04   1.42839100000E-04
   1.38790200000E-04   1.31562200000E-04   1.25079800000E-04   1.19233200000E-04
   1.13933600000E-04   1.09108500000E-04   1.04699300000E-04   1.00809900000E-04
   9.69303900000E-05   9.36156000000E-05   9.03105300000E-05   8.74571700000E-05
   8.46119600000E-05   8.21339200000E-05   7.96628200000E-05   7.53316500000E-05
   7.15161300000E-05   6.81352700000E-05   6.51241500000E-05   6.24300800000E-05
   6.00104400000E-05   5.79302100000E-05   5.58544900000E-05   5.41416500000E-05
   5.24331500000E-05   5.10086000000E-05   4.95876400000E-05   4.83926100000E-05
   4.72005600000E-05   4.51836400000E-05   4.34693100000E-05   4.20050100000E-05
   4.07492400000E-05   3.96688600000E-05   3.87370800000E-05   3.79320700000E-05
   3.72357900000E-05   3.66333100000E-05   3.61121300000E-05   3.56618900000E-05
   3.52254200000E-05   3.47900200000E-05   3.44944000000E-05   3.41998100000E-05
   3.40078900000E-05   3.38167500000E-05   3.37019400000E-05   3.35877400000E-05
   3.34741300000E-05   3.34473000000E-05   3.34856800000E-05   3.35728000000E-05
   3.36959500000E-05   3.38452600000E-05   3.41928800000E-05   3.45711800000E-05
   3.49523900000E-05   3.53192000000E-05   3.56611500000E-05   3.59722400000E-05
   3.62495400000E-05   3.64921000000E-05   3.67002800000E-05   3.68753200000E-05
   3.71335900000E-05   3.72840900000E-05   3.73449900000E-05   3.73333300000E-05
   3.72641700000E-05   3.71503200000E-05   3.70024400000E-05   3.68292700000E-05
   3.66378300000E-05   3.64337900000E-05   3.62216100000E-05   3.60048200000E-05
   3.57861300000E-05   3.55676900000E-05   3.53510900000E-05   3.51375600000E-05
   3.49279700000E-05   3.47229700000E-05   3.45230000000E-05   3.43283400000E-05
   3.41391300000E-05   3.39554500000E-05   3.37772500000E-05   3.36045000000E-05
   3.34370700000E-05   3.30407000000E-05   3.26737500000E-05   3.23330700000E-05
   3.20154500000E-05   3.17178700000E-05   3.14375400000E-05   3.11719200000E-05
   3.09187700000E-05   3.06760900000E-05   3.04421400000E-05   3.02154000000E-05
   2.99945500000E-05   2.97784500000E-05   2.95661100000E-05   2.93567000000E-05
   2.91495100000E-05   2.89439300000E-05   2.87394600000E-05   2.85356900000E-05
   2.83322700000E-05   2.81289400000E-05   2.79254800000E-05   2.77217400000E-05
   2.75176100000E-05   2.73130100000E-05   2.71079200000E-05              102001
                   1                  16                 102                   0
                   2   1.00000000000E-11   2.00000000000E+01   1.00000000000E+00
   1.00000000000E+00                   0                   1                   0
                   4                  10                   0                   2
   1.00000000000E-11   2.00000000000E+01   1.00000000000E+00   1.00000000000E+00
                   0                 153   1.00000000000E-11   2.00000000000E-11
   5.00000000000E-11   1.00000000000E-10   2.00000000000E-10   5.00000000000E-10
   1.00000000000E-09   2.00000000000E-09   5.00000000000E-09   1.00000000000E-08
   2.53000000000E-08   1.00000000000E-07   2.00000000000E-07   5.00000000000E-07
   1.00000000000E-06   2.00000000000E-06   5.00000000000E-06   1.00000000000E-05
   2.00000000000E-05   5.00000000000E-05   1.00000000000E-04   2.00000000000E-04
   5.00000000000E-04   1.00000000000E-03   2.00000000000E-03   3.00000000000E-03
   4.00000000000E-03   5.00000000000E-03   6.00000000000E-03   7.00000000000E-03
   8.00000000000E-03   9.00000000000E-03   1.00000000000E-02   1.20000000000E-02
   1.40000000000E-02   1.60000000000E-02   1.80000000000E-02   2.00000000000E-02
   2.20000000000E-02   2.40000000000E-02   2.60000000000E-02   2.80000000000E-02
   3.00000000000E-02   3.50000000000E-02   4.00000000000E-02   4.50000000000E-02
   5.00000000000E-02   5.50000000000E-02   6.00000000000E-02   6.50000000000E-02
   7.00000000000E-02   7.50000000000E-02   8.00000000000E-02   8.50000000000E-02
   9.00000000000E-02   9.50000000000E-02   1.00000000000E-01   1.10000000000E-01
   1.20000000000E-01   1.30000000000E-01   1.40000000000E-01   1.50000000000E-01
   1.60000000000E-01   1.70000000000E-01   1.80000000000E-01   1.90000000000E-01
   2.00000000000E-01   2.20000000000E-01   2.40000000000E-01   2.60000000000E-01
   2.80000000000E-01   3.00000000000E-01   3.20000000000E-01   3.40000000000E-01
   3.60000000000E-01   3.80000000000E-01   4.00000000000E-01   4.20000000000E-01
   4.40000000000E-01   4.60000000000E-01   4.80000000000E-01   5.00000000000E-01
   5.50000000000E-01   6.00000000000E-01   6.50000000000E-01   7.00000000000E-01
   7.50000000000E-01   8.00000000000E-01   8.50000000000E-01   9.00000000000E-01
   9.50000000000E-01   1.00000000000E+00   1.10000000000E+00   1.20000000000E+00
   1.30000000000E+00   1.40000000000E+00   1.50000000000E+00   1.60000000000E+00
   1.70000000000E+00   1.80000000000E+00   1.90000000000E+00   2.00000000000E+00
   2.20000000000E+00   2.40000000000E+00   2.60000000000E+00   2.80000000000E+00
   3.00000000000E+00   3.20000000000E+00   3.40000000000E+00   3.60000000000E+00
   3.80000000000E+00   4.00000000000E+00   4.20000000000E+00   4.40000000000E+00
   4.60000000000E+00   4.80000000000E+00   5.00000000000E+00   5.20000000000E+00
   5.40000000000E+00   5.60000000000E+00   5.80000000000E+00   6.00000000000E+00
   6.20000000000E+00   6.40000000000E+00   6.60000000000E+00   6.80000000000E+00
   7.00000000000E+00   7.50000000000E+00   8.00000000000E+00   8.50000000000E+00
   9.00000000000E+00   9.50000000000E+00   1.00000000000E+01   1.05000000000E+01
   1.10000000000E+01   1.15000000000E+01   1.20000000000E+01   1.25000000000E+01
   1.30000000000E+01   1.35000000000E+01   1.40000000000E+01   1.45000000000E+01
   1.50000000000E+01   1.55000000000E+01   1.60000000000E+01   1.65000000000E+01
   1.70000000000E+01   1.75000000000E+01   1.80000000000E+01   1.85000000000E+01
   1.90000000000E+01   1.95000000000E+01   2.00000000000E+01                 318
                 323                 328                 333                 338
                 343                 348                 353                 358
                 363                 368                 373                 378
                 383                 388                 393                 398
                 403                 408                 413                 418
                 423                 428                 433                 438
                 443                 448                 453                 458
                 463                 468                 473                 478
                 483                 488                 493                 498
                 503                 508                 513                 518
                 523                 528                 533                 538
                 543                 548                 553                 558
                 563                 568                 573                 578
                 583                 588                 593                 598
                 603                 608                 613                 618
                 623                 628                 633                 638
                 643                 648                 653                 658
                 663                 668                 673                 678
                 683                 688                 693                 698
                 703                 708                 713                 718
                 723                 728                 733                 738
                 743                 748                 753                 758
                 763                 768                 773                 778
                 783                 788                 793                 798
                 803                 808                 813                 818
                 823                 828                 833                 838
                 843                 848                 853                 858
                 863                 868                 873                 878
                 883                 888                 893                 898
                 903                 908                 913                 918
                 923                 928                 933                 938
                 943                 948                 953                 958
                 963                 968                 973                 978
                 983                 988                 993                 998
                1003                1008                1013                1018
                1023                1028                1033                1038
                1043                1048                1053                1058
                1063                1068                1073                1078
                  10                   1   2.22330000000E+00   1.00000000000E+00
   1.00000000000E+00                  10                   1   2.22330000000E+00
   1.00000000000E+00   1.00000000000E+00                  10                   1
   2.22330000000E+00   1.00000000000E+00   1.00000000000E+00                  10
                   1   2.22330000000E+00   1.00000000000E+00   1.00000000000E+00
                  10                   1   2.22330000000E+00   1.00000000000E+00
   1.00000000000E+00                  10                   1   2.22330000000E+00
   1.00000000000E+00   1.00000000000E+00                  10                   1
   2.22330000000E+00   1.00000000000E+00   1.00000000000E+00                  10
                   1   2.22330000000E+00   1.00000000000E+00   1.00000000000E+00
                  10                   1   2.22330000000E+00   1.00000000000E+00
   1.00000000000E+00                  10                   1   2.22330000000E+00
   1.00000000000E+00   1.00000000000E+00                  10                   1
   2.22330000000E+00   1.00000000000E+00   1.00000000000E+00                  10
                   1   2.22330000000E+00   1.00000000000E+00   1.00000000000E+00
                  10                   1   2.22330000000E+00   1.00000000000E+00
   1.00000000000E+00                  10                   1   2.22330000000E+00
   1.00000000000E+00   1.00000000000E+00                  10                   1
   2.22330000000E+00   1.00000000000E+00   1.00000000000E+00                  10
                   1   2.22330100000E+00   1.00000000000E+00   1.00000000000E+00
                  10                   1   2.22330200000E+00   1.00000000000E+00
   1.00000000000E+00                  10                   1   2.22330500000E+00
   1.00000000000E+00   1.00000000000E+00                  10                   1
   2.22331000000E+00   1.00000000000E+00   1.00000000000E+00                  10
                   1   2.22332500000E+00   1.00000000000E+00   1.00000000000E+00
                  10                   1   2.22335000000E+00   1.00000000000E+00
   1.00000000000E+00                  10                   1   2.22340000000E+00
   1.00000000000E+00   1.00000000000E+00                  10                   1
   2.22355000000E+00   1.00000000000E+00   1.00000000000E+00                  10
                   1   2.22380000000E+00   1.00000000000E+00   1.00000000000E+00
                  10                   1   2.22430000000E+00   1.00000000000E+00
   1.00000000000E+00                  10                   1   2.22479900000E+00
   1.00000000000E+00   1.00000000000E+00                  10                   1
   2.22529900000E+00   1.00000000000E+00   1.00000000000E+00                  10
                   1   2.22579900000E+00   1.00000000000E+00   1.00000000000E+00
                  10                   1   2.22629900000E+00   1.00000000000E+00
   1.00000000000E+00                  10                   1   2.22679900000E+00
   1.00000000000E+00   1.00000000000E+00                  10                   1
   2.22729800000E+00   1.00000000000E+00   1.00000000000E+00                  10
                   1   2.22779800000E+00   1.00000000000E+00   1.00000000000E+00
                  10                   1   2.22829800000E+00   1.00000000000E+00
   1.00000000000E+00                  10                   1   2.22929800000E+00
   1.00000000000E+00   1.00000000000E+00                  10                   1
   2.23029700000E+00   1.00000000000E+00   1.00000000000E+00                  10
                   1   2.23129700000E+00   1.00000000000E+00   1.00000000000E+00
                  10                   1   2.23229600000E+00   1.00000000000E+00
   1.00000000000E+00                  10                   1   2.23329600000E+00
   1.00000000000E+00   1.00000000000E+00                  10                   1
   2.23429500000E+00   1.00000000000E+00   1.00000000000E+00                  10
                   1   2.23529500000E+00   1.00000000000E+00   1.00000000000E+00
                  10                   1   2.23629500000E+00   1.00000000000E+00
   1.00000000000E+00                  10                   1   2.23729400000E+00
   1.00000000000E+00   1.00000000000E+00                  10                   1
   2.23829400000E+00   1.00000000000E+00   1.00000000000E+00                  10
                   1   2.24079300000E+00   1.00000000000E+00   1.00000000000E+00
                  10                   1   2.24329200000E+00   1.00000000000E+00
   1.00000000000E+00                  10                   1   2.24579100000E+00
   1.00000000000E+00   1.00000000000E+00                  10                   1
   2.24829000000E+00   1.00000000000E+00   1.00000000000E+00                  10
                   1   2.25078900000E+00   1.00000000000E+00   1.00000000000E+00
                  10                   1   2.25328800000E+00   1.00000000000E+00
   1.00000000000E+00                  10                   1   2.25578600000E+00
   1.00000000000E+00   1.00000000000E+00                  10                   1
   2.25828500000E+00   1.00000000000E+00   1.00000000000E+00                  10
                   1   2.26078400000E+00   1.00000000000E+00   1.00000000000E+00
                  10                   1   2.26328300000E+00   1.00000000000E+00
   1.00000000000E+00                  10                   1   2.26578200000E+00
   1.00000000000E+00   1.00000000000E+00                  10                   1
   2.26828100000E+00   1.00000000000E+00   1.00000000000E+00                  10
                   1   2.27078000000E+00   1.00000000000E+00   1.00000000000E+00
                  10                   1   2.27327900000E+00   1.00000000000E+00
   1.00000000000E+00                  10                   1   2.27827700000E+00
   1.00000000000E+00   1.00000000000E+00                  10                   1
   2.28327500000E+00   1.00000000000E+00   1.00000000000E+00                  10
                   1   2.28827300000E+00   1.00000000000E+00   1.00000000000E+00
                  10                   1   2.29327100000E+00   1.00000000000E+00
   1.00000000000E+00                  10                   1   2.29826900000E+00
   1.00000000000E+00   1.00000000000E+00                  10                   1
   2.30326700000E+00   1.00000000000E+00   1.00000000000E+00                  10
                   1   2.30826500000E+00   1.00000000000E+00   1.00000000000E+00
                  10                   1   2.31326300000E+00   1.00000000000E+00
   1.00000000000E+00                  10                   1   2.31826000000E+00
   1.00000000000E+00   1.00000000000E+00                  10                   1
   2.32325800000E+00   1.00000000000E+00   1.00000000000E+00                  10
                   1   2.33325400000E+00   1.00000000000E+00   1.00000000000E+00
                  10                   1   2.34325000000E+00   1.00000000000E+00
   1.00000000000E+00                  10                   1   2.35324600000E+00
   1.00000000000E+00   1.00000000000E+00                  10                   1
   2.36324200000E+00   1.00000000000E+00   1.00000000000E+00                  10
                   1   2.37323800000E+00   1.00000000000E+00   1.00000000000E+00
                  10                   1   2.38323300000E+00   1.00000000000E+00
   1.00000000000E+00                  10                   1   2.39322900000E+00
   1.00000000000E+00   1.00000000000E+00                  10                   1
   2.40322500000E+00   1.00000000000E+00   1.00000000000E+00                  10
                   1   2.41322100000E+00   1.00000000000E+00   1.00000000000E+00
                  10                   1   2.42321700000E+00   1.00000000000E+00
   1.00000000000E+00                  10                   1   2.43321300000E+00
   1.00000000000E+00   1.00000000000E+00                  10                   1
   2.44320800000E+00   1.00000000000E+00   1.00000000000E+00                  10
                   1   2.45320400000E+00   1.00000000000E+00   1.00000000000E+00
                  10                   1   2.46320000000E+00   1.00000000000E+00
   1.00000000000E+00                  10                   1   2.47319600000E+00
   1.00000000000E+00   1.00000000000E+00                  10                   1
   2.49818500000E+00   1.00000000000E+00   1.00000000000E+00                  10
                   1   2.52317500000E+00   1.00000000000E+00   1.00000000000E+00
                  10                   1   2.54816500000E+00   1.00000000000E+00
   1.00000000000E+00                  10                   1   2.57315400000E+00
   1.00000000000E+00   1.00000000000E+00                  10                   1
   2.59814400000E+00   1.00000000000E+00   1.00000000000E+00                  10
                   1   2.62313300000E+00   1.00000000000E+00   1.00000000000E+00
                  10                   1   2.64812300000E+00   1.00000000000E+00
   1.00000000000E+00                  10                   1   2.67311300000E+00
   1.00000000000E+00   1.00000000000E+00                  10                   1
   2.69810200000E+00   1.00000000000E+00   1.00000000000E+00                  10
                   1   2.72309200000E+00   1.00000000000E+00   1.00000000000E+00
                  10                   1   2.77307100000E+00   1.00000000000E+00
   1.00000000000E+00                  10                   1   2.82305000000E+00
   1.00000000000E+00   1.00000000000E+00                  10                   1
   2.87302900000E+00   1.00000000000E+00   1.00000000000E+00                  10
                   1   2.92300800000E+00   1.00000000000E+00   1.00000000000E+00
                  10                   1   2.97298800000E+00   1.00000000000E+00
   1.00000000000E+00                  10                   1   3.02296700000E+00
   1.00000000000E+00   1.00000000000E+00                  10                   1
   3.07294600000E+00   1.00000000000E+00   1.00000000000E+00                  10
                   1   3.12292500000E+00   1.00000000000E+00   1.00000000000E+00
                  10                   1   3.17290400000E+00   1.00000000000E+00
   1.00000000000E+00                  10                   1   3.22288300000E+00
   1.00000000000E+00   1.00000000000E+00                  10                   1
   3.32284200000E+00   1.00000000000E+00   1.00000000000E+00                  10
                   1   3.42280000000E+00   1.00000000000E+00   1.00000000000E+00
                  10                   1   3.52275900000E+00   1.00000000000E+00
   1.00000000000E+00                  10                   1   3.62271700000E+00
   1.00000000000E+00   1.00000000000E+00                  10                   1
   3.72267500000E+00   1.00000000000E+00   1.00000000000E+00                  10
                   1   3.82263400000E+00   1.00000000000E+00   1.00000000000E+00
                  10                   1   3.92259200000E+00   1.00000000000E+00
   1.00000000000E+00                  10                   1   4.02255000000E+00
   1.00000000000E+00   1.00000000000E+00                  10                   1
   4.12250900000E+00   1.00000000000E+00   1.00000000000E+00                  10
                   1   4.22246700000E+00   1.00000000000E+00   1.00000000000E+00
                  10                   1   4.32242500000E+00   1.00000000000E+00
   1.00000000000E+00                  10                   1   4.42238400000E+00
   1.00000000000E+00   1.00000000000E+00                  10                   1
   4.52234200000E+00   1.00000000000E+00   1.00000000000E+00                  10
                   1   4.62230000000E+00   1.00000000000E+00   1.00000000000E+00
                  10                   1   4.72225900000E+00   1.00000000000E+00
   1.00000000000E+00                  10                   1   4.82221700000E+00
   1.00000000000E+00   1.00000000000E+00                  10                   1
   4.92217500000E+00   1.00000000000E+00   1.00000000000E+00                  10
                   1   5.02213400000E+00   1.00000000000E+00   1.00000000000E+00
                  10                   1   5.12209200000E+00   1.00000000000E+00
   1.00000000000E+00                  10                   1   5.22205000000E+00
   1.00000000000E+00   1.00000000000E+00                  10                   1
   5.32200900000E+00   1.00000000000E+00   1.00000000000E+00                  10
                   1   5.42196700000E+00   1.00000000000E+00   1.00000000000E+00
                  10                   1   5.52192500000E+00   1.00000000000E+00
   1.00000000000E+00                  10                   1   5.62188400000E+00
   1.00000000000E+00   1.00000000000E+00                  10                   1
   5.72184200000E+00   1.00000000000E+00   1.00000000000E+00                  10
                   1   5.97173800000E+00   1.00000000000E+00   1.00000000000E+00
                  10                   1   6.22163400000E+00   1.00000000000E+00
   1.00000000000E+00                  10                   1   6.47153000000E+00
   1.00000000000E+00   1.00000000000E+00                  10                   1
   6.72142600000E+00   1.00000000000E+00   1.00000000000E+00                  10
                   1   6.97132200000E+00   1.00000000000E+00   1.00000000000E+00
                  10                   1   7.22121700000E+00   1.00000000000E+00
   1.00000000000E+00                  10                   1   7.47111300000E+00
   1.00000000000E+00   1.00000000000E+00                  10                   1
   7.72100900000E+00   1.00000000000E+00   1.00000000000E+00                  10
                   1   7.97090500000E+00   1.00000000000E+00   1.00000000000E+00
                  10                   1   8.22080100000E+00   1.00000000000E+00
   1.00000000000E+00                  10                   1   8.47069700000E+00
   1.00000000000E+00   1.00000000000E+00                  10                   1
   8.72059300000E+00   1.00000000000E+00   1.00000000000E+00                  10
                   1   8.97048800000E+00   1.00000000000E+00   1.00000000000E+00
                  10                   1   9.22038400000E+00   1.00000000000E+00
   1.00000000000E+00                  10                   1   9.47028000000E+00
   1.00000000000E+00   1.00000000000E+00                  10                   1
   9.72017600000E+00   1.00000000000E+00   1.00000000000E+00                  10
                   1   9.97007200000E+00   1.00000000000E+00   1.00000000000E+00
                  10                   1   1.02199700000E+01   1.00000000000E+00
   1.00000000000E+00                  10                   1   1.04698600000E+01
   1.00000000000E+00   1.00000000000E+00                  10                   1
   1.07197600000E+01   1.00000000000E+00   1.00000000000E+00                  10
                   1   1.09696600000E+01   1.00000000000E+00   1.00000000000E+00
                  10                   1   1.12195500000E+01   1.00000000000E+00
   1.00000000000E+00                  10                   1   1.14694500000E+01
   1.00000000000E+00   1.00000000000E+00                  10                   1
   1.17193400000E+01   1.00000000000E+00   1.00000000000E+00                  10
                   1   1.19692400000E+01   1.00000000000E+00   1.00000000000E+00
                  10                   1   1.22191300000E+01   1.00000000000E+00
   1.00000000000E+00                   1                 102                  31
                   1                8304                9568                9569
                9570                9571                9579                9580
                9607                9608                9619                   1
                 631   1.67298900000E+01   1.64744600000E+01   1.62303800000E+01
   1.59968300000E+01   1.57730900000E+01   1.55584800000E+01   1.53524000000E+01
   1.51543000000E+01   1.49636700000E+01   1.47800600000E+01   1.46030500000E+01
   1.44322400000E+01   1.42673000000E+01   1.39536900000E+01   1.36599000000E+01
   1.33839100000E+01   1.31240100000E+01   1.28786800000E+01   1.26466100000E+01
   1.24266500000E+01   1.22177800000E+01   1.20191100000E+01   1.18298200000E+01
   1.15619400000E+01   1.13114700000E+01   1.10766000000E+01   1.08557900000E+01
   1.06476700000E+01   1.04510800000E+01   1.02649900000E+01   1.00885000000E+01
   9.92081600000E+00   9.76122100000E+00   9.60908900000E+00   9.46385500000E+00
   9.32501300000E+00   9.19210800000E+00   9.06472900000E+00   8.94250200000E+00
   8.82509000000E+00   8.71218500000E+00   8.60350400000E+00   8.49879300000E+00
   8.39781300000E+00   8.30035000000E+00   8.11518900000E+00   7.94189100000E+00
   7.77924100000E+00   7.62619200000E+00   7.48183400000E+00   7.36760100000E+00
   7.25844500000E+00   7.15400200000E+00   7.05394100000E+00   6.95796500000E+00
   6.86580200000E+00   6.77720700000E+00   6.69195600000E+00   6.60984300000E+00
   6.53068000000E+00   6.45429500000E+00   6.38053000000E+00   6.24028100000E+00
   6.10889200000E+00   5.98546700000E+00   5.86923400000E+00   5.75951900000E+00
   5.65573500000E+00   5.55736700000E+00   5.46395900000E+00   5.37510800000E+00
   5.29045600000E+00   5.20968100000E+00   5.13249600000E+00   5.05864300000E+00
   4.98789000000E+00   4.92002400000E+00   4.85485500000E+00   4.79220900000E+00
   4.73192700000E+00   4.67386500000E+00   4.61788800000E+00   4.56387600000E+00
   4.51171600000E+00   4.41254500000E+00   4.31963900000E+00   4.23236500000E+00
   4.15017500000E+00   4.07259500000E+00   3.99920900000E+00   3.92965200000E+00
   3.86360300000E+00   3.80077600000E+00   3.74091700000E+00   3.65620600000E+00
   3.57700200000E+00   3.50273100000E+00   3.43290200000E+00   3.36709000000E+00
   3.30492200000E+00   3.24607600000E+00   3.19026600000E+00   3.13723800000E+00
   3.08677000000E+00   3.03866200000E+00   2.99273500000E+00   2.94883000000E+00
   2.90680100000E+00   2.86652100000E+00   2.82786900000E+00   2.79074000000E+00
   2.75503600000E+00   2.72066800000E+00   2.68755600000E+00   2.65562300000E+00
   2.62480200000E+00   2.56624900000E+00   2.51144700000E+00   2.46001300000E+00
   2.41161500000E+00   2.36596500000E+00   2.32984100000E+00   2.29532300000E+00
   2.26229500000E+00   2.23065300000E+00   2.20030200000E+00   2.17115800000E+00
   2.14314200000E+00   2.11618300000E+00   2.09021700000E+00   2.06518300000E+00
   2.04102800000E+00   2.01770100000E+00   1.97335100000E+00   1.93180200000E+00
   1.89277200000E+00   1.85601500000E+00   1.82132000000E+00   1.78850100000E+00
   1.75739400000E+00   1.72785600000E+00   1.69975900000E+00   1.67299000000E+00
   1.64744600000E+00   1.62303800000E+00   1.59968400000E+00   1.57731000000E+00
   1.55584900000E+00   1.53524100000E+00   1.51543000000E+00   1.49636700000E+00
   1.47800600000E+00   1.46030500000E+00   1.44322500000E+00   1.42673000000E+00
   1.39537000000E+00   1.36599000000E+00   1.33839200000E+00   1.31240100000E+00
   1.28786800000E+00   1.26466100000E+00   1.24266500000E+00   1.22177900000E+00
   1.20191100000E+00   1.18298200000E+00   1.15619400000E+00   1.13114700000E+00
   1.10766100000E+00   1.08557900000E+00   1.06476700000E+00   1.04510800000E+00
   1.02650000000E+00   1.00885100000E+00   9.92082100000E-01   9.76122600000E-01
   9.60909400000E-01   9.46386000000E-01   9.32501800000E-01   9.19211300000E-01
   9.06473400000E-01   8.94250700000E-01   8.82509500000E-01   8.71218900000E-01
   8.60350900000E-01   8.49879700000E-01   8.39781800000E-01   8.30035400000E-01
   8.11519300000E-01   7.94189500000E-01   7.77924500000E-01   7.62619600000E-01
   7.48183900000E-01   7.36760500000E-01   7.25845000000E-01   7.15400600000E-01
   7.05394500000E-01   6.95796900000E-01   6.86580600000E-01   6.77721200000E-01
   6.69196000000E-01   6.60984700000E-01   6.53068500000E-01   6.45430000000E-01
   6.38053400000E-01   6.24028600000E-01   6.10889700000E-01   5.98547200000E-01
   5.86923800000E-01   5.75952300000E-01   5.65574000000E-01   5.55737100000E-01
   5.46396400000E-01   5.37511300000E-01   5.29046000000E-01   5.20968500000E-01
   5.13250000000E-01   5.05864800000E-01   4.98789400000E-01   4.92002900000E-01
   4.85486000000E-01   4.79221400000E-01   4.73193200000E-01   4.67387000000E-01
   4.61789300000E-01   4.56388100000E-01   4.51172100000E-01   4.41255000000E-01
   4.31964400000E-01   4.23237000000E-01   4.15018000000E-01   4.07260000000E-01
   3.99921400000E-01   3.92965700000E-01   3.86360800000E-01   3.80078100000E-01
   3.74092200000E-01   3.68046200000E-01   3.62284000000E-01   3.56784400000E-01
   3.51527800000E-01   3.46496900000E-01   3.41676000000E-01   3.37050900000E-01
   3.32608700000E-01   3.25249600000E-01   3.18358500000E-01   3.11887500000E-01
   3.05795800000E-01   3.00047600000E-01   2.94611800000E-01   2.89461200000E-01
   2.84571500000E-01   2.80680800000E-01   2.76945400000E-01   2.73355200000E-01
   2.69901200000E-01   2.66574900000E-01   2.63368600000E-01   2.60275300000E-01
   2.57288500000E-01   2.51610900000E-01   2.46293300000E-01   2.41299200000E-01
   2.36597100000E-01   2.32984800000E-01   2.29533000000E-01   2.26230200000E-01
   2.23066000000E-01   2.20030900000E-01   2.17116500000E-01   2.14314900000E-01
   2.11619100000E-01   2.09022400000E-01   2.06519100000E-01   2.04103600000E-01
   2.01770900000E-01   1.97335900000E-01   1.93181000000E-01   1.89278000000E-01
   1.85602400000E-01   1.82132900000E-01   1.78851000000E-01   1.75740400000E-01
   1.72786600000E-01   1.69976900000E-01   1.67300000000E-01   1.64745600000E-01
   1.62304900000E-01   1.59969500000E-01   1.57732100000E-01   1.55586000000E-01
   1.53525200000E-01   1.51544200000E-01   1.49637900000E-01   1.47801800000E-01
   1.46031700000E-01   1.44323700000E-01   1.42674300000E-01   1.39538300000E-01
   1.36600400000E-01   1.33840600000E-01   1.31241600000E-01   1.28788300000E-01
   1.26467700000E-01   1.24268100000E-01   1.22179500000E-01   1.20192800000E-01
   1.18300000000E-01   1.15621300000E-01   1.13116700000E-01   1.10768100000E-01
   1.08560000000E-01   1.06478900000E-01   1.04513100000E-01   1.02652300000E-01
   1.00887500000E-01   9.92107200000E-02   9.76148600000E-02   9.60936200000E-02
   9.46413700000E-02   9.32530400000E-02   9.19240700000E-02   9.06503600000E-02
   8.94281800000E-02   8.82541400000E-02   8.71251600000E-02   8.60384400000E-02
   8.49914000000E-02   8.39816800000E-02   8.30071200000E-02   8.11556500000E-02
   7.94228100000E-02   7.77964400000E-02   7.48226100000E-02   7.25888900000E-02
   7.05439900000E-02   6.86627300000E-02   6.69243800000E-02   6.38102600000E-02
   6.10939500000E-02   5.86973600000E-02   5.65623100000E-02   5.46444300000E-02
   5.29092300000E-02   5.13294500000E-02   4.98831900000E-02   4.85526500000E-02
   4.73231800000E-02   4.51207200000E-02   4.31996600000E-02   4.15047900000E-02
   3.99949300000E-02   3.86387000000E-02   3.74117000000E-02   3.57723800000E-02
   3.43313200000E-02   3.30515500000E-02   3.19050300000E-02   3.08700800000E-02
   2.99296600000E-02   2.90701600000E-02   2.82806200000E-02   2.68770200000E-02
   2.56636500000E-02   2.46012200000E-02   2.36607900000E-02   2.29543900000E-02
   2.23076300000E-02   2.17125200000E-02   2.11625500000E-02   2.01773000000E-02
   1.93181700000E-02   1.85605700000E-02   1.78859100000E-02   1.72798200000E-02
   1.67311600000E-02   1.62313900000E-02   1.57737300000E-02   1.53526600000E-02
   1.49635900000E-02   1.42667100000E-02   1.36590300000E-02   1.31233000000E-02
   1.26464400000E-02   1.22178500000E-02   1.18294900000E-02   1.13103000000E-02
   1.08541900000E-02   1.04494800000E-02   1.00874000000E-02   9.76048500000E-03
   9.46300300000E-03   9.19096900000E-03   8.94109600000E-03   8.49697600000E-03
   8.11308300000E-03   7.77698400000E-03   7.47986800000E-03   7.25664500000E-03
   7.05193200000E-03   6.86353000000E-03   6.68945700000E-03   6.37766900000E-03
   6.10576000000E-03   5.86591900000E-03   5.65286900000E-03   5.46144500000E-03
   5.28766600000E-03   5.12936900000E-03   4.98445100000E-03   4.85114900000E-03
   4.72799300000E-03   4.50741200000E-03   4.31505400000E-03   4.14537200000E-03
   3.99465700000E-03   3.85925800000E-03   3.73613300000E-03   3.57147400000E-03
   3.42689900000E-03   3.29853000000E-03   3.18383800000E-03   3.08031300000E-03
   2.98598000000E-03   2.89979600000E-03   2.82065000000E-03   2.67999700000E-03
   2.55844000000E-03   2.45201400000E-03   2.35791100000E-03   2.28695400000E-03
   2.22184900000E-03   2.16197600000E-03   2.10666900000E-03   2.00763600000E-03
   1.92130100000E-03   1.84516700000E-03   1.77747800000E-03   1.71669900000E-03
   1.66158900000E-03   1.61102500000E-03   1.56473000000E-03   1.52216600000E-03
   1.48285800000E-03   1.41249500000E-03   1.35118200000E-03   1.29713500000E-03
   1.24907700000E-03   1.20594200000E-03   1.16686500000E-03   1.13089000000E-03
   1.09796600000E-03   1.06770600000E-03   1.03977000000E-03   9.89790600000E-04
   9.46249300000E-04   9.07436900000E-04   8.72936500000E-04   8.41998900000E-04
   8.14014300000E-04   7.88287200000E-04   7.64765700000E-04   7.43163200000E-04
   7.23225000000E-04   7.04555400000E-04   6.87195200000E-04   6.71006900000E-04
   6.55858100000E-04   6.41500300000E-04   6.27994900000E-04   6.15267900000E-04
   6.03256000000E-04   5.80868400000E-04   5.60654700000E-04   5.42120900000E-04
   5.25199300000E-04   5.09525700000E-04   4.95117000000E-04   4.82860500000E-04
   4.70665900000E-04   4.58471200000E-04   4.46357500000E-04   4.36733400000E-04
   4.27189400000E-04   4.17645400000E-04   4.08160700000E-04   3.92620700000E-04
   3.77185100000E-04   3.64247500000E-04   3.51391300000E-04   3.40397900000E-04
   3.29469600000E-04   3.19975300000E-04   3.10534500000E-04   3.02226000000E-04
   2.93962400000E-04   2.86611900000E-04   2.79299500000E-04   2.72736700000E-04
   2.66206500000E-04   2.54431800000E-04   2.41933700000E-04   2.29482100000E-04
   2.19387100000E-04   2.09336200000E-04   2.00982000000E-04   1.92662400000E-04
   1.85613500000E-04   1.78592300000E-04   1.72552500000E-04   1.66535500000E-04
   1.61295200000E-04   1.56073900000E-04   1.51479900000E-04   1.46902000000E-04
   1.42839100000E-04   1.38790200000E-04   1.31562200000E-04   1.25079800000E-04
   1.19233200000E-04   1.13933600000E-04   1.09108500000E-04   1.04699300000E-04
   1.00809900000E-04   9.69303900000E-05   9.36156000000E-05   9.03105300000E-05
   8.74571700000E-05   8.46119600000E-05   8.21339200000E-05   7.96628200000E-05
   7.53316500000E-05   7.15161300000E-05   6.81352700000E-05   6.51241500000E-05
   6.24300800000E-05   6.00104400000E-05   5.79302100000E-05   5.58544900000E-05
   5.41416500000E-05   5.24331500000E-05   5.10086000000E-05   4.95876400000E-05
   4.83926100000E-05   4.72005600000E-05   4.51836400000E-05   4.34693100000E-05
   4.20050100000E-05   4.07492400000E-05   3.96688600000E-05   3.87370800000E-05
   3.79320700000E-05   3.72357900000E-05   3.66333100000E-05   3.61121300000E-05
   3.56618900000E-05   3.52254200000E-05   3.47900200000E-05   3.44944000000E-05
   3.41998100000E-05   3.40078900000E-05   3.38167500000E-05   3.37019400000E-05
   3.35877400000E-05   3.34741300000E-05   3.34473000000E-05   3.34856800000E-05
   3.35728000000E-05   3.36959500000E-05   3.38452600000E-05   3.41928800000E-05
   3.45711800000E-05   3.49523900000E-05   3.53192000000E-05   3.56611500000E-05
   3.59722400000E-05   3.62495400000E-05   3.64921000000E-05   3.67002800000E-05
   3.68753200000E-05   3.71335900000E-05   3.72840900000E-05   3.73449900000E-05
   3.73333300000E-05   3.72641700000E-05   3.71503200000E-05   3.70024400000E-05
   3.68292700000E-05   3.66378300000E-05   3.64337900000E-05   3.62216100000E-05
   3.60048200000E-05   3.57861300000E-05   3.55676900000E-05   3.53510900000E-05
   3.51375600000E-05   3.49279700000E-05   3.47229700000E-05   3.45230000000E-05
   3.43283400000E-05   3.41391300000E-05   3.39554500000E-05   3.37772500000E-05
   3.36045000000E-05   3.34370700000E-05   3.30407000000E-05   3.26737500000E-05
   3.23330700000E-05   3.20154500000E-05   3.17178700000E-05   3.14375400000E-05
   3.11719200000E-05   3.09187700000E-05   3.06760900000E-05   3.04421400000E-05
   3.02154000000E-05   2.99945500000E-05   2.97784500000E-05   2.95661100000E-05
   2.93567000000E-05   2.91495100000E-05   2.89439300000E-05   2.87394600000E-05
   2.85356900000E-05   2.83322700000E-05   2.81289400000E-05   2.79254800000E-05
   2.77217400000E-05   2.75176100000E-05   2.73130100000E-05   2.71079200000E-05
   0.00000000000E+00   0.00000000000E+00   0.00000000000E+00   0.00000000000E+00
   0.00000000000E+00   0.00000000000E+00   0.00000000000E+00   0.00000000000E+00
   0.00000000000E+00   0.00000000000E+00   0.00000000000E+00   0.00000000000E+00
   0.00000000000E+00   0.00000000000E+00   0.00000000000E+00   0.00000000000E+00
   0.00000000000E+00   0.00000000000E+00   0.00000000000E+00   0.00000000000E+00
   0.00000000000E+00   0.00000000000E+00   0.00000000000E+00   0.00000000000E+00
   0.00000000000E+00   0.00000000000E+00   0.00000000000E+00   0.00000000000E+00
   0.00000000000E+00   0.00000000000E+00   0.00000000000E+00   0.00000000000E+00
   0.00000000000E+00   0.00000000000E+00   0.00000000000E+00   0.00000000000E+00
   0.00000000000E+00   0.00000000000E+00   0.00000000000E+00   0.00000000000E+00
   0.00000000000E+00   0.00000000000E+00   0.00000000000E+00   0.00000000000E+00
   0.00000000000E+00   0.00000000000E+00   0.00000000000E+00   0.00000000000E+00
   0.00000000000E+00   0.00000000000E+00   0.00000000000E+00   0.00000000000E+00
   0.00000000000E+00   0.00000000000E+00   0.00000000000E+00   0.00000000000E+00
   0.00000000000E+00   0.00000000000E+00   0.00000000000E+00   0.00000000000E+00
   0.00000000000E+00   0.00000000000E+00   0.00000000000E+00   0.00000000000E+00
   0.00000000000E+00   0.00000000000E+00   0.00000000000E+00   0.00000000000E+00
   0.00000000000E+00   0.00000000000E+00   0.00000000000E+00   0.00000000000E+00
   0.00000000000E+00   0.00000000000E+00   0.00000000000E+00   0.00000000000E+00
   0.00000000000E+00   0.00000000000E+00   0.00000000000E+00   0.00000000000E+00
   0.00000000000E+00   0.00000000000E+00   0.00000000000E+00   0.00000000000E+00
   0.00000000000E+00   0.00000000000E+00   0.00000000000E+00   0.00000000000E+00
   0.00000000000E+00   0.00000000000E+00   0.00000000000E+00   0.00000000000E+00
   0.00000000000E+00   0.00000000000E+00   0.00000000000E+00   0.00000000000E+00
   0.00000000000E+00   0.00000000000E+00   0.00000000000E+00   0.00000000000E+00
   0.00000000000E+00   0.00000000000E+00   0.00000000000E+00   0.00000000000E+00
   0.00000000000E+00   0.00000000000E+00   0.00000000000E+00   0.00000000000E+00
   0.00000000000E+00   0.00000000000E+00   0.00000000000E+00   0.00000000000E+00
   0.00000000000E+00   0.00000000000E+00   0.00000000000E+00   0.00000000000E+00
   0.00000000000E+00   0.00000000000E+00   0.00000000000E+00   0.00000000000E+00
   0.00000000000E+00   0.00000000000E+00   0.00000000000E+00   0.00000000000E+00
   0.00000000000E+00   0.00000000000E+00   0.00000000000E+00   0.00000000000E+00
   0.00000000000E+00   0.00000000000E+00   0.00000000000E+00   0.00000000000E+00
   0.00000000000E+00   0.00000000000E+00   0.00000000000E+00   0.00000000000E+00
   0.00000000000E+00   0.00000000000E+00   0.00000000000E+00   0.00000000000E+00
   0.00000000000E+00   0.00000000000E+00   0.00000000000E+00   0.00000000000E+00
   0.00000000000E+00   0.00000000000E+00   0.00000000000E+00   0.00000000000E+00
   0.00000000000E+00   0.00000000000E+00   0.00000000000E+00   0.00000000000E+00
   0.00000000000E+00   0.00000000000E+00   0.00000000000E+00   0.00000000000E+00
   0.00000000000E+00   0.00000000000E+00   0.00000000000E+00   0.00000000000E+00
   0.00000000000E+00   0.00000000000E+00   0.00000000000E+00   0.00000000000E+00
   0.00000000000E+00   0.00000000000E+00   0.00000000000E+00   0.00000000000E+00
   0.00000000000E+00   0.00000000000E+00   0.00000000000E+00   0.00000000000E+00
   0.00000000000E+00   0.00000000000E+00   0.00000000000E+00   0.00000000000E+00
   0.00000000000E+00   0.00000000000E+00   0.00000000000E+00   0.00000000000E+00
   0.00000000000E+00   0.00000000000E+00   0.00000000000E+00   0.00000000000E+00
   0.00000000000E+00   0.00000000000E+00   0.00000000000E+00   0.00000000000E+00
   0.00000000000E+00   0.00000000000E+00   0.00000000000E+00   0.00000000000E+00
   0.00000000000E+00   0.00000000000E+00   0.00000000000E+00   0.00000000000E+00
   0.00000000000E+00   0.00000000000E+00   0.00000000000E+00   0.00000000000E+00
   0.00000000000E+00   0.00000000000E+00   0.00000000000E+00   0.00000000000E+00
   0.00000000000E+00   0.00000000000E+00   0.00000000000E+00   0.00000000000E+00
   0.00000000000E+00   0.00000000000E+00   0.00000000000E+00   0.00000000000E+00
   0.00000000000E+00   0.00000000000E+00   0.00000000000E+00   0.00000000000E+00
   0.00000000000E+00   0.00000000000E+00   0.00000000000E+00   0.00000000000E+00
   0.00000000000E+00   0.00000000000E+00   0.00000000000E+00   0.00000000000E+00
   0.00000000000E+00   0.00000000000E+00   0.00000000000E+00   0.00000000000E+00
   0.00000000000E+00   0.00000000000E+00   0.00000000000E+00   0.00000000000E+00
   0.00000000000E+00   0.00000000000E+00   0.00000000000E+00   0.00000000000E+00
   0.00000000000E+00   0.00000000000E+00   0.00000000000E+00   0.00000000000E+00
   0.00000000000E+00   0.00000000000E+00   1.00930000000E-10   1.03337700000E-10
   1.07512900000E-10   1.11647400000E-10   1.15742200000E-10   1.19798000000E-10
   1.23815600000E-10   1.27795700000E-10   1.31739100000E-10   1.35646400000E-10
   1.38875600000E-10   1.42080600000E-10   1.45261800000E-10   1.48419600000E-10
   1.51554500000E-10   1.54666600000E-10   1.57756400000E-10   1.60824300000E-10
   1.66895500000E-10   1.72882900000E-10   1.78788700000E-10   1.84615500000E-10
   1.89277300000E-10   1.93890000000E-10   1.98454500000E-10   2.02972300000E-10
   2.07444100000E-10   2.11871200000E-10   2.16254500000E-10   2.20594900000E-10
   2.24893400000E-10   2.29150900000E-10   2.33368300000E-10   2.37546500000E-10
   2.45788200000E-10   2.53882600000E-10   2.61835500000E-10   2.69652600000E-10
   2.77339200000E-10   2.84900300000E-10   2.92340800000E-10   2.99665100000E-10
   3.06877400000E-10   3.13981800000E-10   3.20981800000E-10   3.27881900000E-10
   3.34684700000E-10   3.41393900000E-10   3.48012400000E-10   3.54543300000E-10
   3.60989600000E-10   3.67353800000E-10   3.73638300000E-10   3.79846000000E-10
   3.85979000000E-10   3.92039700000E-10   4.03952000000E-10   4.15599300000E-10
   4.26996200000E-10   4.38156400000E-10   4.49092000000E-10   4.59815000000E-10
   4.70335700000E-10   4.80664300000E-10   4.90809800000E-10   5.00780600000E-10
   5.15426500000E-10   5.29721600000E-10   5.43688000000E-10   5.57345800000E-10
   5.70713000000E-10   5.83806300000E-10   5.96640800000E-10   6.09230400000E-10
   6.21587800000E-10   6.33724600000E-10   6.45652000000E-10   6.57379200000E-10
   6.68916300000E-10   6.80271400000E-10   6.91452500000E-10   7.02467300000E-10
   7.13322400000E-10   7.24024400000E-10   7.34579500000E-10   7.44993000000E-10
   7.55270900000E-10   7.65417700000E-10   7.85337000000E-10   8.04785700000E-10
   8.23795200000E-10   8.60603400000E-10   8.90155500000E-10   9.18788300000E-10
   9.46580200000E-10   9.73600400000E-10   1.02555800000E-09   1.07505900000E-09
   1.12241800000E-09   1.16788800000E-09   1.21167700000E-09   1.25395600000E-09
   1.29487100000E-09   1.33454500000E-09   1.37308300000E-09   1.41057900000E-09
   1.48275000000E-09   1.55159200000E-09   1.61752600000E-09   1.68089200000E-09
   1.74196500000E-09   1.80097800000E-09   1.88605700000E-09   1.96747700000E-09
   2.04567600000E-09   2.12100700000E-09   2.19375900000E-09   2.26417500000E-09
   2.33246400000E-09   2.39880900000E-09   2.52627800000E-09   2.64763500000E-09
   2.76369900000E-09   2.87510500000E-09   2.96475000000E-09   3.05175700000E-09
   3.13634200000E-09   3.21869400000E-09   3.37737800000E-09   3.52898000000E-09
   3.67441500000E-09   3.81437600000E-09   3.94938100000E-09   4.07985700000E-09
   4.20622900000E-09   4.32887400000E-09   4.44812600000E-09   4.56426300000E-09
   4.78811700000E-09   5.00201600000E-09   5.20729600000E-09   5.40497100000E-09
   5.59558700000E-09   5.77964200000E-09   6.04504600000E-09   6.29942000000E-09
   6.54413800000E-09   6.78037400000E-09   7.00863700000E-09   7.22939400000E-09
   7.44346100000E-09   7.65153200000E-09   8.05159700000E-09   8.43275500000E-09
   8.79752200000E-09   9.14828600000E-09   9.43060600000E-09   9.70426100000E-09
   9.97029600000E-09   1.02294300000E-08   1.07289900000E-08   1.12063600000E-08
   1.16643200000E-08   1.21062800000E-08   1.25327000000E-08   1.29437500000E-08
   1.33419100000E-08   1.37284900000E-08   1.41045100000E-08   1.44708000000E-08
   1.51769900000E-08   1.58518800000E-08   1.64993300000E-08   1.71242600000E-08
   1.77273100000E-08   1.83076600000E-08   1.91442600000E-08   1.99466100000E-08
   2.07180400000E-08   2.14638400000E-08   2.21847800000E-08   2.28811300000E-08
   2.35570800000E-08   2.42143400000E-08   2.54785700000E-08   2.66836800000E-08
   2.78373600000E-08   2.89468900000E-08   2.98368200000E-08   3.06990400000E-08
   3.15379500000E-08   3.23553700000E-08   3.39319900000E-08   3.54396200000E-08
   3.68868900000E-08   3.82829800000E-08   3.96313700000E-08   4.09333200000E-08
   4.21854400000E-08   4.34011400000E-08   4.45843400000E-08   4.57376500000E-08
   4.79633000000E-08   5.00932700000E-08   5.21396300000E-08   5.41142600000E-08
   5.60231200000E-08   5.78689000000E-08   5.96382000000E-08   6.13574300000E-08
   6.30320800000E-08   6.46657600000E-08   6.78227600000E-08   7.08482500000E-08
   7.37218500000E-08   7.64965900000E-08   7.91826800000E-08   8.17854000000E-08
   8.42840600000E-08   8.67165200000E-08   8.90899400000E-08   9.14081400000E-08
   9.36479500000E-08   9.58406200000E-08   9.79909400000E-08   1.00100700000E-07
   1.02147900000E-07   1.04159700000E-07   1.06139400000E-07   1.08090400000E-07
   1.11858700000E-07   1.15521500000E-07   1.19048800000E-07   1.22493200000E-07
   1.25822200000E-07   1.29092200000E-07   1.32588400000E-07   1.35801900000E-07
   1.38714000000E-07   1.41347100000E-07   1.44488100000E-07   1.47419500000E-07
   1.50114300000E-07   1.52592100000E-07   1.58185400000E-07   1.63048900000E-07
   1.68259700000E-07   1.72862600000E-07   1.77759200000E-07   1.82138800000E-07
   1.86771600000E-07   1.90957500000E-07   1.95364800000E-07   1.99380700000E-07
   2.03593100000E-07   2.07458400000E-07   2.11499800000E-07   2.15230900000E-07
   2.22738100000E-07   2.32396400000E-07   2.40480700000E-07   2.49384600000E-07
   2.57013400000E-07   2.65331000000E-07   2.72582300000E-07   2.80425600000E-07
   2.87359500000E-07   2.94811900000E-07   3.01477100000E-07   3.08602000000E-07
   3.15037000000E-07   3.21885500000E-07   3.28122700000E-07   3.34734900000E-07
   3.40801600000E-07   3.53129400000E-07   3.65154200000E-07   3.76915300000E-07
   3.88448700000E-07   3.99784500000E-07   4.10953000000E-07   4.22483500000E-07
   4.32866000000E-07   4.44095500000E-07   4.54340300000E-07   4.65354000000E-07
   4.75512200000E-07   4.86373700000E-07   4.96487800000E-07   5.17357500000E-07
   5.38197100000E-07   5.59071100000E-07   5.80038200000E-07   6.01146600000E-07
   6.22444700000E-07   6.44706600000E-07   6.65744800000E-07   6.88444900000E-07
   7.10195900000E-07   7.33470400000E-07   7.56017000000E-07   7.79972300000E-07
   8.03383800000E-07   8.52441500000E-07   9.03312100000E-07   9.56098900000E-07
   1.01088900000E-06   1.06775500000E-06   1.12676100000E-06   1.18796100000E-06
   1.25139900000E-06   1.31711400000E-06   1.38513700000E-06   1.45549600000E-06
   1.54720100000E-06   1.64173400000E-06   1.74066600000E-06   1.84290700000E-06
   1.94916800000E-06   2.05910800000E-06   2.17273300000E-06   2.29032900000E-06
   2.53647300000E-06   2.79738400000E-06   3.07284900000E-06   3.36261600000E-06
   3.66639600000E-06   3.98387300000E-06   4.65860200000E-06   5.38402600000E-06
   6.15726000000E-06   6.97543700000E-06   7.83578500000E-06   8.73565600000E-06
   9.67259400000E-06   1.06443300000E-05   1.16487800000E-05   1.26840500000E-05
   1.48407200000E-05   1.71032500000E-05   1.94631700000E-05   2.19142500000E-05
   2.44520600000E-05   2.70736000000E-05   2.97769800000E-05   3.25611600000E-05
   3.54256900000E-05   3.83706800000E-05   4.13964700000E-05   4.45037200000E-05
   4.76931900000E-05   5.09658000000E-05   5.43224900000E-05   5.77642500000E-05
   6.12920300000E-05   6.49069200000E-05   6.86097000000E-05   7.24013800000E-05
   7.62828200000E-05   8.02548500000E-05   8.43183000000E-05   8.84737300000E-05
   9.27218200000E-05   1.03751400000E-04   1.15371500000E-04   1.27588200000E-04
   1.40404900000E-04   1.53823100000E-04   1.67843000000E-04   1.82462600000E-04
   1.97678300000E-04   2.13485300000E-04   2.29877000000E-04   2.46845900000E-04
   2.64383100000E-04   2.82478800000E-04   3.01121900000E-04   3.20301000000E-04
   3.40003500000E-04   3.60216500000E-04   3.80926300000E-04   4.02119200000E-04
   4.23780900000E-04   4.45897000000E-04   4.68453100000E-04   4.91434800000E-04
   5.14828100000E-04   5.38618800000E-04   5.62793500000E-04                 102
                   1                   1                  12                 102
                   0                   2   1.00000000000E-11   2.00000000000E+01
   1.00000000000E+00   1.00000000000E+00                   1                   2
   1.00000000000E-11   2.00000000000E+01                  -6                 -17
                   2                   3  -1.00000000000E+00   9.90000000000E-01
   1.00000000000E+00   0.00000000000E+00   0.00000000000E+00   2.00000000000E+02
   0.00000000000E+00   0.00000000000E+00   1.00000000000E+00                   2
                   3  -1.00000000000E+00   9.90000000000E-01   1.00000000000E+00
   0.00000000000E+00   0.00000000000E+00   2.00000000000E+02   0.00000000000E+00
   0.00000000000E+00   1.00000000000E+00                   1                   0
                  33                  10                   0                   2
   1.00000000000E-11   2.00000000000E+01   1.00000000000E+00   1.00000000000E+00
  -4.45115000000E+00   4.99791700000E-01                   1                 102
